#
# There is insufficient memory for the Java Runtime Environment to continue.
# Native memory allocation (mmap) failed to map 65536 bytes. Error detail: Failed to commit metaspace.
# Possible reasons:
#   The system is out of physical RAM or swap space
#   This process is running with CompressedOops enabled, and the Java Heap may be blocking the growth of the native heap
# Possible solutions:
#   Reduce memory load on the system
#   Increase physical memory or swap space
#   Check if swap backing store is full
#   Decrease Java heap size (-Xmx/-Xms)
#   Decrease number of Java threads
#   Decrease Java thread stack sizes (-Xss)
#   Set larger code cache with -XX:ReservedCodeCacheSize=
#   JVM is running with Unscaled Compressed Oops mode in which the Java heap is
#     placed in the first 4GB address space. The Java Heap base address is the
#     maximum limit for the native heap growth. Please use -XX:HeapBaseMinAddress
#     to set the Java Heap base and to place the Java Heap above 4GB virtual address.
# This output file may be truncated or incomplete.
#
#  Out of Memory Error (virtualSpaceNode.cpp:113), pid=6276, tid=9628
#
# JRE version: OpenJDK Runtime Environment Temurin-21.0.9+10 (21.0.9+10) (build 21.0.9+10-LTS)
# Java VM: OpenJDK 64-Bit Server VM Temurin-21.0.9+10 (21.0.9+10-LTS, mixed mode, sharing, tiered, compressed oops, compressed class ptrs, g1 gc, windows-amd64)
# No core dump will be written. Minidumps are not enabled by default on client versions of Windows
#

---------------  S U M M A R Y ------------

Command Line: -Dorg.gradle.internal.worker.tmpdir=C:\Users\Anonymous\Documents\Exam\PROG4\hei_graduate\build\tmp\test\work -Dorg.gradle.native=false -javaagent:C:\Users\Anonymous\Documents\Exam\PROG4\hei_graduate\build\tmp\.cache\expanded\zip_cde35f471dab581134460fc9a50e2c59\jacocoagent.jar=destfile=build/jacoco/test.exec,append=true,inclnolocationclasses=false,dumponexit=true,output=file,jmx=false -Xmx512m -Dfile.encoding=UTF-8 -Duser.country=FR -Duser.language=fr -Duser.variant -ea worker.org.gradle.process.internal.worker.GradleWorkerMain 'Gradle Test Executor 9'

Host: Intel(R) Core(TM) i5-8350U CPU @ 1.70GHz, 8 cores, 7G,  Windows 11 , 64 bit Build 26100 (10.0.26100.9168)
Time: Thu Aug 20 22:04:14 2026 elapsed time: 130.722318 seconds (0d 0h 2m 10s)

---------------  T H R E A D  ---------------

Current thread (0x000001e9b9a47180):  JavaThread "Test worker"        [_thread_in_vm, id=9628, stack(0x000000df2f500000,0x000000df2f600000) (1024K)]

Stack: [0x000000df2f500000,0x000000df2f600000]
Native frames: (J=compiled Java code, j=interpreted, Vv=VM code, C=native code)
V  [jvm.dll+0x6d6e29]
V  [jvm.dll+0x8b4b76]
V  [jvm.dll+0x8b712e]
V  [jvm.dll+0x8b7813]
V  [jvm.dll+0x283d86]
V  [jvm.dll+0x8b08be]
V  [jvm.dll+0x678824]
V  [jvm.dll+0x1e80ab]
V  [jvm.dll+0x1e7e6e]
V  [jvm.dll+0x67b122]
V  [jvm.dll+0x67af52]
V  [jvm.dll+0x6791fe]
V  [jvm.dll+0x26f006]
V  [jvm.dll+0x219d5f]
V  [jvm.dll+0x20f44e]
V  [jvm.dll+0x5b5a0f]
V  [jvm.dll+0x82e05d]
V  [jvm.dll+0x478bae]
V  [jvm.dll+0x48bf16]
C  [java.dll+0x1657]

Java frames: (J=compiled Java code, j=interpreted, Vv=VM code)
J 1947  java.lang.ClassLoader.defineClass0(Ljava/lang/ClassLoader;Ljava/lang/Class;Ljava/lang/String;[BIILjava/security/ProtectionDomain;ZILjava/lang/Object;)Ljava/lang/Class; java.base@21.0.9 (0 bytes) @ 0x000001e9c9cbf63c [0x000001e9c9cbf540+0x00000000000000fc]
J 2624 c1 java.lang.System$2.defineClass(Ljava/lang/ClassLoader;Ljava/lang/Class;Ljava/lang/String;[BLjava/security/ProtectionDomain;ZILjava/lang/Object;)Ljava/lang/Class; java.base@21.0.9 (21 bytes) @ 0x000001e9c268ea74 [0x000001e9c268e9c0+0x00000000000000b4]
J 2389 c1 java.lang.invoke.MethodHandles$Lookup$ClassDefiner.defineClass(ZLjava/lang/Object;)Ljava/lang/Class; java.base@21.0.9 (213 bytes) @ 0x000001e9c2600dfc [0x000001e9c26008a0+0x000000000000055c]
J 7169 c1 java.lang.invoke.InvokerBytecodeGenerator.loadMethod([B)Ljava/lang/invoke/MemberName; java.base@21.0.9 (39 bytes) @ 0x000001e9c2e7058c [0x000001e9c2e70400+0x000000000000018c]
J 3196 c1 java.lang.invoke.InvokerBytecodeGenerator.generateCustomizedCode(Ljava/lang/invoke/LambdaForm;Ljava/lang/invoke/MethodType;)Ljava/lang/invoke/MemberName; java.base@21.0.9 (34 bytes) @ 0x000001e9c27cf7b4 [0x000001e9c27cf600+0x00000000000001b4]
J 5566 c1 java.lang.invoke.LambdaForm.compileToBytecode()V java.base@21.0.9 (164 bytes) @ 0x000001e9c2167a74 [0x000001e9c2167880+0x00000000000001f4]
J 11317 c2 java.lang.invoke.BoundMethodHandle.<init>(Ljava/lang/invoke/MethodType;Ljava/lang/invoke/LambdaForm;)V java.base@21.0.9 (32 bytes) @ 0x000001e9ca241a08 [0x000001e9ca2418c0+0x0000000000000148]
J 4962 c1 java.lang.invoke.BoundMethodHandle$Species_LLL.make(Ljava/lang/invoke/MethodType;Ljava/lang/invoke/LambdaForm;Ljava/lang/Object;Ljava/lang/Object;Ljava/lang/Object;)Ljava/lang/invoke/BoundMethodHandle; java.base@21.0.9 (14 bytes) @ 0x000001e9c2c3cafc [0x000001e9c2c3c9e0+0x000000000000011c]
J 5482 c1 java.lang.invoke.DirectMethodHandle$Holder.invokeStatic(Ljava/lang/Object;Ljava/lang/Object;Ljava/lang/Object;Ljava/lang/Object;Ljava/lang/Object;Ljava/lang/Object;)Ljava/lang/Object; java.base@21.0.9 (22 bytes) @ 0x000001e9c2d38744 [0x000001e9c2d38360+0x00000000000003e4]
J 4969 c1 java.lang.invoke.BoundMethodHandle$Species_LL.copyWithExtendL(Ljava/lang/invoke/MethodType;Ljava/lang/invoke/LambdaForm;Ljava/lang/Object;)Ljava/lang/invoke/BoundMethodHandle; java.base@21.0.9 (25 bytes) @ 0x000001e9c2c41994 [0x000001e9c2c41760+0x0000000000000234]
J 9156 c2 java.lang.invoke.MethodHandleImpl.makePairwiseConvertByEditor(Ljava/lang/invoke/MethodHandle;Ljava/lang/invoke/MethodType;ZZ)Ljava/lang/invoke/MethodHandle; java.base@21.0.9 (617 bytes) @ 0x000001e9ca126108 [0x000001e9ca125200+0x0000000000000f08]
J 11561 c2 java.lang.invoke.MethodHandle.asTypeUncached(Ljava/lang/invoke/MethodType;)Ljava/lang/invoke/MethodHandle; java.base@21.0.9 (54 bytes) @ 0x000001e9ca273e9c [0x000001e9ca273e20+0x000000000000007c]
J 8077 c1 jdk.internal.reflect.MethodHandleAccessorFactory.makeSpecializedTarget(Ljava/lang/invoke/MethodHandle;ZZ)Ljava/lang/invoke/MethodHandle; java.base@21.0.9 (97 bytes) @ 0x000001e9c22e518c [0x000001e9c22e47a0+0x00000000000009ec]
J 13527 c1 jdk.internal.reflect.MethodHandleAccessorFactory.getDirectMethod(Ljava/lang/reflect/Method;Z)Ljava/lang/invoke/MethodHandle; java.base@21.0.9 (83 bytes) @ 0x000001e9c35599fc [0x000001e9c35594e0+0x000000000000051c]
J 8066 c1 jdk.internal.reflect.MethodHandleAccessorFactory.newMethodAccessor(Ljava/lang/reflect/Method;Z)Ljdk/internal/reflect/MethodAccessorImpl; java.base@21.0.9 (61 bytes) @ 0x000001e9c2d15a24 [0x000001e9c2d15580+0x00000000000004a4]
J 8065 c1 jdk.internal.reflect.ReflectionFactory.newMethodAccessor(Ljava/lang/reflect/Method;Z)Ljdk/internal/reflect/MethodAccessor; java.base@21.0.9 (69 bytes) @ 0x000001e9c24e5ac4 [0x000001e9c24e5880+0x0000000000000244]
J 9740 c1 java.lang.reflect.Method.acquireMethodAccessor()Ljdk/internal/reflect/MethodAccessor; java.base@21.0.9 (55 bytes) @ 0x000001e9c267f27c [0x000001e9c267f120+0x000000000000015c]
J 12059 c2 java.lang.reflect.Method.invoke(Ljava/lang/Object;[Ljava/lang/Object;)Ljava/lang/Object; java.base@21.0.9 (108 bytes) @ 0x000001e9ca2bc478 [0x000001e9ca2bbf40+0x0000000000000538]
j  org.gradle.internal.dispatch.ReflectionDispatch.dispatch(Lorg/gradle/internal/dispatch/MethodInvocation;)V+34
j  org.gradle.internal.dispatch.ReflectionDispatch.dispatch(Ljava/lang/Object;)V+9
j  org.gradle.internal.actor.internal.DefaultActorFactory$BlockingActor.dispatch(Lorg/gradle/internal/dispatch/MethodInvocation;)V+49
j  org.gradle.internal.actor.internal.DefaultActorFactory$BlockingActor.dispatch(Ljava/lang/Object;)V+9
j  org.gradle.internal.dispatch.ProxyDispatchAdapter$DispatchingInvocationHandler.invoke(Ljava/lang/Object;Ljava/lang/reflect/Method;[Ljava/lang/Object;)Ljava/lang/Object;+288
j  jdk.proxy2.$Proxy6.failure(Ljava/lang/Object;Lorg/gradle/api/tasks/testing/TestFailure;)V+20 jdk.proxy2
j  org.gradle.api.internal.tasks.testing.junitplatform.JUnitPlatformTestExecutionListener.reportTestFailure(Lorg/junit/platform/launcher/TestIdentifier;Ljava/lang/Throwable;)V+31
j  org.gradle.api.internal.tasks.testing.junitplatform.JUnitPlatformTestExecutionListener.executionFinished(Lorg/junit/platform/launcher/TestIdentifier;Lorg/junit/platform/engine/TestExecutionResult;)V+109
j  org.junit.platform.launcher.core.CompositeTestExecutionListener.lambda$executionFinished$10(Lorg/junit/platform/launcher/TestIdentifier;Lorg/junit/platform/engine/TestExecutionResult;Lorg/junit/platform/launcher/TestExecutionListener;)V+8
j  org.junit.platform.launcher.core.CompositeTestExecutionListener$$Lambda+0x000001e9d6f68228.accept(Ljava/lang/Object;)V+12
j  org.junit.platform.launcher.core.CompositeTestExecutionListener.lambda$notifyEach$19(Ljava/util/function/Consumer;Ljava/util/function/Supplier;Lorg/junit/platform/launcher/TestExecutionListener;)V+7
j  org.junit.platform.launcher.core.CompositeTestExecutionListener$$Lambda+0x000001e9d6146460.accept(Ljava/lang/Object;)V+12
j  org.junit.platform.commons.util.CollectionUtils.forEachInReverseOrder(Ljava/util/List;Ljava/util/function/Consumer;)V+95
j  org.junit.platform.launcher.core.IterationOrder$2.forEach(Ljava/util/List;Ljava/util/function/Consumer;)V+7
j  org.junit.platform.launcher.core.CompositeTestExecutionListener.notifyEach(Ljava/util/List;Lorg/junit/platform/launcher/core/IterationOrder;Ljava/util/function/Consumer;Ljava/util/function/Supplier;)V+14
j  org.junit.platform.launcher.core.CompositeTestExecutionListener.executionFinished(Lorg/junit/platform/launcher/TestIdentifier;Lorg/junit/platform/engine/TestExecutionResult;)V+56
j  org.junit.platform.launcher.core.ExecutionListenerAdapter.executionFinished(Lorg/junit/platform/engine/TestDescriptor;Lorg/junit/platform/engine/TestExecutionResult;)V+15
j  org.junit.platform.launcher.core.CompositeEngineExecutionListener.lambda$executionFinished$6(Lorg/junit/platform/engine/TestDescriptor;Lorg/junit/platform/engine/TestExecutionResult;Lorg/junit/platform/engine/EngineExecutionListener;)V+8
j  org.junit.platform.launcher.core.CompositeEngineExecutionListener$$Lambda+0x000001e9d6f677e0.accept(Ljava/lang/Object;)V+12
j  org.junit.platform.launcher.core.CompositeEngineExecutionListener.lambda$notifyEach$11(Ljava/util/function/Consumer;Ljava/util/function/Supplier;Lorg/junit/platform/engine/EngineExecutionListener;)V+7
j  org.junit.platform.launcher.core.CompositeEngineExecutionListener$$Lambda+0x000001e9d61535b8.accept(Ljava/lang/Object;)V+12
j  org.junit.platform.commons.util.CollectionUtils.forEachInReverseOrder(Ljava/util/List;Ljava/util/function/Consumer;)V+95
j  org.junit.platform.launcher.core.IterationOrder$2.forEach(Ljava/util/List;Ljava/util/function/Consumer;)V+7
j  org.junit.platform.launcher.core.CompositeEngineExecutionListener.notifyEach(Ljava/util/List;Lorg/junit/platform/launcher/core/IterationOrder;Ljava/util/function/Consumer;Ljava/util/function/Supplier;)V+14
j  org.junit.platform.launcher.core.CompositeEngineExecutionListener.executionFinished(Lorg/junit/platform/engine/TestDescriptor;Lorg/junit/platform/engine/TestExecutionResult;)V+26
j  org.junit.platform.launcher.core.DelegatingEngineExecutionListener.executionFinished(Lorg/junit/platform/engine/TestDescriptor;Lorg/junit/platform/engine/TestExecutionResult;)V+11
j  org.junit.platform.launcher.core.StackTracePruningEngineExecutionListener.executionFinished(Lorg/junit/platform/engine/TestDescriptor;Lorg/junit/platform/engine/TestExecutionResult;)V+81
j  org.junit.platform.launcher.core.DelegatingEngineExecutionListener.executionFinished(Lorg/junit/platform/engine/TestDescriptor;Lorg/junit/platform/engine/TestExecutionResult;)V+11
j  org.junit.platform.launcher.core.OutcomeDelayingEngineExecutionListener.executionFinished(Lorg/junit/platform/engine/TestDescriptor;Lorg/junit/platform/engine/TestExecutionResult;)V+37
j  org.junit.platform.engine.support.hierarchical.NodeTestTask.reportCompletion()V+272
j  org.junit.platform.engine.support.hierarchical.NodeTestTask.execute()V+146
j  org.junit.platform.engine.support.hierarchical.SameThreadHierarchicalTestExecutorService$$Lambda+0x000001e9d6157a30.accept(Ljava/lang/Object;)V+4
j  java.util.ArrayList.forEach(Ljava/util/function/Consumer;)V+46 java.base@21.0.9
j  org.junit.platform.engine.support.hierarchical.SameThreadHierarchicalTestExecutorService.invokeAll(Ljava/util/List;)V+10
j  org.junit.platform.engine.support.hierarchical.NodeTestTask.lambda$executeRecursively$6()V+170
j  org.junit.platform.engine.support.hierarchical.NodeTestTask$$Lambda+0x000001e9d6156f18.execute()V+4
j  org.junit.platform.engine.support.hierarchical.ThrowableCollector.execute(Lorg/junit/platform/engine/support/hierarchical/ThrowableCollector$Executable;)V+5
j  org.junit.platform.engine.support.hierarchical.NodeTestTask.lambda$executeRecursively$8(Lorg/junit/platform/engine/support/hierarchical/EngineExecutionContext;)V+24
j  org.junit.platform.engine.support.hierarchical.NodeTestTask$$Lambda+0x000001e9d6156cf0.invoke(Lorg/junit/platform/engine/support/hierarchical/EngineExecutionContext;)V+5
j  org.junit.platform.engine.support.hierarchical.Node.around(Lorg/junit/platform/engine/support/hierarchical/EngineExecutionContext;Lorg/junit/platform/engine/support/hierarchical/Node$Invocation;)V+7
j  org.junit.platform.engine.support.hierarchical.NodeTestTask.lambda$executeRecursively$9()V+18
j  org.junit.platform.engine.support.hierarchical.NodeTestTask$$Lambda+0x000001e9d61568c8.execute()V+4
j  org.junit.platform.engine.support.hierarchical.ThrowableCollector.execute(Lorg/junit/platform/engine/support/hierarchical/ThrowableCollector$Executable;)V+5
j  org.junit.platform.engine.support.hierarchical.NodeTestTask.executeRecursively()V+40
j  org.junit.platform.engine.support.hierarchical.NodeTestTask.execute()V+108
j  org.junit.platform.engine.support.hierarchical.SameThreadHierarchicalTestExecutorService$$Lambda+0x000001e9d6157a30.accept(Ljava/lang/Object;)V+4
j  java.util.ArrayList.forEach(Ljava/util/function/Consumer;)V+46 java.base@21.0.9
j  org.junit.platform.engine.support.hierarchical.SameThreadHierarchicalTestExecutorService.invokeAll(Ljava/util/List;)V+10
j  org.junit.platform.engine.support.hierarchical.NodeTestTask.lambda$executeRecursively$6()V+170
j  org.junit.platform.engine.support.hierarchical.NodeTestTask$$Lambda+0x000001e9d6156f18.execute()V+4
j  org.junit.platform.engine.support.hierarchical.ThrowableCollector.execute(Lorg/junit/platform/engine/support/hierarchical/ThrowableCollector$Executable;)V+5
j  org.junit.platform.engine.support.hierarchical.NodeTestTask.lambda$executeRecursively$8(Lorg/junit/platform/engine/support/hierarchical/EngineExecutionContext;)V+24
j  org.junit.platform.engine.support.hierarchical.NodeTestTask$$Lambda+0x000001e9d6156cf0.invoke(Lorg/junit/platform/engine/support/hierarchical/EngineExecutionContext;)V+5
j  org.junit.platform.engine.support.hierarchical.Node.around(Lorg/junit/platform/engine/support/hierarchical/EngineExecutionContext;Lorg/junit/platform/engine/support/hierarchical/Node$Invocation;)V+7
j  org.junit.platform.engine.support.hierarchical.NodeTestTask.lambda$executeRecursively$9()V+18
j  org.junit.platform.engine.support.hierarchical.NodeTestTask$$Lambda+0x000001e9d61568c8.execute()V+4
j  org.junit.platform.engine.support.hierarchical.ThrowableCollector.execute(Lorg/junit/platform/engine/support/hierarchical/ThrowableCollector$Executable;)V+5
j  org.junit.platform.engine.support.hierarchical.NodeTestTask.executeRecursively()V+40
j  org.junit.platform.engine.support.hierarchical.NodeTestTask.execute()V+108
j  org.junit.platform.engine.support.hierarchical.SameThreadHierarchicalTestExecutorService.submit(Lorg/junit/platform/engine/support/hierarchical/HierarchicalTestExecutorService$TestTask;)Ljava/util/concurrent/Future;+5
j  org.junit.platform.engine.support.hierarchical.HierarchicalTestExecutor.execute()Ljava/util/concurrent/Future;+107
j  org.junit.platform.engine.support.hierarchical.HierarchicalTestEngine.execute(Lorg/junit/platform/engine/ExecutionRequest;)V+55
j  org.junit.platform.launcher.core.EngineExecutionOrchestrator.execute(Lorg/junit/platform/engine/TestDescriptor;Lorg/junit/platform/engine/EngineExecutionListener;Lorg/junit/platform/engine/ConfigurationParameters;Lorg/junit/platform/engine/TestEngine;)V+35
j  org.junit.platform.launcher.core.EngineExecutionOrchestrator.execute(Lorg/junit/platform/launcher/core/LauncherDiscoveryResult;Lorg/junit/platform/engine/EngineExecutionListener;)V+183
j  org.junit.platform.launcher.core.EngineExecutionOrchestrator.execute(Lorg/junit/platform/launcher/core/InternalTestPlan;Lorg/junit/platform/engine/EngineExecutionListener;Lorg/junit/platform/launcher/TestExecutionListener;)V+108
j  org.junit.platform.launcher.core.EngineExecutionOrchestrator.lambda$execute$0(Lorg/junit/platform/launcher/core/InternalTestPlan;Lorg/junit/platform/launcher/TestExecutionListener;)V+11
j  org.junit.platform.launcher.core.EngineExecutionOrchestrator$$Lambda+0x000001e9d6142108.accept(Ljava/lang/Object;)V+12
j  org.junit.platform.launcher.core.EngineExecutionOrchestrator.withInterceptedStreams(Lorg/junit/platform/engine/ConfigurationParameters;Lorg/junit/platform/launcher/core/ListenerRegistry;Ljava/util/function/Consumer;)V+80
j  org.junit.platform.launcher.core.EngineExecutionOrchestrator.execute(Lorg/junit/platform/launcher/core/InternalTestPlan;[Lorg/junit/platform/launcher/TestExecutionListener;)V+40
j  org.junit.platform.launcher.core.DefaultLauncher.execute(Lorg/junit/platform/launcher/core/InternalTestPlan;[Lorg/junit/platform/launcher/TestExecutionListener;)V+11
j  org.junit.platform.launcher.core.DefaultLauncher.execute(Lorg/junit/platform/launcher/LauncherDiscoveryRequest;[Lorg/junit/platform/launcher/TestExecutionListener;)V+57
j  org.junit.platform.launcher.core.DelegatingLauncher.execute(Lorg/junit/platform/launcher/LauncherDiscoveryRequest;[Lorg/junit/platform/launcher/TestExecutionListener;)V+11
j  org.gradle.api.internal.tasks.testing.junitplatform.JUnitPlatformTestClassProcessor$CollectAllTestClassesExecutor.processAllTestClasses()V+134
j  org.gradle.api.internal.tasks.testing.junitplatform.JUnitPlatformTestClassProcessor$CollectAllTestClassesExecutor.access$000(Lorg/gradle/api/internal/tasks/testing/junitplatform/JUnitPlatformTestClassProcessor$CollectAllTestClassesExecutor;)V+5
j  org.gradle.api.internal.tasks.testing.junitplatform.JUnitPlatformTestClassProcessor.stop()V+8
j  org.gradle.api.internal.tasks.testing.SuiteTestClassProcessor.stop()V+8
j  java.lang.invoke.LambdaForm$DMH+0x000001e9d60b4800.invokeInterface(Ljava/lang/Object;Ljava/lang/Object;)V+21 java.base@21.0.9
j  java.lang.invoke.LambdaForm$MH+0x000001e9d60b5000.invoke(Ljava/lang/Object;Ljava/lang/Object;)Ljava/lang/Object;+31 java.base@21.0.9
j  java.lang.invoke.Invokers$Holder.invokeExact_MT(Ljava/lang/Object;Ljava/lang/Object;Ljava/lang/Object;)Ljava/lang/Object;+19 java.base@21.0.9
j  jdk.internal.reflect.DirectMethodHandleAccessor.invokeImpl(Ljava/lang/Object;[Ljava/lang/Object;)Ljava/lang/Object;+41 java.base@21.0.9
j  jdk.internal.reflect.DirectMethodHandleAccessor.invoke(Ljava/lang/Object;[Ljava/lang/Object;)Ljava/lang/Object;+23 java.base@21.0.9
j  java.lang.reflect.Method.invoke(Ljava/lang/Object;[Ljava/lang/Object;)Ljava/lang/Object;+102 java.base@21.0.9
j  org.gradle.internal.dispatch.ReflectionDispatch.dispatch(Lorg/gradle/internal/dispatch/MethodInvocation;)V+34
j  org.gradle.internal.dispatch.ReflectionDispatch.dispatch(Ljava/lang/Object;)V+9
j  org.gradle.internal.dispatch.ContextClassLoaderDispatch.dispatch(Ljava/lang/Object;)V+35
j  org.gradle.internal.dispatch.ProxyDispatchAdapter$DispatchingInvocationHandler.invoke(Ljava/lang/Object;Ljava/lang/reflect/Method;[Ljava/lang/Object;)Ljava/lang/Object;+288
j  jdk.proxy2.$Proxy5.stop()V+9 jdk.proxy2
j  org.gradle.api.internal.tasks.testing.worker.TestWorker$3.run()V+11
j  org.gradle.api.internal.tasks.testing.worker.TestWorker.executeAndMaintainThreadName(Ljava/lang/Runnable;)V+5
j  org.gradle.api.internal.tasks.testing.worker.TestWorker.execute(Lorg/gradle/process/internal/worker/WorkerProcessContext;)V+118
j  org.gradle.api.internal.tasks.testing.worker.TestWorker.execute(Ljava/lang/Object;)V+9
j  org.gradle.process.internal.worker.child.ActionExecutionWorker.execute(Lorg/gradle/process/internal/worker/WorkerProcessContext;)V+92
j  org.gradle.process.internal.worker.child.SystemApplicationClassLoaderWorker.call()Ljava/lang/Void;+421
j  org.gradle.process.internal.worker.child.SystemApplicationClassLoaderWorker.call()Ljava/lang/Object;+5
j  worker.org.gradle.process.internal.worker.GradleWorkerMain.run()V+350
j  worker.org.gradle.process.internal.worker.GradleWorkerMain.main([Ljava/lang/String;)V+11
v  ~StubRoutines::call_stub 0x000001e9c967100d

Compiled method (n/a) 130852 1947     n 0       java.lang.ClassLoader::defineClass0 (native)
 total in heap  [0x000001e9c9cbf390,0x000001e9c9cbf950] = 1472
 relocation     [0x000001e9c9cbf4f0,0x000001e9c9cbf528] = 56
 main code      [0x000001e9c9cbf540,0x000001e9c9cbf94c] = 1036
 stub code      [0x000001e9c9cbf94c,0x000001e9c9cbf950] = 4

[Constant Pool (empty)]

[MachCode]
[Entry Point]
  # {method} {0x000001e9d54362d0} 'defineClass0' '(Ljava/lang/ClassLoader;Ljava/lang/Class;Ljava/lang/String;[BIILjava/security/ProtectionDomain;ZILjava/lang/Object;)Ljava/lang/Class;' in 'java/lang/ClassLoader'
  # parm0:    rdx:rdx   = 'java/lang/ClassLoader'
  # parm1:    r8:r8     = 'java/lang/Class'
  # parm2:    r9:r9     = 'java/lang/String'
  # parm3:    rdi:rdi   = '[B'
  # parm4:    rsi       = int
  # parm5:    rcx       = int
  # parm6:    [sp+0xb0]   = 'java/security/ProtectionDomain'  (sp of caller)
  # parm7:    [sp+0xb8]   = boolean
  # parm8:    [sp+0xc0]   = int
  # parm9:    [sp+0xc8]   = 'java/lang/Object'
  0x000001e9c9cbf540: 448b 5208 | 49bb 0000 | 00d5 e901 | 0000 4d03 | d349 3bc2 | 0f84 0600 

  0x000001e9c9cbf558: ;   {runtime_call ic_miss_stub}
  0x000001e9c9cbf558: 0000 e921 | f29f ff90 
[Verified Entry Point]
  0x000001e9c9cbf560: 8984 2400 | 80ff ff55 | 488b ec48 | 81ec a000 | 0000 6690 | 4181 7f20 | 2d00 0000 

  0x000001e9c9cbf57c: ;   {runtime_call StubRoutines (final stubs)}
  0x000001e9c9cbf57c: 7405 e81d | 6f9e ff48 | 837d 2800 | 488d 4528 | 480f 4445 | 2848 8944 | 2458 4863 | 4520 4889 
  0x000001e9c9cbf59c: 4424 5048 | 6345 1848 | 8944 2448 | 4883 7d10 | 0048 8d45 | 1048 0f44 | 4510 4889 | 4424 4048 
  0x000001e9c9cbf5bc: 894c 2438 | 4889 7424 | 3048 897c | 2478 4883 | ff00 488d | 4424 7848 | 0f44 4424 | 7848 8944 
  0x000001e9c9cbf5dc: 2428 4c89 | 4c24 7049 | 83f9 0048 | 8d44 2470 | 480f 4444 | 2470 4889 | 4424 204c | 8944 2468 
  0x000001e9c9cbf5fc: 4983 f800 | 4c8d 4c24 | 684c 0f44 | 4c24 6848 | 8954 2460 | 4883 fa00 | 4c8d 4424 | 604c 0f44 
  0x000001e9c9cbf61c: ;   {oop(a 'java/lang/Class'{0x00000000e56ffbd0} = 'java/lang/ClassLoader')}
  0x000001e9c9cbf61c: 4424 6049 | bed0 fb6f | e500 0000 | 004c 89b4 | 2490 0000 | 004c 8db4 | 2490 0000 | 0049 8bd6 
  0x000001e9c9cbf63c: ;   {internal_word}
  0x000001e9c9cbf63c: c5f8 7749 | ba3c f6cb | c9e9 0100 | 004d 8997 | a003 0000 | 4989 a798 

  0x000001e9c9cbf654: ;   {external_word}
  0x000001e9c9cbf654: 0300 0049 | bacf 4df2 | 31fe 7f00 | 0041 803a | 000f 844e | 0000 0052 | 4150 4151 

  0x000001e9c9cbf670: ;   {metadata({method} {0x000001e9d54362d0} 'defineClass0' '(Ljava/lang/ClassLoader;Ljava/lang/Class;Ljava/lang/String;[BIILjava/security/ProtectionDomain;ZILjava/lang/Object;)Ljava/lang/Class;' in 'java/lang/ClassLoader')}
  0x000001e9c9cbf670: 48ba c862 | 43d5 e901 | 0000 498b | cf48 83ec | 2040 f6c4 | 0f0f 8419 | 0000 0048 

  0x000001e9c9cbf68c: ;   {runtime_call}
  0x000001e9c9cbf68c: 83ec 0848 | b840 d59b | 31fe 7f00 | 00ff d048 | 83c4 08e9 | 0c00 0000 

  0x000001e9c9cbf6a4: ;   {runtime_call}
  0x000001e9c9cbf6a4: 48b8 40d5 | 9b31 fe7f | 0000 ffd0 | 4883 c420 | 4159 4158 | 5a49 8d8f | b803 0000 | 41c7 8744 
  0x000001e9c9cbf6c4: 0400 0004 

  0x000001e9c9cbf6c8: ;   {runtime_call}
  0x000001e9c9cbf6c8: 0000 0048 | b81c 15aa | cbfe 7f00 | 00ff d0c5 | f877 41c7 | 8744 0400 | 0005 0000 | 00f0 8344 
  0x000001e9c9cbf6e8: 24c0 0049 | 3baf 4804 | 0000 0f87 | 0e00 0000 | 4183 bf40 | 0400 0000 | 0f84 2b00 | 0000 c5f8 
  0x000001e9c9cbf708: 7748 8945 | f849 8bcf | 4c8b e448 | 83ec 2048 

  0x000001e9c9cbf718: ;   {runtime_call}
  0x000001e9c9cbf718: 83e4 f048 | b8e0 4b67 | 31fe 7f00 | 00ff d049 | 8be4 4d33 | e448 8b45 | f841 c787 | 4404 0000 
  0x000001e9c9cbf738: 0800 0000 | 4183 bfc0 | 0400 0002 | 0f84 d501 

  0x000001e9c9cbf748: ;   {external_word}
  0x000001e9c9cbf748: 0000 49ba | cf4d f231 | fe7f 0000 | 4180 3a00 | 0f84 4c00 | 0000 4889 

  0x000001e9c9cbf760: ;   {metadata({method} {0x000001e9d54362d0} 'defineClass0' '(Ljava/lang/ClassLoader;Ljava/lang/Class;Ljava/lang/String;[BIILjava/security/ProtectionDomain;ZILjava/lang/Object;)Ljava/lang/Class;' in 'java/lang/ClassLoader')}
  0x000001e9c9cbf760: 45f8 48ba | c862 43d5 | e901 0000 | 498b cf48 | 83ec 2040 | f6c4 0f0f | 8419 0000 | 0048 83ec 
  0x000001e9c9cbf780: ;   {runtime_call}
  0x000001e9c9cbf780: 0848 b840 | d59b 31fe | 7f00 00ff | d048 83c4 | 08e9 0c00 

  0x000001e9c9cbf794: ;   {runtime_call}
  0x000001e9c9cbf794: 0000 48b8 | 40d5 9b31 | fe7f 0000 | ffd0 4883 | c420 488b | 45f8 49c7 | 8798 0300 | 0000 0000 
  0x000001e9c9cbf7b4: 0049 c787 | a003 0000 | 0000 0000 | c5f8 7748 | 85c0 0f84 | 3001 0000 | a803 0f85 | 0800 0000 
  0x000001e9c9cbf7d4: 488b 00e9 | 2001 0000 | a801 0f85 | 0900 0000 | 488b 40fe | e90f 0100 | 0048 8b40 | ff41 807f 
  0x000001e9c9cbf7f4: 4000 0f84 | 0001 0000 | 4883 f800 | 0f84 f600 | 0000 498b | 4f28 4883 | f900 0f84 | 1400 0000 
  0x000001e9c9cbf814: 4883 e908 | 4989 4f28 | 4903 4f38 | 4889 01e9 | d400 0000 | 4883 ec70 | 4889 0424 | 4889 4c24 
  0x000001e9c9cbf834: 0848 8954 | 2410 4c89 | 4424 184c | 894c 2420 | 4c89 5424 | 284c 895c | 2430 c5fb | 1144 2440 
  0x000001e9c9cbf854: c5fb 114c | 2448 c5fb | 1154 2450 | c5fb 115c | 2458 c5fb | 1164 2460 | c5fb 116c | 2468 498b 
  0x000001e9c9cbf874: d748 8bc8 | 4883 ec20 | 40f6 c40f | 0f84 1900 | 0000 4883 

  0x000001e9c9cbf888: ;   {runtime_call}
  0x000001e9c9cbf888: ec08 48b8 | 209b 5a31 | fe7f 0000 | ffd0 4883 | c408 e90c 

  0x000001e9c9cbf89c: ;   {runtime_call}
  0x000001e9c9cbf89c: 0000 0048 | b820 9b5a | 31fe 7f00 | 00ff d048 | 83c4 20c5 | fb10 6c24 | 68c5 fb10 | 6424 60c5 
  0x000001e9c9cbf8bc: fb10 5c24 | 58c5 fb10 | 5424 50c5 | fb10 4c24 | 48c5 fb10 | 4424 404c | 8b5c 2430 | 4c8b 5424 
  0x000001e9c9cbf8dc: 284c 8b4c | 2420 4c8b | 4424 1848 | 8b54 2410 | 488b 4c24 | 0848 8b04 | 2448 83c4 | 70c5 f877 
  0x000001e9c9cbf8fc: 498b 8f28 | 0400 00c7 | 8100 0100 | 0000 0000 | 00c9 4983 | 7f08 000f | 8501 0000 

  0x000001e9c9cbf918: ;   {runtime_call StubRoutines (initial stubs)}
  0x000001e9c9cbf918: 00c3 e9e1 | 159b ffc5 | f877 4889 | 45f8 4c8b | e448 83ec | 2048 83e4 

  0x000001e9c9cbf930: ;   {runtime_call}
  0x000001e9c9cbf930: f048 b890 | 0c9c 31fe | 7f00 00ff | d049 8be4 | 4d33 e448 | 8b45 f8e9 | fefd ffff 
[Stub Code]
  0x000001e9c9cbf94c: f4f4 f4f4 
[/MachCode]


Compiled method (c1) 130926 2624       3       java.lang.System$2::defineClass (21 bytes)
 total in heap  [0x000001e9c268e810,0x000001e9c268ebf0] = 992
 relocation     [0x000001e9c268e970,0x000001e9c268e9b0] = 64
 main code      [0x000001e9c268e9c0,0x000001e9c268eaf8] = 312
 stub code      [0x000001e9c268eaf8,0x000001e9c268eb38] = 64
 metadata       [0x000001e9c268eb38,0x000001e9c268eb40] = 8
 scopes data    [0x000001e9c268eb40,0x000001e9c268eb88] = 72
 scopes pcs     [0x000001e9c268eb88,0x000001e9c268ebd8] = 80
 dependencies   [0x000001e9c268ebd8,0x000001e9c268ebe0] = 8
 nul chk table  [0x000001e9c268ebe0,0x000001e9c268ebf0] = 16

[Constant Pool (empty)]

[MachCode]
[Entry Point]
  # {method} {0x000001e9d5019588} 'defineClass' '(Ljava/lang/ClassLoader;Ljava/lang/Class;Ljava/lang/String;[BLjava/security/ProtectionDomain;ZILjava/lang/Object;)Ljava/lang/Class;' in 'java/lang/System$2'
  # this:     rdx:rdx   = 'java/lang/System$2'
  # parm0:    r8:r8     = 'java/lang/ClassLoader'
  # parm1:    r9:r9     = 'java/lang/Class'
  # parm2:    rdi:rdi   = 'java/lang/String'
  # parm3:    rsi:rsi   = '[B'
  # parm4:    rcx:rcx   = 'java/security/ProtectionDomain'
  # parm5:    [sp+0x70]   = boolean  (sp of caller)
  # parm6:    [sp+0x78]   = int
  # parm7:    [sp+0x80]   = 'java/lang/Object'
  0x000001e9c268e9c0: 448b 5208 | 49bb 0000 | 00d5 e901 | 0000 4d03 | d34c 3bd0 

  0x000001e9c268e9d4: ;   {runtime_call ic_miss_stub}
  0x000001e9c268e9d4: 0f85 a6fd | 0207 660f | 1f44 0000 
[Verified Entry Point]
  0x000001e9c268e9e0: 8984 2400 | 80ff ff55 | 4883 ec60 | 4181 7f20 | 2d00 0000 

  0x000001e9c268e9f4: ;   {runtime_call StubRoutines (final stubs)}
  0x000001e9c268e9f4: 7405 e8a5 | 7a01 0748 

  0x000001e9c268e9fc: ;   {metadata(method data for {method} {0x000001e9d5019588} 'defineClass' '(Ljava/lang/ClassLoader;Ljava/lang/Class;Ljava/lang/String;[BLjava/security/ProtectionDomain;ZILjava/lang/Object;)Ljava/lang/Class;' in 'java/lang/System$2')}
  0x000001e9c268e9fc: 8bd9 48b9 | 38a6 9016 | ea01 0000 | 8b81 cc00 | 0000 83c0 | 0289 81cc | 0000 0025 | fe07 0000 
  0x000001e9c268ea1c: 85c0 0f84 | 6b00 0000 | 4c8b ac24 | 8000 0000 | 448b 5c24 | 788b 4424 | 708b 4e0c 

  0x000001e9c268ea38: ;   {metadata(method data for {method} {0x000001e9d5019588} 'defineClass' '(Ljava/lang/ClassLoader;Ljava/lang/Class;Ljava/lang/String;[BLjava/security/ProtectionDomain;ZILjava/lang/Object;)Ljava/lang/Class;' in 'java/lang/System$2')}
  0x000001e9c268ea38: 48ba 38a6 | 9016 ea01 | 0000 4883 | 8210 0100 | 0001 498b | d04d 8bc1 | 4c8b cf48 | 8bfe be00 
  0x000001e9c268ea58: 0000 0048 | 891c 2489 | 4424 0844 | 895c 2410 | 4c89 6c24 

  0x000001e9c268ea6c: ;   {static_call}
  0x000001e9c268ea6c: 1866 90e8 

  0x000001e9c268ea70: ; ImmutableOopMap {}
                      ;*invokestatic defineClass0 {reexecute=0 rethrow=0 return_oop=0}
                      ; - java.lang.System$2::defineClass@17 (line 2394)
  0x000001e9c268ea70: ec0a 6307 

  0x000001e9c268ea74: ;   {other}
  0x000001e9c268ea74: 0f1f 8400 | 6402 0000 | 4883 c460 

  0x000001e9c268ea80: ;   {poll_return}
  0x000001e9c268ea80: 5d49 3ba7 | 4804 0000 | 0f87 2700 

  0x000001e9c268ea8c: ;   {metadata({method} {0x000001e9d5019588} 'defineClass' '(Ljava/lang/ClassLoader;Ljava/lang/Class;Ljava/lang/String;[BLjava/security/ProtectionDomain;ZILjava/lang/Object;)Ljava/lang/Class;' in 'java/lang/System$2')}
  0x000001e9c268ea8c: 0000 c349 | ba80 9501 | d5e9 0100 | 004c 8954 | 2408 48c7 | 0424 ffff 

  0x000001e9c268eaa4: ;   {runtime_call counter_overflow Runtime1 stub}
  0x000001e9c268eaa4: ffff e855 

  0x000001e9c268eaa8: ; ImmutableOopMap {rdx=Oop r8=Oop r9=Oop rdi=Oop rsi=Oop rbx=Oop [128]=Oop }
                      ;*synchronization entry
                      ; - java.lang.System$2::defineClass@-1 (line 2394)
  0x000001e9c268eaa8: 340f 07e9 | 74ff ffff 

  0x000001e9c268eab0: ;   {runtime_call throw_null_pointer_exception Runtime1 stub}
  0x000001e9c268eab0: e84b e30e 

  0x000001e9c268eab4: ; ImmutableOopMap {r8=Oop r9=Oop rdi=Oop rsi=Oop rbx=Oop r13=Oop [128]=Oop }
                      ;*arraylength {reexecute=0 rethrow=0 return_oop=0}
                      ; - java.lang.System$2::defineClass@8 (line 2394)
                      ;   {internal_word}
  0x000001e9c268eab4: 0749 ba81 | ea68 c2e9 | 0100 004d | 8997 6004 

  0x000001e9c268eac4: ;   {runtime_call SafepointBlob}
  0x000001e9c268eac4: 0000 e9b5 | 6903 0749 | 8b87 f804 | 0000 49c7 | 87f8 0400 | 0000 0000 | 0049 c787 | 0005 0000 
  0x000001e9c268eae4: 0000 0000 | 4883 c460 

  0x000001e9c268eaec: ;   {runtime_call unwind_exception Runtime1 stub}
  0x000001e9c268eaec: 5de9 8ecf | 0e07 f4f4 | f4f4 f4f4 
[Stub Code]
  0x000001e9c268eaf8: ;   {no_reloc}
  0x000001e9c268eaf8: 48bb 0000 | 0000 0000 

  0x000001e9c268eb00: ;   {runtime_call nmethod}
  0x000001e9c268eb00: 0000 e9fb 

  0x000001e9c268eb04: ;   {runtime_call handle_exception_from_callee Runtime1 stub}
  0x000001e9c268eb04: ffff ffe8 | f400 0f07 

  0x000001e9c268eb0c: ;   {external_word}
  0x000001e9c268eb0c: 48b9 2053 | c831 fe7f | 0000 4883 

  0x000001e9c268eb18: ;   {runtime_call}
  0x000001e9c268eb18: e4f0 48b8 | 90b7 8a31 | fe7f 0000 

  0x000001e9c268eb24: ;   {section_word}
  0x000001e9c268eb24: ffd0 f449 | ba27 eb68 | c2e9 0100 

  0x000001e9c268eb30: ;   {runtime_call DeoptimizationBlob}
  0x000001e9c268eb30: 0041 52e9 | e85b 0307 
[/MachCode]


Compiled method (c1) 130958 2389   !   3       java.lang.invoke.MethodHandles$Lookup$ClassDefiner::defineClass (213 bytes)
 total in heap  [0x000001e9c2600610,0x000001e9c2601860] = 4688
 relocation     [0x000001e9c2600770,0x000001e9c2600890] = 288
 main code      [0x000001e9c26008a0,0x000001e9c2601308] = 2664
 stub code      [0x000001e9c2601308,0x000001e9c2601380] = 120
 metadata       [0x000001e9c2601380,0x000001e9c26013f0] = 112
 scopes data    [0x000001e9c26013f0,0x000001e9c26015f8] = 520
 scopes pcs     [0x000001e9c26015f8,0x000001e9c26017b8] = 448
 dependencies   [0x000001e9c26017b8,0x000001e9c26017d0] = 24
 handler table  [0x000001e9c26017d0,0x000001e9c2601818] = 72
 nul chk table  [0x000001e9c2601818,0x000001e9c2601860] = 72

[Constant Pool (empty)]

[MachCode]
[Entry Point]
  # {method} {0x000001e9d51ec510} 'defineClass' '(ZLjava/lang/Object;)Ljava/lang/Class;' in 'java/lang/invoke/MethodHandles$Lookup$ClassDefiner'
  # this:     rdx:rdx   = 'java/lang/invoke/MethodHandles$Lookup$ClassDefiner'
  # parm0:    r8        = boolean
  # parm1:    r9:r9     = 'java/lang/Object'
  #           [sp+0xf0]  (sp of caller)
  0x000001e9c26008a0: 448b 5208 | 49bb 0000 | 00d5 e901 | 0000 4d03 | d34c 3bd0 

  0x000001e9c26008b4: ;   {runtime_call ic_miss_stub}
  0x000001e9c26008b4: 0f85 c6de | 0b07 660f | 1f44 0000 
[Verified Entry Point]
  0x000001e9c26008c0: 8984 2400 | 80ff ff55 | 4881 ece0 | 0000 0090 | 4181 7f20 | 2d00 0000 

  0x000001e9c26008d8: ;   {runtime_call StubRoutines (final stubs)}
  0x000001e9c26008d8: 7405 e8c1 | 5b0a 0748 | 8994 2498 | 0000 0044 | 8984 24b0 | 0000 004c | 898c 24b8 

  0x000001e9c26008f4: ;   {metadata(method data for {method} {0x000001e9d51ec510} 'defineClass' '(ZLjava/lang/Object;)Ljava/lang/Class;' in 'java/lang/invoke/MethodHandles$Lookup$ClassDefiner')}
  0x000001e9c26008f4: 0000 0048 | be10 9b90 | 16ea 0100 | 008b becc | 0000 0083 | c702 89be | cc00 0000 | 81e7 fe07 
  0x000001e9c2600914: 0000 85ff | 0f84 6b07 | 0000 8b72 | 1048 89b4 | 2490 0000 | 0048 3b06 

  0x000001e9c260092c: ;   {metadata(method data for {method} {0x000001e9d51ec510} 'defineClass' '(ZLjava/lang/Object;)Ljava/lang/Class;' in 'java/lang/invoke/MethodHandles$Lookup$ClassDefiner')}
  0x000001e9c260092c: 488b fe48 | bb10 9b90 | 16ea 0100 | 0048 8383 | 1001 0000 | 018b 7e10 | 4889 bc24 | a800 0000 
  0x000001e9c260094c: ; implicit exception: dispatches to 0x000001e9c26010af
  0x000001e9c260094c: 483b 0748 

  0x000001e9c2600950: ;   {metadata(method data for {method} {0x000001e9d51ec510} 'defineClass' '(ZLjava/lang/Object;)Ljava/lang/Class;' in 'java/lang/invoke/MethodHandles$Lookup$ClassDefiner')}
  0x000001e9c2600950: 8bdf 48b8 | 109b 9016 | ea01 0000 | 4883 8048 | 0100 0001 

  0x000001e9c2600964: ;   {metadata(method data for {method} {0x000001e9d546a9f8} 'getClassLoader' '()Ljava/lang/ClassLoader;' in 'java/lang/Class')}
  0x000001e9c2600964: 48bb 280a | 0316 ea01 | 0000 8b83 | cc00 0000 | 83c0 0289 | 83cc 0000 | 0025 feff | 1f00 85c0 
  0x000001e9c2600984: 0f84 2a07 | 0000 8b5f | 3448 85db 

  0x000001e9c2600990: ;   {metadata(method data for {method} {0x000001e9d546a9f8} 'getClassLoader' '()Ljava/lang/ClassLoader;' in 'java/lang/Class')}
  0x000001e9c2600990: 48b8 280a | 0316 ea01 | 0000 48c7 | c110 0100 | 0075 0748 | c7c1 2001 | 0000 4c8b | 1c08 4d8d 
  0x000001e9c26009b0: 5b01 4c89 | 1c08 0f85 | 0f00 0000 

  0x000001e9c26009bc: ;   {oop(nullptr)}
  0x000001e9c26009bc: 48bb 0000 | 0000 0000 | 0000 e9a2 

  0x000001e9c26009c8: ;   {metadata(method data for {method} {0x000001e9d546a9f8} 'getClassLoader' '()Ljava/lang/ClassLoader;' in 'java/lang/Class')}
  0x000001e9c26009c8: 0000 0048 | b828 0a03 | 16ea 0100 | 0048 8380 | 3001 0000 

  0x000001e9c26009dc: ;   {metadata(method data for {method} {0x000001e9d501b1d0} 'getSecurityManager' '()Ljava/lang/SecurityManager;' in 'java/lang/System')}
  0x000001e9c26009dc: 0148 b8f0 | b401 16ea | 0100 008b | 88cc 0000 | 0083 c102 | 8988 cc00 | 0000 81e1 | feff 1f00 
  0x000001e9c26009fc: 85c9 0f84 | d106 0000 

  0x000001e9c2600a04: ;   {metadata(method data for {method} {0x000001e9d501b1d0} 'getSecurityManager' '()Ljava/lang/SecurityManager;' in 'java/lang/System')}
  0x000001e9c2600a04: 48b8 f0b4 | 0116 ea01 | 0000 4883 | 8010 0100 

  0x000001e9c2600a14: ;   {metadata(method data for {method} {0x000001e9d501b2e8} 'allowSecurityManager' '()Z' in 'java/lang/System')}
  0x000001e9c2600a14: 0001 48b8 | 68b6 0116 | ea01 0000 | 8b88 cc00 | 0000 83c1 | 0289 88cc | 0000 0081 | e1fe ff1f 
  0x000001e9c2600a34: 0085 c90f | 84b9 0600 

  0x000001e9c2600a3c: ;   {metadata(method data for {method} {0x000001e9d501b2e8} 'allowSecurityManager' '()Z' in 'java/lang/System')}
  0x000001e9c2600a3c: 0048 b868 | b601 16ea | 0100 00ff | 8010 0100 

  0x000001e9c2600a4c: ;   {metadata(method data for {method} {0x000001e9d501b1d0} 'getSecurityManager' '()Ljava/lang/SecurityManager;' in 'java/lang/System')}
  0x000001e9c2600a4c: 0048 b8f0 | b401 16ea | 0100 00ff | 8020 0100 

  0x000001e9c2600a5c: ;   {metadata(method data for {method} {0x000001e9d546a9f8} 'getClassLoader' '()Ljava/lang/ClassLoader;' in 'java/lang/Class')}
  0x000001e9c2600a5c: 0048 b828 | 0a03 16ea | 0100 00ff | 8040 0100 | 0048 85db 

  0x000001e9c2600a70: ;   {metadata(method data for {method} {0x000001e9d51ec510} 'defineClass' '(ZLjava/lang/Object;)Ljava/lang/Class;' in 'java/lang/invoke/MethodHandles$Lookup$ClassDefiner')}
  0x000001e9c2600a70: 48b8 109b | 9016 ea01 | 0000 48c7 | c180 0100 | 0074 0748 | c7c1 9001 | 0000 4c8b | 1c08 4d8d 
  0x000001e9c2600a90: 5b01 4c89 | 1c08 0f84 | 4b02 0000 

  0x000001e9c2600a9c: ;   {metadata(method data for {method} {0x000001e9d51ec510} 'defineClass' '(ZLjava/lang/Object;)Ljava/lang/Class;' in 'java/lang/invoke/MethodHandles$Lookup$ClassDefiner')}
  0x000001e9c2600a9c: 488b c648 | b910 9b90 | 16ea 0100 | 0048 8381 | a001 0000 

  0x000001e9c2600ab0: ;   {metadata(method data for {method} {0x000001e9d53e2270} 'lookupClassProtectionDomain' '()Ljava/security/ProtectionDomain;' in 'java/lang/invoke/MethodHandles$Lookup')}
  0x000001e9c2600ab0: 0148 b848 | a190 16ea | 0100 008b | 88cc 0000 | 0083 c102 | 8988 cc00 | 0000 81e1 | feff 1f00 
  0x000001e9c2600ad0: 85c9 0f84 | 3f06 0000 | 8b46 1848 

  0x000001e9c2600adc: ;   {metadata(method data for {method} {0x000001e9d53e2270} 'lookupClassProtectionDomain' '()Ljava/security/ProtectionDomain;' in 'java/lang/invoke/MethodHandles$Lookup')}
  0x000001e9c2600adc: 85c0 48b9 | 48a1 9016 | ea01 0000 | 49c7 c310 | 0100 0075 | 0749 c7c3 | 2001 0000 | 4e8b 2c19 
  0x000001e9c2600afc: 4d8d 6d01 | 4e89 2c19 | 4889 9c24 | a000 0000 | 0f85 bf01 

  0x000001e9c2600b10: ;   {metadata(method data for {method} {0x000001e9d53e2270} 'lookupClassProtectionDomain' '()Ljava/security/ProtectionDomain;' in 'java/lang/invoke/MethodHandles$Lookup')}
  0x000001e9c2600b10: 0000 48b8 | 48a1 9016 | ea01 0000 | 4883 8030 | 0100 0001 

  0x000001e9c2600b24: ;   {metadata(method data for {method} {0x000001e9d5475720} 'getJavaLangAccess' '()Ljdk/internal/access/JavaLangAccess;' in 'jdk/internal/access/SharedSecrets')}
  0x000001e9c2600b24: 48b8 e82c | 3916 ea01 | 0000 8b88 | cc00 0000 | 83c1 0289 | 88cc 0000 | 0081 e1fe | ff1f 0085 
  0x000001e9c2600b44: c90f 84ed 

  0x000001e9c2600b48: ;   {oop(a 'java/lang/Class'{0x00000000e0dc1c48} = 'jdk/internal/access/SharedSecrets')}
  0x000001e9c2600b48: 0500 0048 | b848 1cdc | e000 0000 | 008b 407c | 8b4e 1048 | 85c0 0f84 | 2a00 0000 

  0x000001e9c2600b64: ;   {metadata('java/lang/System$2')}
  0x000001e9c2600b64: 48be 6082 | 01d5 e901 | 0000 448b | 7008 49ba | 0000 00d5 | e901 0000 | 4d03 f249 | 3b76 380f 
  0x000001e9c2600b84: 85d0 0500 | 00e9 0000 | 0000 4c8b | d848 3b00 

  0x000001e9c2600b94: ;   {metadata(method data for {method} {0x000001e9d53e2270} 'lookupClassProtectionDomain' '()Ljava/security/ProtectionDomain;' in 'java/lang/invoke/MethodHandles$Lookup')}
  0x000001e9c2600b94: 48be 48a1 | 9016 ea01 

  0x000001e9c2600b9c: ;   {metadata('java/lang/System$2')}
  0x000001e9c2600b9c: 0000 49ba | 6082 01d5 | e901 0000 | 4c89 9650 | 0100 0048 | 8386 5801 

  0x000001e9c2600bb4: ;   {metadata(method data for {method} {0x000001e9d50192c8} 'protectionDomain' '(Ljava/lang/Class;)Ljava/security/ProtectionDomain;' in 'java/lang/System$2')}
  0x000001e9c2600bb4: 0000 0148 | be00 a390 | 16ea 0100 | 008b 86cc | 0000 0083 | c002 8986 | cc00 0000 | 25fe ff1f 
  0x000001e9c2600bd4: 0085 c00f | 8486 0500 | 0048 3b01 

  0x000001e9c2600be0: ;   {metadata(method data for {method} {0x000001e9d50192c8} 'protectionDomain' '(Ljava/lang/Class;)Ljava/security/ProtectionDomain;' in 'java/lang/System$2')}
  0x000001e9c2600be0: 488b f148 | b800 a390 | 16ea 0100 | 0048 8380 | 1001 0000 

  0x000001e9c2600bf4: ;   {metadata(method data for {method} {0x000001e9d5469750} 'protectionDomain' '()Ljava/security/ProtectionDomain;' in 'java/lang/Class')}
  0x000001e9c2600bf4: 0148 be90 | a490 16ea | 0100 008b | 86cc 0000 | 0083 c002 | 8986 cc00 | 0000 25fe | ff1f 0085 
  0x000001e9c2600c14: c00f 846e | 0500 0048 

  0x000001e9c2600c1c: ;   {metadata(method data for {method} {0x000001e9d5469750} 'protectionDomain' '()Ljava/security/ProtectionDomain;' in 'java/lang/Class')}
  0x000001e9c2600c1c: 8bf1 48b8 | 90a4 9016 | ea01 0000 | 4883 8010 | 0100 0001 | 488b d10f 

  0x000001e9c2600c34: ;   {optimized virtual_call}
  0x000001e9c2600c34: 1f40 00e8 

  0x000001e9c2600c38: ; ImmutableOopMap {[144]=Oop [152]=Oop [160]=Oop [168]=Oop [184]=Oop }
                      ;*invokevirtual getProtectionDomain0 {reexecute=0 rethrow=0 return_oop=0}
                      ; - java.lang.Class::protectionDomain@1 (line 3188)
                      ; - java.lang.System$2::protectionDomain@1 (line 2518)
                      ; - java.lang.invoke.MethodHandles$Lookup::lookupClassProtectionDomain@17 (line 2544)
                      ; - java.lang.invoke.MethodHandles$Lookup$ClassDefiner::defineClass@23 (line 2501)
  0x000001e9c2600c38: 24ab 7107 

  0x000001e9c2600c3c: ;   {other}
  0x000001e9c2600c3c: 0f1f 8400 | 2c06 0000 

  0x000001e9c2600c44: ;   {metadata(method data for {method} {0x000001e9d5469750} 'protectionDomain' '()Ljava/security/ProtectionDomain;' in 'java/lang/Class')}
  0x000001e9c2600c44: 4885 c049 | b890 a490 | 16ea 0100 | 0049 c7c1 | 4801 0000 | 7507 49c7 | c158 0100 | 004b 8b3c 
  0x000001e9c2600c64: 0848 8d7f | 014b 893c | 080f 8521 | 0000 000f | 1f44 0000 

  0x000001e9c2600c78: ;   {no_reloc}
  0x000001e9c2600c78: e9a5 0500 | 0000 0000 | 0000 660f | 1f44 0000 

  0x000001e9c2600c88: ; implicit exception: dispatches to 0x000001e9c260122c
  0x000001e9c2600c88: e9b0 0500 | 0090 90e9 | 0300 0000 | 4c8b c048 | 8bb4 2490 | 0000 0045 | 0fbe 4f40 | 4585 c90f 
  0x000001e9c2600ca8: 859a 0500 | 004d 8bd0 | 4489 5618 | f083 4424 | c000 4c8b | ce4d 33c8 | 49c1 e914 | 4983 f900 
  0x000001e9c2600cc8: 0f85 9505 | 0000 498b 

  0x000001e9c2600cd0: ;   {metadata(method data for {method} {0x000001e9d51ec510} 'defineClass' '(ZLjava/lang/Object;)Ljava/lang/Class;' in 'java/lang/invoke/MethodHandles$Lookup$ClassDefiner')}
  0x000001e9c2600cd0: c049 b810 | 9b90 16ea | 0100 0041 | ff80 d801 | 0000 e912 | 0000 0048 | 899c 24a0 

  0x000001e9c2600cec: ;   {oop(nullptr)}
  0x000001e9c2600cec: 0000 0048 | b800 0000 | 0000 0000 | 0048 8b9c | 24a0 0000 | 0048 8bbc | 24a8 0000 | 0048 8b94 
  0x000001e9c2600d0c: 2498 0000 

  0x000001e9c2600d10: ;   {metadata(method data for {method} {0x000001e9d51ec510} 'defineClass' '(ZLjava/lang/Object;)Ljava/lang/Class;' in 'java/lang/invoke/MethodHandles$Lookup$ClassDefiner')}
  0x000001e9c2600d10: 0049 b810 | 9b90 16ea | 0100 0049 | 8380 f001 

  0x000001e9c2600d20: ;   {metadata(method data for {method} {0x000001e9d5475720} 'getJavaLangAccess' '()Ljdk/internal/access/JavaLangAccess;' in 'jdk/internal/access/SharedSecrets')}
  0x000001e9c2600d20: 0000 0149 | b8e8 2c39 | 16ea 0100 | 0045 8b88 | cc00 0000 | 4183 c102 | 4589 88cc | 0000 0041 
  0x000001e9c2600d40: 81e1 feff | 1f00 4585 | c90f 842c 

  0x000001e9c2600d4c: ;   {oop(a 'java/lang/Class'{0x00000000e0dc1c48} = 'jdk/internal/access/SharedSecrets')}
  0x000001e9c2600d4c: 0500 0049 | b848 1cdc | e000 0000 | 0045 8b70 | 7c8b 7214 | 8b4a 1844 | 8b4a 0c4d | 85f6 0f84 
  0x000001e9c2600d6c: 2a00 0000 

  0x000001e9c2600d70: ;   {metadata('java/lang/System$2')}
  0x000001e9c2600d70: 49bb 6082 | 01d5 e901 | 0000 458b | 6e08 49ba | 0000 00d5 | e901 0000 | 4d03 ea4d | 3b5d 380f 
  0x000001e9c2600d90: 8507 0500 | 00e9 0000 | 0000 4d8b | c649 3b06 

  0x000001e9c2600da0: ;   {metadata(method data for {method} {0x000001e9d51ec510} 'defineClass' '(ZLjava/lang/Object;)Ljava/lang/Class;' in 'java/lang/invoke/MethodHandles$Lookup$ClassDefiner')}
  0x000001e9c2600da0: 4d8b c648 | ba10 9b90 | 16ea 0100 

  0x000001e9c2600dac: ;   {metadata('java/lang/System$2')}
  0x000001e9c2600dac: 0049 ba60 | 8201 d5e9 | 0100 004c | 8992 1002 | 0000 4883 | 8218 0200 | 0001 4c8b | c349 8bd1 
  0x000001e9c2600dcc: 4c8b cf48 | 8bfe 488b | f148 8bc8 | 8b84 24b0 | 0000 0089 | 0424 8954 | 2408 488b | 9424 b800 
  0x000001e9c2600dec: 0000 4889 | 5424 1049 

  0x000001e9c2600df4: ;   {optimized virtual_call}
  0x000001e9c2600df4: 8bd6 90e8 

  0x000001e9c2600df8: ; ImmutableOopMap {[152]=Oop [168]=Oop }
                      ;*invokeinterface defineClass {reexecute=0 rethrow=0 return_oop=0}
                      ; - java.lang.invoke.MethodHandles$Lookup$ClassDefiner::defineClass@57 (line 2505)
  0x000001e9c2600df8: e4db 0800 

  0x000001e9c2600dfc: ;   {other}
  0x000001e9c2600dfc: 0f1f 8400 | ec07 0001 

  0x000001e9c2600e04: ;   {metadata(method data for {method} {0x000001e9d51ec510} 'defineClass' '(ZLjava/lang/Object;)Ljava/lang/Class;' in 'java/lang/invoke/MethodHandles$Lookup$ClassDefiner')}
  0x000001e9c2600e04: 49b8 109b | 9016 ea01 | 0000 41ff | 8038 0200 | 0048 8b94 | 2498 0000 | 008b 721c 

  0x000001e9c2600e20: ; implicit exception: dispatches to 0x000001e9c26012a6
  0x000001e9c2600e20: 483b 064c 

  0x000001e9c2600e24: ;   {metadata(method data for {method} {0x000001e9d51ec510} 'defineClass' '(ZLjava/lang/Object;)Ljava/lang/Class;' in 'java/lang/invoke/MethodHandles$Lookup$ClassDefiner')}
  0x000001e9c2600e24: 8bc6 49b9 | 109b 9016 | ea01 0000 | 4983 8150 | 0300 0001 | 440f be46 | 0c41 83e0 | 0145 85c0 
  0x000001e9c2600e44: ;   {metadata(method data for {method} {0x000001e9d51ec510} 'defineClass' '(ZLjava/lang/Object;)Ljava/lang/Class;' in 'java/lang/invoke/MethodHandles$Lookup$ClassDefiner')}
  0x000001e9c2600e44: 49b8 109b | 9016 ea01 | 0000 49c7 | c188 0300 | 0074 0749 | c7c1 9803 | 0000 4b8b | 3c08 488d 
  0x000001e9c2600e64: 7f01 4b89 | 3c08 0f84 | c401 0000 

  0x000001e9c2600e70: ;   {metadata(method data for {method} {0x000001e9d51ec510} 'defineClass' '(ZLjava/lang/Object;)Ljava/lang/Class;' in 'java/lang/invoke/MethodHandles$Lookup$ClassDefiner')}
  0x000001e9c2600e70: 4c8b c249 | b910 9b90 | 16ea 0100 

  0x000001e9c2600e7c: ;   {metadata('java/lang/invoke/MethodHandles$Lookup$ClassDefiner')}
  0x000001e9c2600e7c: 0049 bad0 | c21e d5e9 | 0100 004d | 8991 b803 | 0000 4983 | 81c0 0300 | 0001 8b7a | 1448 85c0 
  0x000001e9c2600e9c: ;   {metadata(method data for {method} {0x000001e9d51ec510} 'defineClass' '(ZLjava/lang/Object;)Ljava/lang/Class;' in 'java/lang/invoke/MethodHandles$Lookup$ClassDefiner')}
  0x000001e9c2600e9c: 49b8 109b | 9016 ea01 | 0000 49c7 | c1e0 0300 | 0074 0749 | c7c1 f003 | 0000 4b8b | 1c08 488d 
  0x000001e9c2600ebc: 5b01 4b89 | 1c08 0f84 | 2b01 0000 | e9bd 0000 | 0048 8b94 | 2498 0000 | 0049 8b87 | f804 0000 
  0x000001e9c2600edc: 4d33 d24d | 8997 f804 | 0000 4d33 | d24d 8997 | 0005 0000 | 8b72 1c48 | 3b06 4c8b 

  0x000001e9c2600ef8: ;   {metadata(method data for {method} {0x000001e9d51ec510} 'defineClass' '(ZLjava/lang/Object;)Ljava/lang/Class;' in 'java/lang/invoke/MethodHandles$Lookup$ClassDefiner')}
  0x000001e9c2600ef8: c649 b910 | 9b90 16ea | 0100 0049 | 8381 8804 | 0000 0144 | 0fbe 460c | 4183 e001 

  0x000001e9c2600f14: ;   {metadata(method data for {method} {0x000001e9d51ec510} 'defineClass' '(ZLjava/lang/Object;)Ljava/lang/Class;' in 'java/lang/invoke/MethodHandles$Lookup$ClassDefiner')}
  0x000001e9c2600f14: 4585 c049 | b810 9b90 | 16ea 0100 | 0049 c7c1 | c004 0000 | 7407 49c7 | c1d0 0400 | 004b 8b3c 
  0x000001e9c2600f34: 0848 8d7f | 014b 893c | 080f 8441 | 0100 004c 

  0x000001e9c2600f44: ;   {metadata(method data for {method} {0x000001e9d51ec510} 'defineClass' '(ZLjava/lang/Object;)Ljava/lang/Class;' in 'java/lang/invoke/MethodHandles$Lookup$ClassDefiner')}
  0x000001e9c2600f44: 8bc2 49b9 | 109b 9016 | ea01 0000 

  0x000001e9c2600f50: ;   {metadata('java/lang/invoke/MethodHandles$Lookup$ClassDefiner')}
  0x000001e9c2600f50: 49ba d0c2 | 1ed5 e901 | 0000 4d89 | 91f0 0400 | 0049 8381 | f804 0000 | 018b 7a14 

  0x000001e9c2600f6c: ;   {metadata(method data for {method} {0x000001e9d51ec510} 'defineClass' '(ZLjava/lang/Object;)Ljava/lang/Class;' in 'java/lang/invoke/MethodHandles$Lookup$ClassDefiner')}
  0x000001e9c2600f6c: 49b8 109b | 9016 ea01 | 0000 41ff | 8018 0500 | 0048 8984 | 24c8 0000 | 00e9 c000 | 0000 8b52 
  0x000001e9c2600f8c: 184c 8bc6 

  0x000001e9c2600f90: ;   {metadata(method data for {method} {0x000001e9d51ec510} 'defineClass' '(ZLjava/lang/Object;)Ljava/lang/Class;' in 'java/lang/invoke/MethodHandles$Lookup$ClassDefiner')}
  0x000001e9c2600f90: 49b9 109b | 9016 ea01 | 0000 4983 | 8100 0400 | 0001 4c8b | c74c 8bc8 | 488b fa48 | 8bd6 4889 
  0x000001e9c2600fb0: 8424 c000 

  0x000001e9c2600fb4: ;   {optimized virtual_call}
  0x000001e9c2600fb4: 0000 90e8 

  0x000001e9c2600fb8: ; ImmutableOopMap {[192]=Oop }
                      ;*invokevirtual dumpClass {reexecute=0 rethrow=0 return_oop=0}
                      ; - java.lang.invoke.MethodHandles$Lookup$ClassDefiner::defineClass@134 (line 2513)
  0x000001e9c2600fb8: c4da 0b07 

  0x000001e9c2600fbc: ;   {other}
  0x000001e9c2600fbc: 0f1f 8400 | ac09 0002 

  0x000001e9c2600fc4: ;   {metadata(method data for {method} {0x000001e9d51ec510} 'defineClass' '(ZLjava/lang/Object;)Ljava/lang/Class;' in 'java/lang/invoke/MethodHandles$Lookup$ClassDefiner')}
  0x000001e9c2600fc4: 49b8 109b | 9016 ea01 | 0000 41ff | 8038 0400 | 0048 8b84 | 24c0 0000 | 0048 81c4 | e000 0000 
  0x000001e9c2600fe4: ;   {poll_return}
  0x000001e9c2600fe4: 5d49 3ba7 | 4804 0000 | 0f87 be02 | 0000 c348 | 8984 24c0 | 0000 0044 | 8b4a 184c 

  0x000001e9c2601000: ;   {metadata(method data for {method} {0x000001e9d51ec510} 'defineClass' '(ZLjava/lang/Object;)Ljava/lang/Class;' in 'java/lang/invoke/MethodHandles$Lookup$ClassDefiner')}
  0x000001e9c2601000: 8bc6 48ba | 109b 9016 | ea01 0000 | 4883 8250 | 0400 0001 | 4c8b c748 | 8bd6 0f1f 

  0x000001e9c260101c: ;   {optimized virtual_call}
  0x000001e9c260101c: 4400 00e8 

  0x000001e9c2601020: ; ImmutableOopMap {[192]=Oop }
                      ;*invokevirtual dumpFailedClass {reexecute=0 rethrow=0 return_oop=0}
                      ; - java.lang.invoke.MethodHandles$Lookup$ClassDefiner::defineClass@150 (line 2515)
  0x000001e9c2601020: 5cda 0b07 

  0x000001e9c2601024: ;   {other}
  0x000001e9c2601024: 0f1f 8400 | 140a 0003 | 488b 8424 | c000 0000 | 4881 c4e0 | 0000 005d 

  0x000001e9c260103c: ;   {poll_return}
  0x000001e9c260103c: 493b a748 | 0400 000f | 877d 0200 | 00c3 448b | 4a18 4c8b 

  0x000001e9c2601050: ;   {metadata(method data for {method} {0x000001e9d51ec510} 'defineClass' '(ZLjava/lang/Object;)Ljava/lang/Class;' in 'java/lang/invoke/MethodHandles$Lookup$ClassDefiner')}
  0x000001e9c2601050: c648 ba10 | 9b90 16ea | 0100 0048 | 8382 8805 | 0000 014c | 8bc7 488b | d666 0f1f 

  0x000001e9c260106c: ;   {optimized virtual_call}
  0x000001e9c260106c: 4400 00e8 

  0x000001e9c2601070: ; ImmutableOopMap {[200]=Oop }
                      ;*invokevirtual dumpFailedClass {reexecute=0 rethrow=0 return_oop=0}
                      ; - java.lang.invoke.MethodHandles$Lookup$ClassDefiner::defineClass@207 (line 2515)
  0x000001e9c2601070: 0cda 0b07 

  0x000001e9c2601074: ;   {other}
  0x000001e9c2601074: 0f1f 8400 | 640a 0004 | 488b 8424 | c800 0000 | e970 0200 

  0x000001e9c2601088: ;   {metadata({method} {0x000001e9d51ec510} 'defineClass' '(ZLjava/lang/Object;)Ljava/lang/Class;' in 'java/lang/invoke/MethodHandles$Lookup$ClassDefiner')}
  0x000001e9c2601088: 0049 ba08 | c51e d5e9 | 0100 004c | 8954 2408 | 48c7 0424 | ffff ffff 

  0x000001e9c26010a0: ;   {runtime_call counter_overflow Runtime1 stub}
  0x000001e9c26010a0: e85b 0e18 

  0x000001e9c26010a4: ; ImmutableOopMap {rdx=Oop r9=Oop [152]=Oop [184]=Oop }
                      ;*synchronization entry
                      ; - java.lang.invoke.MethodHandles$Lookup$ClassDefiner::defineClass@-1 (line 2499)
  0x000001e9c26010a4: 07e9 74f8 

  0x000001e9c26010a8: ;   {runtime_call throw_null_pointer_exception Runtime1 stub}
  0x000001e9c26010a8: ffff e851 

  0x000001e9c26010ac: ; ImmutableOopMap {rdx=Oop r9=Oop rsi=Oop [144]=Oop [152]=Oop [184]=Oop }
                      ;*invokevirtual lookupClass {reexecute=0 rethrow=0 return_oop=0}
                      ; - java.lang.invoke.MethodHandles$Lookup$ClassDefiner::defineClass@4 (line 2499)
                      ;   {runtime_call throw_null_pointer_exception Runtime1 stub}
  0x000001e9c26010ac: bd17 07e8 

  0x000001e9c26010b0: ; ImmutableOopMap {rdx=Oop r9=Oop rsi=Oop rdi=Oop [144]=Oop [152]=Oop [168]=Oop [184]=Oop }
                      ;*invokevirtual getClassLoader {reexecute=0 rethrow=0 return_oop=0}
                      ; - java.lang.invoke.MethodHandles$Lookup$ClassDefiner::defineClass@9 (line 2500)
  0x000001e9c26010b0: 4cbd 1707 

  0x000001e9c26010b4: ;   {metadata({method} {0x000001e9d546a9f8} 'getClassLoader' '()Ljava/lang/ClassLoader;' in 'java/lang/Class')}
  0x000001e9c26010b4: 49ba f0a9 | 46d5 e901 | 0000 4c89 | 5424 0848 | c704 24ff 

  0x000001e9c26010c8: ;   {runtime_call counter_overflow Runtime1 stub}
  0x000001e9c26010c8: ffff ffe8 

  0x000001e9c26010cc: ; ImmutableOopMap {rdx=Oop r9=Oop rsi=Oop rdi=Oop [144]=Oop [152]=Oop [168]=Oop [184]=Oop }
                      ;*synchronization entry
                      ; - java.lang.Class::getClassLoader@-1 (line 982)
                      ; - java.lang.invoke.MethodHandles$Lookup$ClassDefiner::defineClass@9 (line 2500)
  0x000001e9c26010cc: 300e 1807 | e9b5 f8ff 

  0x000001e9c26010d4: ;   {metadata({method} {0x000001e9d501b1d0} 'getSecurityManager' '()Ljava/lang/SecurityManager;' in 'java/lang/System')}
  0x000001e9c26010d4: ff49 bac8 | b101 d5e9 | 0100 004c | 8954 2408 | 48c7 0424 | ffff ffff 

  0x000001e9c26010ec: ;   {runtime_call counter_overflow Runtime1 stub}
  0x000001e9c26010ec: e80f 0e18 

  0x000001e9c26010f0: ; ImmutableOopMap {rdx=Oop r9=Oop rsi=Oop rdi=Oop rbx=Oop [144]=Oop [152]=Oop [168]=Oop [184]=Oop }
                      ;*synchronization entry
                      ; - java.lang.System::getSecurityManager@-1 (line 504)
                      ; - java.lang.Class::getClassLoader@11 (line 986)
                      ; - java.lang.invoke.MethodHandles$Lookup$ClassDefiner::defineClass@9 (line 2500)
  0x000001e9c26010f0: 07e9 0ef9 

  0x000001e9c26010f4: ;   {metadata({method} {0x000001e9d501b2e8} 'allowSecurityManager' '()Z' in 'java/lang/System')}
  0x000001e9c26010f4: ffff 49ba | e0b2 01d5 | e901 0000 | 4c89 5424 | 0848 c704 | 24ff ffff 

  0x000001e9c260110c: ;   {runtime_call counter_overflow Runtime1 stub}
  0x000001e9c260110c: ffe8 ee0d 

  0x000001e9c2601110: ; ImmutableOopMap {rdx=Oop r9=Oop rsi=Oop rdi=Oop rbx=Oop [144]=Oop [152]=Oop [168]=Oop [184]=Oop }
                      ;*synchronization entry
                      ; - java.lang.System::allowSecurityManager@-1 (line 212)
                      ; - java.lang.System::getSecurityManager@0 (line 504)
                      ; - java.lang.Class::getClassLoader@11 (line 986)
                      ; - java.lang.invoke.MethodHandles$Lookup$ClassDefiner::defineClass@9 (line 2500)
  0x000001e9c2601110: 1807 e926 

  0x000001e9c2601114: ;   {metadata({method} {0x000001e9d53e2270} 'lookupClassProtectionDomain' '()Ljava/security/ProtectionDomain;' in 'java/lang/invoke/MethodHandles$Lookup')}
  0x000001e9c2601114: f9ff ff49 | ba68 223e | d5e9 0100 | 004c 8954 | 2408 48c7 | 0424 ffff 

  0x000001e9c260112c: ;   {runtime_call counter_overflow Runtime1 stub}
  0x000001e9c260112c: ffff e8cd 

  0x000001e9c2601130: ; ImmutableOopMap {rdx=Oop r9=Oop rsi=Oop rdi=Oop rbx=Oop [144]=Oop [152]=Oop [168]=Oop [184]=Oop }
                      ;*synchronization entry
                      ; - java.lang.invoke.MethodHandles$Lookup::lookupClassProtectionDomain@-1 (line 2542)
                      ; - java.lang.invoke.MethodHandles$Lookup$ClassDefiner::defineClass@23 (line 2501)
  0x000001e9c2601130: 0d18 07e9 | a0f9 ffff 

  0x000001e9c2601138: ;   {metadata({method} {0x000001e9d5475720} 'getJavaLangAccess' '()Ljdk/internal/access/JavaLangAccess;' in 'jdk/internal/access/SharedSecrets')}
  0x000001e9c2601138: 49ba 1857 | 47d5 e901 | 0000 4c89 | 5424 0848 | c704 24ff 

  0x000001e9c260114c: ;   {runtime_call counter_overflow Runtime1 stub}
  0x000001e9c260114c: ffff ffe8 

  0x000001e9c2601150: ; ImmutableOopMap {rsi=Oop [144]=Oop [152]=Oop [160]=Oop [168]=Oop [184]=Oop }
                      ;*synchronization entry
                      ; - jdk.internal.access.SharedSecrets::getJavaLangAccess@-1 (line 157)
                      ; - java.lang.invoke.MethodHandles$Lookup::lookupClassProtectionDomain@10 (line 2544)
                      ; - java.lang.invoke.MethodHandles$Lookup$ClassDefiner::defineClass@23 (line 2501)
  0x000001e9c2601150: ac0d 1807 | e9f2 f9ff 

  0x000001e9c2601158: ;   {runtime_call throw_incompatible_class_change_error Runtime1 stub}
  0x000001e9c2601158: ffe8 a2e3 

  0x000001e9c260115c: ; ImmutableOopMap {rax=Oop rcx=Oop [144]=Oop [152]=Oop [160]=Oop [168]=Oop [184]=Oop }
                      ;*invokeinterface protectionDomain {reexecute=0 rethrow=0 return_oop=0}
                      ; - java.lang.invoke.MethodHandles$Lookup::lookupClassProtectionDomain@17 (line 2544)
                      ; - java.lang.invoke.MethodHandles$Lookup$ClassDefiner::defineClass@23 (line 2501)
                      ;   {runtime_call throw_null_pointer_exception Runtime1 stub}
  0x000001e9c260115c: 1707 e89d 

  0x000001e9c2601160: ; ImmutableOopMap {rax=Oop rcx=Oop [144]=Oop [152]=Oop [160]=Oop [168]=Oop [184]=Oop }
                      ;*invokeinterface protectionDomain {reexecute=0 rethrow=0 return_oop=0}
                      ; - java.lang.invoke.MethodHandles$Lookup::lookupClassProtectionDomain@17 (line 2544)
                      ; - java.lang.invoke.MethodHandles$Lookup$ClassDefiner::defineClass@23 (line 2501)
                      ;   {metadata({method} {0x000001e9d50192c8} 'protectionDomain' '(Ljava/lang/Class;)Ljava/security/ProtectionDomain;' in 'java/lang/System$2')}
  0x000001e9c2601160: bc17 0749 | bac0 9201 | d5e9 0100 | 004c 8954 | 2408 48c7 | 0424 ffff 

  0x000001e9c2601178: ;   {runtime_call counter_overflow Runtime1 stub}
  0x000001e9c2601178: ffff e881 

  0x000001e9c260117c: ; ImmutableOopMap {rcx=Oop [144]=Oop [152]=Oop [160]=Oop [168]=Oop [184]=Oop }
                      ;*synchronization entry
                      ; - java.lang.System$2::protectionDomain@-1 (line 2518)
                      ; - java.lang.invoke.MethodHandles$Lookup::lookupClassProtectionDomain@17 (line 2544)
                      ; - java.lang.invoke.MethodHandles$Lookup$ClassDefiner::defineClass@23 (line 2501)
  0x000001e9c260117c: 0d18 07e9 | 59fa ffff 

  0x000001e9c2601184: ;   {runtime_call throw_null_pointer_exception Runtime1 stub}
  0x000001e9c2601184: e877 bc17 

  0x000001e9c2601188: ; ImmutableOopMap {rcx=Oop [144]=Oop [152]=Oop [160]=Oop [168]=Oop [184]=Oop }
                      ;*invokevirtual protectionDomain {reexecute=0 rethrow=0 return_oop=0}
                      ; - java.lang.System$2::protectionDomain@1 (line 2518)
                      ; - java.lang.invoke.MethodHandles$Lookup::lookupClassProtectionDomain@17 (line 2544)
                      ; - java.lang.invoke.MethodHandles$Lookup$ClassDefiner::defineClass@23 (line 2501)
                      ;   {metadata({method} {0x000001e9d5469750} 'protectionDomain' '()Ljava/security/ProtectionDomain;' in 'java/lang/Class')}
  0x000001e9c2601188: 0749 ba48 | 9746 d5e9 | 0100 004c | 8954 2408 | 48c7 0424 | ffff ffff 

  0x000001e9c26011a0: ;   {runtime_call counter_overflow Runtime1 stub}
  0x000001e9c26011a0: e85b 0d18 

  0x000001e9c26011a4: ; ImmutableOopMap {rcx=Oop [144]=Oop [152]=Oop [160]=Oop [168]=Oop [184]=Oop }
                      ;*synchronization entry
                      ; - java.lang.Class::protectionDomain@-1 (line 3188)
                      ; - java.lang.System$2::protectionDomain@1 (line 2518)
                      ; - java.lang.invoke.MethodHandles$Lookup::lookupClassProtectionDomain@17 (line 2544)
                      ; - java.lang.invoke.MethodHandles$Lookup$ClassDefiner::defineClass@23 (line 2501)
  0x000001e9c26011a4: 07e9 71fa 

  0x000001e9c26011a8: ;   {oop(nullptr)}
  0x000001e9c26011a8: ffff 49b8 | 0000 0000 | 0000 0000 | 5053 498b | 5810 5756 | 5251 4150 | 4151 4152 | 4153 4883 
  0x000001e9c26011c8: ec20 40f6 | c40f 0f84 | 1900 0000 | 4883 ec08 

  0x000001e9c26011d8: ;   {runtime_call}
  0x000001e9c26011d8: 48b8 a0a0 | 2831 fe7f | 0000 ffd0 | 4883 c408 | e90c 0000 

  0x000001e9c26011ec: ;   {runtime_call}
  0x000001e9c26011ec: 0048 b8a0 | a028 31fe | 7f00 00ff | d048 83c4 | 2041 5b41 | 5a41 5941 | 5859 5a5e | 5f48 3b83 
  0x000001e9c260120c: 3801 0000 | 5b58 0f85 | 0a00 0000 | e965 faff | ffb8 0078 

  0x000001e9c2601220: ;   {runtime_call load_mirror_patching Runtime1 stub}
  0x000001e9c2601220: 6e0a e8d9 

  0x000001e9c2601224: ; ImmutableOopMap {[144]=Oop [152]=Oop [160]=Oop [168]=Oop [184]=Oop }
                      ;*getstatic allPermDomain {reexecute=1 rethrow=0 return_oop=0}
                      ; - (reexecute) java.lang.Class::protectionDomain@9 (line 3190)
                      ; - java.lang.System$2::protectionDomain@1 (line 2518)
                      ; - java.lang.invoke.MethodHandles$Lookup::lookupClassProtectionDomain@17 (line 2544)
                      ; - java.lang.invoke.MethodHandles$Lookup$ClassDefiner::defineClass@23 (line 2501)
  0x000001e9c2601224: 0018 07e9 | 4cfa ffff 

  0x000001e9c260122c: ;   {runtime_call throw_null_pointer_exception Runtime1 stub}
  0x000001e9c260122c: e8cf bb17 

  0x000001e9c2601230: ; ImmutableOopMap {r8=Oop [144]=Oop [152]=Oop [160]=Oop [168]=Oop [184]=Oop }
                      ;*getstatic allPermDomain {reexecute=1 rethrow=0 return_oop=0}
                      ; - (reexecute) java.lang.Class::protectionDomain@9 (line 3190)
                      ; - java.lang.System$2::protectionDomain@1 (line 2518)
                      ; - java.lang.invoke.MethodHandles$Lookup::lookupClassProtectionDomain@17 (line 2544)
                      ; - java.lang.invoke.MethodHandles$Lookup$ClassDefiner::defineClass@23 (line 2501)
  0x000001e9c2601230: 0745 8b80 | 0000 0000 | b800 0c05 

  0x000001e9c260123c: ;   {runtime_call access_field_patching Runtime1 stub}
  0x000001e9c260123c: 07e8 bef7 

  0x000001e9c2601240: ; ImmutableOopMap {r8=Oop [144]=Oop [152]=Oop [160]=Oop [168]=Oop [184]=Oop }
                      ;*getstatic allPermDomain {reexecute=1 rethrow=0 return_oop=0}
                      ; - (reexecute) java.lang.Class::protectionDomain@9 (line 3190)
                      ; - java.lang.System$2::protectionDomain@1 (line 2518)
                      ; - java.lang.invoke.MethodHandles$Lookup::lookupClassProtectionDomain@17 (line 2544)
                      ; - java.lang.invoke.MethodHandles$Lookup$ClassDefiner::defineClass@23 (line 2501)
  0x000001e9c2601240: 1707 e941 | faff ff44 | 8b4e 1849 | 83f9 000f | 8458 faff | ff4c 890c 

  0x000001e9c2601258: ;   {runtime_call g1_pre_barrier_slow}
  0x000001e9c2601258: 24e8 a212 | 1807 e94a | faff ff49 | 83f8 000f | 8461 faff | ff48 8934 

  0x000001e9c2601270: ;   {runtime_call g1_post_barrier_slow}
  0x000001e9c2601270: 24e8 8a15 | 1807 e953 

  0x000001e9c2601278: ;   {metadata({method} {0x000001e9d5475720} 'getJavaLangAccess' '()Ljdk/internal/access/JavaLangAccess;' in 'jdk/internal/access/SharedSecrets')}
  0x000001e9c2601278: faff ff49 | ba18 5747 | d5e9 0100 | 004c 8954 | 2408 48c7 | 0424 ffff 

  0x000001e9c2601290: ;   {runtime_call counter_overflow Runtime1 stub}
  0x000001e9c2601290: ffff e869 

  0x000001e9c2601294: ; ImmutableOopMap {rax=Oop rdi=Oop rbx=Oop rdx=Oop [152]=Oop [168]=Oop [184]=Oop }
                      ;*synchronization entry
                      ; - jdk.internal.access.SharedSecrets::getJavaLangAccess@-1 (line 157)
                      ; - java.lang.invoke.MethodHandles$Lookup$ClassDefiner::defineClass@35 (line 2504)
  0x000001e9c2601294: 0c18 07e9 | b3fa ffff 

  0x000001e9c260129c: ;   {runtime_call throw_incompatible_class_change_error Runtime1 stub}
  0x000001e9c260129c: e85f e217 

  0x000001e9c26012a0: ; ImmutableOopMap {rax=Oop rdi=Oop rbx=Oop r14=Oop rsi=Oop rcx=Oop [152]=Oop [168]=Oop [184]=Oop }
                      ;*invokeinterface defineClass {reexecute=0 rethrow=0 return_oop=0}
                      ; - java.lang.invoke.MethodHandles$Lookup$ClassDefiner::defineClass@57 (line 2505)
                      ;   {runtime_call throw_null_pointer_exception Runtime1 stub}
  0x000001e9c26012a0: 07e8 5abb 

  0x000001e9c26012a4: ; ImmutableOopMap {rax=Oop rdi=Oop rbx=Oop r14=Oop rsi=Oop rcx=Oop [152]=Oop [168]=Oop [184]=Oop }
                      ;*invokeinterface defineClass {reexecute=0 rethrow=0 return_oop=0}
                      ; - java.lang.invoke.MethodHandles$Lookup$ClassDefiner::defineClass@57 (line 2505)
                      ;   {runtime_call throw_null_pointer_exception Runtime1 stub}
  0x000001e9c26012a4: 1707 e855 

  0x000001e9c26012a8: ; ImmutableOopMap {rax=Oop rdx=Oop rsi=Oop [152]=Oop }
                      ;*invokevirtual isEnabled {reexecute=0 rethrow=0 return_oop=0}
                      ; - java.lang.invoke.MethodHandles$Lookup$ClassDefiner::defineClass@105 (line 2510)
                      ;   {runtime_call throw_null_pointer_exception Runtime1 stub}
  0x000001e9c26012a8: bb17 07e8 

  0x000001e9c26012ac: ; ImmutableOopMap {rdx=Oop rax=Oop rsi=Oop [152]=Oop }
                      ;*invokevirtual isEnabled {reexecute=0 rethrow=0 return_oop=0}
                      ; - java.lang.invoke.MethodHandles$Lookup$ClassDefiner::defineClass@162 (line 2510)
  0x000001e9c26012ac: 50bb 1707 

  0x000001e9c26012b0: ;   {internal_word}
  0x000001e9c26012b0: 49ba e50f | 60c2 e901 | 0000 4d89 | 9760 0400 

  0x000001e9c26012c0: ;   {runtime_call SafepointBlob}
  0x000001e9c26012c0: 00e9 ba41 

  0x000001e9c26012c4: ;   {internal_word}
  0x000001e9c26012c4: 0c07 49ba | 3c10 60c2 | e901 0000 | 4d89 9760 

  0x000001e9c26012d4: ;   {runtime_call SafepointBlob}
  0x000001e9c26012d4: 0400 00e9 | a441 0c07 | 498b 87f8 | 0400 0049 | c787 f804 | 0000 0000 | 0000 49c7 | 8700 0500 
  0x000001e9c26012f4: 0000 0000 | 0048 81c4 | e000 0000 

  0x000001e9c2601300: ;   {runtime_call unwind_exception Runtime1 stub}
  0x000001e9c2601300: 5de9 7aa7 | 1707 f4f4 
[Stub Code]
  0x000001e9c2601308: ;   {no_reloc}
  0x000001e9c2601308: 0f1f 4400 

  0x000001e9c260130c: ;   {static_stub}
  0x000001e9c260130c: 0048 bb80 | 9501 d5e9 

  0x000001e9c2601314: ;   {runtime_call I2C/C2I adapters}
  0x000001e9c2601314: 0100 00e9 | fa98 0c07 

  0x000001e9c260131c: ;   {static_stub}
  0x000001e9c260131c: 48bb e096 | 46d5 e901 

  0x000001e9c2601324: ;   {runtime_call I2C/C2I adapters}
  0x000001e9c2601324: 0000 e938 

  0x000001e9c2601328: ;   {static_stub}
  0x000001e9c2601328: 210c 0748 | bb00 0000 | 0000 0000 

  0x000001e9c2601334: ;   {runtime_call nmethod}
  0x000001e9c2601334: 00e9 fbff 

  0x000001e9c2601338: ;   {static_stub}
  0x000001e9c2601338: ffff 48bb | 0000 0000 | 0000 0000 

  0x000001e9c2601344: ;   {runtime_call nmethod}
  0x000001e9c2601344: e9fb ffff 

  0x000001e9c2601348: ;   {runtime_call handle_exception_from_callee Runtime1 stub}
  0x000001e9c2601348: ffe8 b2d8 

  0x000001e9c260134c: ;   {external_word}
  0x000001e9c260134c: 1707 48b9 | 2053 c831 | fe7f 0000 | 4883 e4f0 

  0x000001e9c260135c: ;   {runtime_call}
  0x000001e9c260135c: 48b8 90b7 | 8a31 fe7f | 0000 ffd0 

  0x000001e9c2601368: ;   {section_word}
  0x000001e9c2601368: f449 ba69 | 1360 c2e9 | 0100 0041 

  0x000001e9c2601374: ;   {runtime_call DeoptimizationBlob}
  0x000001e9c2601374: 52e9 a633 | 0c07 f4f4 | f4f4 f4f4 
[/MachCode]


---------------  P R O C E S S  ---------------

Threads class SMR info:
_java_thread_list=0x000001ea1c0a3940, length=42, elements={
0x000001e9b9a47180, 0x000001e9d4899240, 0x000001e9d48a0a50, 0x000001e9d48a1ff0,
0x000001e9d48a3960, 0x000001e9d48aa280, 0x000001e9d48ae7d0, 0x000001e9d48a8fa0,
0x000001e9d48a9a50, 0x000001e9d4af4370, 0x000001ea1a6a0950, 0x000001ea1b043050,
0x000001ea1b0456c0, 0x000001ea1c899320, 0x000001ea1d26f930, 0x000001ea1e66be40,
0x000001ea1d57a4c0, 0x000001ea1e632820, 0x000001ea1c292230, 0x000001ea1bc3b310,
0x000001ea1bc3ac80, 0x000001ea1bc3c6c0, 0x000001ea1bc3cd50, 0x000001ea1ab115a0,
0x000001ea1ab10880, 0x000001ea1ab150b0, 0x000001ea1ab17810, 0x000001ea1ab14390,
0x000001ea1ab17ea0, 0x000001ea1e9297d0, 0x000001ea1e92d970, 0x000001ea1e92a4f0,
0x000001ea1e92e000, 0x000001ea1e92ab80, 0x000001ea1e930df0, 0x000001ea1e92e690,
0x000001ea1e9300d0, 0x000001ea1e92fa40, 0x000001ea1e92ed20, 0x000001ea1e930760,
0x000001ea1e92f3b0, 0x000001ea1ab11c30
}

Java Threads: ( => current thread )
=>0x000001e9b9a47180 JavaThread "Test worker"                       [_thread_in_vm, id=9628, stack(0x000000df2f500000,0x000000df2f600000) (1024K)]
  0x000001e9d4899240 JavaThread "Reference Handler"          daemon [_thread_blocked, id=644, stack(0x000000df2fd00000,0x000000df2fe00000) (1024K)]
  0x000001e9d48a0a50 JavaThread "Finalizer"                  daemon [_thread_blocked, id=20172, stack(0x000000df2fe00000,0x000000df2ff00000) (1024K)]
  0x000001e9d48a1ff0 JavaThread "Signal Dispatcher"          daemon [_thread_blocked, id=20148, stack(0x000000df2ff00000,0x000000df30000000) (1024K)]
  0x000001e9d48a3960 JavaThread "Attach Listener"            daemon [_thread_blocked, id=9184, stack(0x000000df30000000,0x000000df30100000) (1024K)]
  0x000001e9d48aa280 JavaThread "Service Thread"             daemon [_thread_blocked, id=18012, stack(0x000000df30100000,0x000000df30200000) (1024K)]
  0x000001e9d48ae7d0 JavaThread "Monitor Deflation Thread"   daemon [_thread_blocked, id=15700, stack(0x000000df30200000,0x000000df30300000) (1024K)]
  0x000001e9d48a8fa0 JavaThread "C2 CompilerThread0"         daemon [_thread_blocked, id=4500, stack(0x000000df30300000,0x000000df30400000) (1024K)]
  0x000001e9d48a9a50 JavaThread "C1 CompilerThread0"         daemon [_thread_blocked, id=2940, stack(0x000000df30400000,0x000000df30500000) (1024K)]
  0x000001e9d4af4370 JavaThread "Common-Cleaner"             daemon [_thread_blocked, id=14852, stack(0x000000df30500000,0x000000df30600000) (1024K)]
  0x000001ea1a6a0950 JavaThread "Notification Thread"        daemon [_thread_blocked, id=14008, stack(0x000000df30600000,0x000000df30700000) (1024K)]
  0x000001ea1b043050 JavaThread "/127.0.0.1:54861 to /127.0.0.1:54857 workers"        [_thread_blocked, id=19228, stack(0x000000df30f00000,0x000000df31000000) (1024K)]
  0x000001ea1b0456c0 JavaThread "/127.0.0.1:54861 to /127.0.0.1:54857 workers Thread 2"        [_thread_blocked, id=19056, stack(0x000000df31000000,0x000000df31100000) (1024K)]
  0x000001ea1c899320 JavaThread "/127.0.0.1:54861 to /127.0.0.1:54857 workers Thread 3"        [_thread_in_native, id=18836, stack(0x000000df31100000,0x000000df31200000) (1024K)]
  0x000001ea1d26f930 JavaThread "Thread-4"                   daemon [_thread_in_native, id=14300, stack(0x000000df31500000,0x000000df31600000) (1024K)]
  0x000001ea1e66be40 JavaThread "Thread-5"                   daemon [_thread_in_native, id=19284, stack(0x000000df31600000,0x000000df31700000) (1024K)]
  0x000001ea1d57a4c0 JavaThread "Thread-6"                   daemon [_thread_in_native, id=3244, stack(0x000000df31700000,0x000000df31800000) (1024K)]
  0x000001ea1e632820 JavaThread "Thread-7"                   daemon [_thread_in_native, id=14380, stack(0x000000df31800000,0x000000df31900000) (1024K)]
  0x000001ea1c292230 JavaThread "Thread-8"                   daemon [_thread_in_native, id=15800, stack(0x000000df31900000,0x000000df31a00000) (1024K)]
  0x000001ea1bc3b310 JavaThread "Thread-9"                   daemon [_thread_in_native, id=18700, stack(0x000000df31a00000,0x000000df31b00000) (1024K)]
  0x000001ea1bc3ac80 JavaThread "Thread-10"                  daemon [_thread_in_native, id=2936, stack(0x000000df31b00000,0x000000df31c00000) (1024K)]
  0x000001ea1bc3c6c0 JavaThread "Thread-11"                  daemon [_thread_in_native, id=17492, stack(0x000000df31c00000,0x000000df31d00000) (1024K)]
  0x000001ea1bc3cd50 JavaThread "Thread-12"                  daemon [_thread_in_native, id=5216, stack(0x000000df31d00000,0x000000df31e00000) (1024K)]
  0x000001ea1ab115a0 JavaThread "testcontainers-ryuk"        daemon [_thread_blocked, id=19132, stack(0x000000df31e00000,0x000000df31f00000) (1024K)]
  0x000001ea1ab10880 JavaThread "PostgreSQL-JDBC-Cleaner"    daemon [_thread_blocked, id=5496, stack(0x000000df2f300000,0x000000df2f400000) (1024K)]
  0x000001ea1ab150b0 JavaThread "HikariPool-1 housekeeper"   daemon [_thread_blocked, id=1632, stack(0x000000df2f400000,0x000000df2f500000) (1024K)]
  0x000001ea1ab17810 JavaThread "Catalina-utility-1"                [_thread_blocked, id=19028, stack(0x000000df31f00000,0x000000df32000000) (1024K)]
  0x000001ea1ab14390 JavaThread "Catalina-utility-2"                [_thread_blocked, id=18912, stack(0x000000df32200000,0x000000df32300000) (1024K)]
  0x000001ea1ab17ea0 JavaThread "container-0"                       [_thread_blocked, id=15488, stack(0x000000df32300000,0x000000df32400000) (1024K)]
  0x000001ea1e9297d0 JavaThread "idle-connection-reaper"     daemon [_thread_blocked, id=3988, stack(0x000000df32400000,0x000000df32500000) (1024K)]
  0x000001ea1e92d970 JavaThread "http-nio-auto-1-exec-1"     daemon [_thread_blocked, id=14620, stack(0x000000df32000000,0x000000df32100000) (1024K)]
  0x000001ea1e92a4f0 JavaThread "http-nio-auto-1-exec-2"     daemon [_thread_blocked, id=7048, stack(0x000000df32100000,0x000000df32200000) (1024K)]
  0x000001ea1e92e000 JavaThread "http-nio-auto-1-exec-3"     daemon [_thread_blocked, id=19312, stack(0x000000df33600000,0x000000df33700000) (1024K)]
  0x000001ea1e92ab80 JavaThread "http-nio-auto-1-exec-4"     daemon [_thread_blocked, id=19164, stack(0x000000df33700000,0x000000df33800000) (1024K)]
  0x000001ea1e930df0 JavaThread "http-nio-auto-1-exec-5"     daemon [_thread_blocked, id=1444, stack(0x000000df33800000,0x000000df33900000) (1024K)]
  0x000001ea1e92e690 JavaThread "http-nio-auto-1-exec-6"     daemon [_thread_blocked, id=13348, stack(0x000000df33900000,0x000000df33a00000) (1024K)]
  0x000001ea1e9300d0 JavaThread "http-nio-auto-1-exec-7"     daemon [_thread_blocked, id=2192, stack(0x000000df33a00000,0x000000df33b00000) (1024K)]
  0x000001ea1e92fa40 JavaThread "http-nio-auto-1-exec-8"     daemon [_thread_blocked, id=7412, stack(0x000000df33b00000,0x000000df33c00000) (1024K)]
  0x000001ea1e92ed20 JavaThread "http-nio-auto-1-exec-9"     daemon [_thread_blocked, id=11664, stack(0x000000df33c00000,0x000000df33d00000) (1024K)]
  0x000001ea1e930760 JavaThread "http-nio-auto-1-exec-10"    daemon [_thread_blocked, id=9800, stack(0x000000df33d00000,0x000000df33e00000) (1024K)]
  0x000001ea1e92f3b0 JavaThread "http-nio-auto-1-Poller"     daemon [_thread_in_native, id=19184, stack(0x000000df33e00000,0x000000df33f00000) (1024K)]
  0x000001ea1ab11c30 JavaThread "http-nio-auto-1-Acceptor"   daemon [_thread_in_native, id=19032, stack(0x000000df33f00000,0x000000df34000000) (1024K)]
Total: 42

Other Threads:
  0x000001e9d4876d30 VMThread "VM Thread"                           [id=9356, stack(0x000000df2fc00000,0x000000df2fd00000) (1024K)]
  0x000001e9d4869d90 WatcherThread "VM Periodic Task Thread"        [id=20120, stack(0x000000df2fb00000,0x000000df2fc00000) (1024K)]
  0x000001e9b9a70b60 WorkerThread "GC Thread#0"                     [id=19072, stack(0x000000df2f600000,0x000000df2f700000) (1024K)]
  0x000001ea1a406060 WorkerThread "GC Thread#1"                     [id=4964, stack(0x000000df30700000,0x000000df30800000) (1024K)]
  0x000001ea1a406400 WorkerThread "GC Thread#2"                     [id=14716, stack(0x000000df30800000,0x000000df30900000) (1024K)]
  0x000001ea1a3c9720 WorkerThread "GC Thread#3"                     [id=6208, stack(0x000000df30900000,0x000000df30a00000) (1024K)]
  0x000001ea1b586600 WorkerThread "GC Thread#4"                     [id=14244, stack(0x000000df30a00000,0x000000df30b00000) (1024K)]
  0x000001ea1b5869a0 WorkerThread "GC Thread#5"                     [id=9720, stack(0x000000df30b00000,0x000000df30c00000) (1024K)]
  0x000001ea1bb84050 WorkerThread "GC Thread#6"                     [id=4552, stack(0x000000df30c00000,0x000000df30d00000) (1024K)]
  0x000001ea1bb843f0 WorkerThread "GC Thread#7"                     [id=19100, stack(0x000000df30d00000,0x000000df30e00000) (1024K)]
  0x000001e9b9a75b40 ConcurrentGCThread "G1 Main Marker"            [id=336, stack(0x000000df2f700000,0x000000df2f800000) (1024K)]
  0x000001e9b9a7a150 WorkerThread "G1 Conc#0"                       [id=3308, stack(0x000000df2f800000,0x000000df2f900000) (1024K)]
  0x000001ea1cb3ec10 WorkerThread "G1 Conc#1"                       [id=19372, stack(0x000000df31300000,0x000000df31400000) (1024K)]
  0x000001e9b9aee4f0 ConcurrentGCThread "G1 Refine#0"               [id=14924, stack(0x000000df2f900000,0x000000df2fa00000) (1024K)]
  0x000001e9b9aeea20 ConcurrentGCThread "G1 Service"                [id=20124, stack(0x000000df2fa00000,0x000000df2fb00000) (1024K)]
Total: 15

Threads with active compile tasks:
Total: 0

VM state: not at safepoint (normal execution)

VM Mutex/Monitor currently owned by a thread:  ([mutex/lock_event])
[0x00007ffe31f3b4f0] Metaspace_lock - owner thread: 0x000001e9b9a47180

Heap address: 0x00000000e0000000, size: 512 MB, Compressed Oops mode: 32-bit

CDS archive(s) mapped at: [0x000001e9d5000000-0x000001e9d5c80000-0x000001e9d5c80000), size 13107200, SharedBaseAddress: 0x000001e9d5000000, ArchiveRelocationMode: 1.
Compressed class space mapped at: 0x000001e9d6000000-0x000001ea16000000, reserved size: 1073741824
Narrow klass base: 0x000001e9d5000000, Narrow klass shift: 0, Narrow klass range: 0x100000000

GC Precious Log:
 CardTable entry size: 512
 Card Set container configuration: InlinePtr #cards 5 size 8 Array Of Cards #cards 12 size 40 Howl #buckets 4 coarsen threshold 1843 Howl Bitmap #cards 512 size 80 coarsen threshold 460 Card regions per heap region 1 cards per card region 2048
 CPUs: 8 total, 8 available
 Memory: 8066M
 Large Page Support: Disabled
 NUMA Support: Disabled
 Compressed Oops: Enabled (32-bit)
 Heap Region Size: 1M
 Heap Min Capacity: 8M
 Heap Initial Capacity: 128M
 Heap Max Capacity: 512M
 Pre-touch: Disabled
 Parallel Workers: 8
 Concurrent Workers: 2
 Concurrent Refinement Workers: 8
 Periodic GC: Disabled

Heap:
 garbage-first heap   total 117760K, used 79279K [0x00000000e0000000, 0x0000000100000000)
  region size 1024K, 12 young (12288K), 4 survivors (4096K)
 Metaspace       used 130320K, committed 131200K, reserved 1179648K
  class space    used 15262K, committed 15680K, reserved 1048576K

Heap Regions: E=young(eden), S=young(survivor), O=old, HS=humongous(starts), HC=humongous(continues), CS=collection set, F=free, TAMS=top-at-mark-start, PB=parsable bottom
|   0|0x00000000e0000000, 0x00000000e0100000, 0x00000000e0100000|100%|HS|  |TAMS 0x00000000e0000000| PB 0x00000000e0000000| Complete 
|   1|0x00000000e0100000, 0x00000000e0200000, 0x00000000e0200000|100%|HC|  |TAMS 0x00000000e0100000| PB 0x00000000e0100000| Complete 
|   2|0x00000000e0200000, 0x00000000e0300000, 0x00000000e0300000|100%|HS|  |TAMS 0x00000000e0200000| PB 0x00000000e0200000| Complete 
|   3|0x00000000e0300000, 0x00000000e0400000, 0x00000000e0400000|100%| O|  |TAMS 0x00000000e0300000| PB 0x00000000e0300000| Untracked 
|   4|0x00000000e0400000, 0x00000000e0500000, 0x00000000e0500000|100%| O|  |TAMS 0x00000000e0400000| PB 0x00000000e0400000| Untracked 
|   5|0x00000000e0500000, 0x00000000e0600000, 0x00000000e0600000|100%| O|  |TAMS 0x00000000e0500000| PB 0x00000000e0500000| Untracked 
|   6|0x00000000e0600000, 0x00000000e0700000, 0x00000000e0700000|100%| O|  |TAMS 0x00000000e0600000| PB 0x00000000e0600000| Untracked 
|   7|0x00000000e0700000, 0x00000000e0800000, 0x00000000e0800000|100%| O|  |TAMS 0x00000000e0700000| PB 0x00000000e0700000| Untracked 
|   8|0x00000000e0800000, 0x00000000e0900000, 0x00000000e0900000|100%| O|  |TAMS 0x00000000e0800000| PB 0x00000000e0800000| Untracked 
|   9|0x00000000e0900000, 0x00000000e0a00000, 0x00000000e0a00000|100%| O|  |TAMS 0x00000000e0900000| PB 0x00000000e0900000| Untracked 
|  10|0x00000000e0a00000, 0x00000000e0b00000, 0x00000000e0b00000|100%| O|  |TAMS 0x00000000e0a00000| PB 0x00000000e0a00000| Untracked 
|  11|0x00000000e0b00000, 0x00000000e0c00000, 0x00000000e0c00000|100%| O|  |TAMS 0x00000000e0b00000| PB 0x00000000e0b00000| Untracked 
|  12|0x00000000e0c00000, 0x00000000e0d00000, 0x00000000e0d00000|100%| O|  |TAMS 0x00000000e0c00000| PB 0x00000000e0c00000| Untracked 
|  13|0x00000000e0d00000, 0x00000000e0e00000, 0x00000000e0e00000|100%| O|  |TAMS 0x00000000e0d00000| PB 0x00000000e0d00000| Untracked 
|  14|0x00000000e0e00000, 0x00000000e0f00000, 0x00000000e0f00000|100%| O|  |TAMS 0x00000000e0e00000| PB 0x00000000e0e00000| Untracked 
|  15|0x00000000e0f00000, 0x00000000e1000000, 0x00000000e1000000|100%| O|  |TAMS 0x00000000e0f00000| PB 0x00000000e0f00000| Untracked 
|  16|0x00000000e1000000, 0x00000000e1100000, 0x00000000e1100000|100%| O|  |TAMS 0x00000000e1000000| PB 0x00000000e1000000| Untracked 
|  17|0x00000000e1100000, 0x00000000e1200000, 0x00000000e1200000|100%| O|  |TAMS 0x00000000e1100000| PB 0x00000000e1100000| Untracked 
|  18|0x00000000e1200000, 0x00000000e1300000, 0x00000000e1300000|100%| O|  |TAMS 0x00000000e1200000| PB 0x00000000e1200000| Untracked 
|  19|0x00000000e1300000, 0x00000000e1400000, 0x00000000e1400000|100%| O|  |TAMS 0x00000000e1300000| PB 0x00000000e1300000| Untracked 
|  20|0x00000000e1400000, 0x00000000e1500000, 0x00000000e1500000|100%| O|  |TAMS 0x00000000e1400000| PB 0x00000000e1400000| Untracked 
|  21|0x00000000e1500000, 0x00000000e1600000, 0x00000000e1600000|100%| O|  |TAMS 0x00000000e1500000| PB 0x00000000e1500000| Untracked 
|  22|0x00000000e1600000, 0x00000000e1700000, 0x00000000e1700000|100%| O|  |TAMS 0x00000000e1600000| PB 0x00000000e1600000| Untracked 
|  23|0x00000000e1700000, 0x00000000e1800000, 0x00000000e1800000|100%| O|  |TAMS 0x00000000e1700000| PB 0x00000000e1700000| Untracked 
|  24|0x00000000e1800000, 0x00000000e1900000, 0x00000000e1900000|100%| O|  |TAMS 0x00000000e1800000| PB 0x00000000e1800000| Untracked 
|  25|0x00000000e1900000, 0x00000000e1a00000, 0x00000000e1a00000|100%| O|  |TAMS 0x00000000e1900000| PB 0x00000000e1900000| Untracked 
|  26|0x00000000e1a00000, 0x00000000e1b00000, 0x00000000e1b00000|100%| O|  |TAMS 0x00000000e1a00000| PB 0x00000000e1a00000| Untracked 
|  27|0x00000000e1b00000, 0x00000000e1c00000, 0x00000000e1c00000|100%| O|  |TAMS 0x00000000e1b00000| PB 0x00000000e1b00000| Untracked 
|  28|0x00000000e1c00000, 0x00000000e1d00000, 0x00000000e1d00000|100%| O|  |TAMS 0x00000000e1c00000| PB 0x00000000e1c00000| Untracked 
|  29|0x00000000e1d00000, 0x00000000e1e00000, 0x00000000e1e00000|100%| O|  |TAMS 0x00000000e1d00000| PB 0x00000000e1d00000| Untracked 
|  30|0x00000000e1e00000, 0x00000000e1f00000, 0x00000000e1f00000|100%| O|  |TAMS 0x00000000e1e00000| PB 0x00000000e1e00000| Untracked 
|  31|0x00000000e1f00000, 0x00000000e2000000, 0x00000000e2000000|100%| O|  |TAMS 0x00000000e1f00000| PB 0x00000000e1f00000| Untracked 
|  32|0x00000000e2000000, 0x00000000e2100000, 0x00000000e2100000|100%| O|  |TAMS 0x00000000e2000000| PB 0x00000000e2000000| Untracked 
|  33|0x00000000e2100000, 0x00000000e2200000, 0x00000000e2200000|100%| O|  |TAMS 0x00000000e2100000| PB 0x00000000e2100000| Untracked 
|  34|0x00000000e2200000, 0x00000000e2300000, 0x00000000e2300000|100%| O|  |TAMS 0x00000000e2200000| PB 0x00000000e2200000| Untracked 
|  35|0x00000000e2300000, 0x00000000e2400000, 0x00000000e2400000|100%| O|  |TAMS 0x00000000e2300000| PB 0x00000000e2300000| Untracked 
|  36|0x00000000e2400000, 0x00000000e2500000, 0x00000000e2500000|100%| O|  |TAMS 0x00000000e2400000| PB 0x00000000e2400000| Untracked 
|  37|0x00000000e2500000, 0x00000000e2600000, 0x00000000e2600000|100%| O|  |TAMS 0x00000000e2500000| PB 0x00000000e2500000| Untracked 
|  38|0x00000000e2600000, 0x00000000e2700000, 0x00000000e2700000|100%| O|  |TAMS 0x00000000e2600000| PB 0x00000000e2600000| Untracked 
|  39|0x00000000e2700000, 0x00000000e2800000, 0x00000000e2800000|100%| O|  |TAMS 0x00000000e2700000| PB 0x00000000e2700000| Untracked 
|  40|0x00000000e2800000, 0x00000000e2900000, 0x00000000e2900000|100%| O|  |TAMS 0x00000000e2800000| PB 0x00000000e2800000| Untracked 
|  41|0x00000000e2900000, 0x00000000e2a00000, 0x00000000e2a00000|100%| O|  |TAMS 0x00000000e2900000| PB 0x00000000e2900000| Untracked 
|  42|0x00000000e2a00000, 0x00000000e2b00000, 0x00000000e2b00000|100%| O|  |TAMS 0x00000000e2a00000| PB 0x00000000e2a00000| Untracked 
|  43|0x00000000e2b00000, 0x00000000e2c00000, 0x00000000e2c00000|100%| O|  |TAMS 0x00000000e2b00000| PB 0x00000000e2b00000| Untracked 
|  44|0x00000000e2c00000, 0x00000000e2d00000, 0x00000000e2d00000|100%| O|  |TAMS 0x00000000e2c00000| PB 0x00000000e2c00000| Untracked 
|  45|0x00000000e2d00000, 0x00000000e2e00000, 0x00000000e2e00000|100%| O|  |TAMS 0x00000000e2d00000| PB 0x00000000e2d00000| Untracked 
|  46|0x00000000e2e00000, 0x00000000e2f00000, 0x00000000e2f00000|100%| O|  |TAMS 0x00000000e2e00000| PB 0x00000000e2e00000| Untracked 
|  47|0x00000000e2f00000, 0x00000000e3000000, 0x00000000e3000000|100%| O|  |TAMS 0x00000000e2f00000| PB 0x00000000e2f00000| Untracked 
|  48|0x00000000e3000000, 0x00000000e3100000, 0x00000000e3100000|100%| O|  |TAMS 0x00000000e3000000| PB 0x00000000e3000000| Untracked 
|  49|0x00000000e3100000, 0x00000000e3200000, 0x00000000e3200000|100%| O|  |TAMS 0x00000000e3100000| PB 0x00000000e3100000| Untracked 
|  50|0x00000000e3200000, 0x00000000e3300000, 0x00000000e3300000|100%| O|  |TAMS 0x00000000e3200000| PB 0x00000000e3200000| Untracked 
|  51|0x00000000e3300000, 0x00000000e3400000, 0x00000000e3400000|100%| O|  |TAMS 0x00000000e3300000| PB 0x00000000e3300000| Untracked 
|  52|0x00000000e3400000, 0x00000000e3500000, 0x00000000e3500000|100%| O|  |TAMS 0x00000000e3400000| PB 0x00000000e3400000| Untracked 
|  53|0x00000000e3500000, 0x00000000e3600000, 0x00000000e3600000|100%| O|  |TAMS 0x00000000e3500000| PB 0x00000000e3500000| Untracked 
|  54|0x00000000e3600000, 0x00000000e3600000, 0x00000000e3700000|  0%| F|  |TAMS 0x00000000e3600000| PB 0x00000000e3600000| Untracked 
|  55|0x00000000e3700000, 0x00000000e3800000, 0x00000000e3800000|100%| O|  |TAMS 0x00000000e3700000| PB 0x00000000e3700000| Untracked 
|  56|0x00000000e3800000, 0x00000000e3900000, 0x00000000e3900000|100%| O|  |TAMS 0x00000000e3800000| PB 0x00000000e3800000| Untracked 
|  57|0x00000000e3900000, 0x00000000e3a00000, 0x00000000e3a00000|100%| O|  |TAMS 0x00000000e3900000| PB 0x00000000e3900000| Untracked 
|  58|0x00000000e3a00000, 0x00000000e3b00000, 0x00000000e3b00000|100%| O|  |TAMS 0x00000000e3a00000| PB 0x00000000e3a00000| Untracked 
|  59|0x00000000e3b00000, 0x00000000e3b6bf30, 0x00000000e3c00000| 42%| O|  |TAMS 0x00000000e3b00000| PB 0x00000000e3b00000| Untracked 
|  60|0x00000000e3c00000, 0x00000000e3c00000, 0x00000000e3d00000|  0%| F|  |TAMS 0x00000000e3c00000| PB 0x00000000e3c00000| Untracked 
|  61|0x00000000e3d00000, 0x00000000e3e00000, 0x00000000e3e00000|100%| S|CS|TAMS 0x00000000e3d00000| PB 0x00000000e3d00000| Complete 
|  62|0x00000000e3e00000, 0x00000000e3f00000, 0x00000000e3f00000|100%| S|CS|TAMS 0x00000000e3e00000| PB 0x00000000e3e00000| Complete 
|  63|0x00000000e3f00000, 0x00000000e4000000, 0x00000000e4000000|100%| S|CS|TAMS 0x00000000e3f00000| PB 0x00000000e3f00000| Complete 
|  64|0x00000000e4000000, 0x00000000e4100000, 0x00000000e4100000|100%| S|CS|TAMS 0x00000000e4000000| PB 0x00000000e4000000| Complete 
|  65|0x00000000e4100000, 0x00000000e4100000, 0x00000000e4200000|  0%| F|  |TAMS 0x00000000e4100000| PB 0x00000000e4100000| Untracked 
|  66|0x00000000e4200000, 0x00000000e4200000, 0x00000000e4300000|  0%| F|  |TAMS 0x00000000e4200000| PB 0x00000000e4200000| Untracked 
|  67|0x00000000e4300000, 0x00000000e4300000, 0x00000000e4400000|  0%| F|  |TAMS 0x00000000e4300000| PB 0x00000000e4300000| Untracked 
|  68|0x00000000e4400000, 0x00000000e4400000, 0x00000000e4500000|  0%| F|  |TAMS 0x00000000e4400000| PB 0x00000000e4400000| Untracked 
|  69|0x00000000e4500000, 0x00000000e4500000, 0x00000000e4600000|  0%| F|  |TAMS 0x00000000e4500000| PB 0x00000000e4500000| Untracked 
|  70|0x00000000e4600000, 0x00000000e4600000, 0x00000000e4700000|  0%| F|  |TAMS 0x00000000e4600000| PB 0x00000000e4600000| Untracked 
|  85|0x00000000e5500000, 0x00000000e5500000, 0x00000000e5600000|  0%| F|  |TAMS 0x00000000e5500000| PB 0x00000000e5500000| Untracked 
|  86|0x00000000e5600000, 0x00000000e5700000, 0x00000000e5700000|100%| O|  |TAMS 0x00000000e5600000| PB 0x00000000e5600000| Untracked 
|  87|0x00000000e5700000, 0x00000000e5800000, 0x00000000e5800000|100%| O|  |TAMS 0x00000000e5700000| PB 0x00000000e5700000| Untracked 
|  88|0x00000000e5800000, 0x00000000e5900000, 0x00000000e5900000|100%| O|  |TAMS 0x00000000e5800000| PB 0x00000000e5800000| Untracked 
|  89|0x00000000e5900000, 0x00000000e5a00000, 0x00000000e5a00000|100%| O|  |TAMS 0x00000000e5900000| PB 0x00000000e5900000| Untracked 
|  90|0x00000000e5a00000, 0x00000000e5b00000, 0x00000000e5b00000|100%| O|  |TAMS 0x00000000e5a00000| PB 0x00000000e5a00000| Untracked 
|  91|0x00000000e5b00000, 0x00000000e5c00000, 0x00000000e5c00000|100%| O|  |TAMS 0x00000000e5b00000| PB 0x00000000e5b00000| Untracked 
|  92|0x00000000e5c00000, 0x00000000e5c00000, 0x00000000e5d00000|  0%| F|  |TAMS 0x00000000e5c00000| PB 0x00000000e5c00000| Untracked 
|  93|0x00000000e5d00000, 0x00000000e5e00000, 0x00000000e5e00000|100%| O|  |TAMS 0x00000000e5d00000| PB 0x00000000e5d00000| Untracked 
|  94|0x00000000e5e00000, 0x00000000e5f00000, 0x00000000e5f00000|100%| O|  |TAMS 0x00000000e5e00000| PB 0x00000000e5e00000| Untracked 
|  95|0x00000000e5f00000, 0x00000000e5f00000, 0x00000000e6000000|  0%| F|  |TAMS 0x00000000e5f00000| PB 0x00000000e5f00000| Untracked 
|  96|0x00000000e6000000, 0x00000000e6000000, 0x00000000e6100000|  0%| F|  |TAMS 0x00000000e6000000| PB 0x00000000e6000000| Untracked 
|  97|0x00000000e6100000, 0x00000000e6100000, 0x00000000e6200000|  0%| F|  |TAMS 0x00000000e6100000| PB 0x00000000e6100000| Untracked 
|  98|0x00000000e6200000, 0x00000000e6200000, 0x00000000e6300000|  0%| F|  |TAMS 0x00000000e6200000| PB 0x00000000e6200000| Untracked 
|  99|0x00000000e6300000, 0x00000000e6300000, 0x00000000e6400000|  0%| F|  |TAMS 0x00000000e6300000| PB 0x00000000e6300000| Untracked 
| 100|0x00000000e6400000, 0x00000000e6400000, 0x00000000e6500000|  0%| F|  |TAMS 0x00000000e6400000| PB 0x00000000e6400000| Untracked 
| 101|0x00000000e6500000, 0x00000000e6500000, 0x00000000e6600000|  0%| F|  |TAMS 0x00000000e6500000| PB 0x00000000e6500000| Untracked 
| 102|0x00000000e6600000, 0x00000000e6600000, 0x00000000e6700000|  0%| F|  |TAMS 0x00000000e6600000| PB 0x00000000e6600000| Untracked 
| 103|0x00000000e6700000, 0x00000000e6700000, 0x00000000e6800000|  0%| F|  |TAMS 0x00000000e6700000| PB 0x00000000e6700000| Untracked 
| 104|0x00000000e6800000, 0x00000000e6800000, 0x00000000e6900000|  0%| F|  |TAMS 0x00000000e6800000| PB 0x00000000e6800000| Untracked 
| 105|0x00000000e6900000, 0x00000000e6900000, 0x00000000e6a00000|  0%| F|  |TAMS 0x00000000e6900000| PB 0x00000000e6900000| Untracked 
| 106|0x00000000e6a00000, 0x00000000e6a00000, 0x00000000e6b00000|  0%| F|  |TAMS 0x00000000e6a00000| PB 0x00000000e6a00000| Untracked 
| 107|0x00000000e6b00000, 0x00000000e6b00000, 0x00000000e6c00000|  0%| F|  |TAMS 0x00000000e6b00000| PB 0x00000000e6b00000| Untracked 
| 108|0x00000000e6c00000, 0x00000000e6c00000, 0x00000000e6d00000|  0%| F|  |TAMS 0x00000000e6c00000| PB 0x00000000e6c00000| Untracked 
| 109|0x00000000e6d00000, 0x00000000e6d00000, 0x00000000e6e00000|  0%| F|  |TAMS 0x00000000e6d00000| PB 0x00000000e6d00000| Untracked 
| 110|0x00000000e6e00000, 0x00000000e6e00000, 0x00000000e6f00000|  0%| F|  |TAMS 0x00000000e6e00000| PB 0x00000000e6e00000| Untracked 
| 111|0x00000000e6f00000, 0x00000000e6f00000, 0x00000000e7000000|  0%| F|  |TAMS 0x00000000e6f00000| PB 0x00000000e6f00000| Untracked 
| 112|0x00000000e7000000, 0x00000000e7000000, 0x00000000e7100000|  0%| F|  |TAMS 0x00000000e7000000| PB 0x00000000e7000000| Untracked 
| 113|0x00000000e7100000, 0x00000000e7100000, 0x00000000e7200000|  0%| F|  |TAMS 0x00000000e7100000| PB 0x00000000e7100000| Untracked 
| 114|0x00000000e7200000, 0x00000000e7200000, 0x00000000e7300000|  0%| F|  |TAMS 0x00000000e7200000| PB 0x00000000e7200000| Untracked 
| 115|0x00000000e7300000, 0x00000000e7300000, 0x00000000e7400000|  0%| F|  |TAMS 0x00000000e7300000| PB 0x00000000e7300000| Untracked 
| 116|0x00000000e7400000, 0x00000000e7400000, 0x00000000e7500000|  0%| F|  |TAMS 0x00000000e7400000| PB 0x00000000e7400000| Untracked 
| 117|0x00000000e7500000, 0x00000000e7500000, 0x00000000e7600000|  0%| F|  |TAMS 0x00000000e7500000| PB 0x00000000e7500000| Untracked 
| 118|0x00000000e7600000, 0x00000000e7600000, 0x00000000e7700000|  0%| F|  |TAMS 0x00000000e7600000| PB 0x00000000e7600000| Untracked 
| 119|0x00000000e7700000, 0x00000000e7700000, 0x00000000e7800000|  0%| F|  |TAMS 0x00000000e7700000| PB 0x00000000e7700000| Untracked 
| 120|0x00000000e7800000, 0x00000000e7800000, 0x00000000e7900000|  0%| F|  |TAMS 0x00000000e7800000| PB 0x00000000e7800000| Untracked 
| 121|0x00000000e7900000, 0x00000000e794b618, 0x00000000e7a00000| 29%| E|  |TAMS 0x00000000e7900000| PB 0x00000000e7900000| Complete 
| 122|0x00000000e7a00000, 0x00000000e7b00000, 0x00000000e7b00000|100%| E|CS|TAMS 0x00000000e7a00000| PB 0x00000000e7a00000| Complete 
| 123|0x00000000e7b00000, 0x00000000e7c00000, 0x00000000e7c00000|100%| E|CS|TAMS 0x00000000e7b00000| PB 0x00000000e7b00000| Complete 
| 124|0x00000000e7c00000, 0x00000000e7d00000, 0x00000000e7d00000|100%| E|CS|TAMS 0x00000000e7c00000| PB 0x00000000e7c00000| Complete 
| 125|0x00000000e7d00000, 0x00000000e7e00000, 0x00000000e7e00000|100%| E|CS|TAMS 0x00000000e7d00000| PB 0x00000000e7d00000| Complete 
| 126|0x00000000e7e00000, 0x00000000e7f00000, 0x00000000e7f00000|100%| E|CS|TAMS 0x00000000e7e00000| PB 0x00000000e7e00000| Complete 
| 127|0x00000000e7f00000, 0x00000000e8000000, 0x00000000e8000000|100%| E|CS|TAMS 0x00000000e7f00000| PB 0x00000000e7f00000| Complete 
| 511|0x00000000fff00000, 0x0000000100000000, 0x0000000100000000|100%| E|CS|TAMS 0x00000000fff00000| PB 0x00000000fff00000| Complete 

Card table byte_map: [0x000001e9d1570000,0x000001e9d1670000] _byte_map_base: 0x000001e9d0e70000

Marking Bits: (CMBitMap*) 0x000001e9b9a71260
 Bits: [0x000001e9d1670000, 0x000001e9d1e70000)

Polling page: 0x000001e9b7850000

Metaspace:

Usage:
  Non-class:    112.36 MB used.
      Class:     14.90 MB used.
       Both:    127.27 MB used.

Virtual space:
  Non-class space:      128.00 MB reserved,     112.81 MB ( 88%) committed,  2 nodes.
      Class space:        1.00 GB reserved,      15.31 MB (  1%) committed,  1 nodes.
             Both:        1.12 GB reserved,     128.12 MB ( 11%) committed. 

Chunk freelists:
   Non-Class:  15.12 MB
       Class:  576.00 KB
        Both:  15.69 MB

MaxMetaspaceSize: unlimited
CompressedClassSpaceSize: 1.00 GB
Initial GC threshold: 21.00 MB
Current GC threshold: 208.56 MB
CDS: on
 - commit_granule_bytes: 65536.
 - commit_granule_words: 8192.
 - virtual_space_node_default_size: 8388608.
 - enlarge_chunks_in_place: 1.
 - use_allocation_guard: 0.


Internal statistics:

num_allocs_failed_limit: 15.
num_arena_births: 1372.
num_arena_deaths: 0.
num_vsnodes_births: 3.
num_vsnodes_deaths: 0.
num_space_committed: 2050.
num_space_uncommitted: 0.
num_chunks_returned_to_freelist: 15.
num_chunks_taken_from_freelist: 6155.
num_chunk_merges: 15.
num_chunk_splits: 4628.
num_chunks_enlarged: 3763.
num_inconsistent_stats: 0.

CodeHeap 'non-profiled nmethods': size=120000Kb used=8328Kb max_used=8328Kb free=111671Kb
 bounds [0x000001e9c9c10000, 0x000001e9ca440000, 0x000001e9d1140000]
CodeHeap 'profiled nmethods': size=120000Kb used=21264Kb max_used=21264Kb free=98735Kb
 bounds [0x000001e9c2140000, 0x000001e9c3610000, 0x000001e9c9670000]
CodeHeap 'non-nmethods': size=5760Kb used=1635Kb max_used=1714Kb free=4124Kb
 bounds [0x000001e9c9670000, 0x000001e9c98e0000, 0x000001e9c9c10000]
CodeCache: size=245760Kb, used=31227Kb, max_used=31306Kb, free=214530Kb
 total_blobs=11574, nmethods=10796, adapters=681, full_count=0
Compilation: enabled, stopped_count=0, restarted_count=0

Compilation events (20 events):
Event: 130.665 Thread 0x000001e9d48a9a50 nmethod 13911 0x000001e9c3607790 code [0x000001e9c3607980, 0x000001e9c3607dc8]
Event: 130.665 Thread 0x000001e9d48a9a50 13909       3       java.util.Arrays$ArrayList::set (16 bytes)
Event: 130.666 Thread 0x000001e9d48a9a50 nmethod 13909 0x000001e9c3608010 code [0x000001e9c36081c0, 0x000001e9c3608478]
Event: 130.666 Thread 0x000001e9d48a9a50 13912       3       java.util.stream.ReferencePipeline::noneMatch (18 bytes)
Event: 130.666 Thread 0x000001e9d48a9a50 nmethod 13912 0x000001e9c3608590 code [0x000001e9c3608760, 0x000001e9c3608a00]
Event: 130.668 Thread 0x000001e9d48a9a50 13913       3       java.util.Collections::swap (25 bytes)
Event: 130.668 Thread 0x000001e9d48a9a50 nmethod 13913 0x000001e9c3608b10 code [0x000001e9c3608ce0, 0x000001e9c3609050]
Event: 130.669 Thread 0x000001e9d48a9a50 13914       3       org.junit.platform.commons.util.ClassNamePatternFilterUtils$$Lambda/0x000001e9d6f658c8::test (13 bytes)
Event: 130.669 Thread 0x000001e9d48a9a50 nmethod 13914 0x000001e9c3609190 code [0x000001e9c3609340, 0x000001e9c3609488]
Event: 130.670 Thread 0x000001e9d48a9a50 13915       3       org.junit.platform.commons.util.ClassNamePatternFilterUtils$$Lambda/0x000001e9d6f67588::<init> (15 bytes)
Event: 130.670 Thread 0x000001e9d48a9a50 nmethod 13915 0x000001e9c3609510 code [0x000001e9c36096c0, 0x000001e9c36098e0]
Event: 130.670 Thread 0x000001e9d48a8fa0 nmethod 13899 0x000001e9ca42f310 code [0x000001e9ca42f5a0, 0x000001e9ca430368]
Event: 130.671 Thread 0x000001e9d48a8fa0 13900   !   4       java.util.zip.InflaterInputStream::read (129 bytes)
Event: 130.677 Thread 0x000001e9d48a9a50 13916       3       java.util.Collections::eq (22 bytes)
Event: 130.678 Thread 0x000001e9d48a9a50 nmethod 13916 0x000001e9c3609990 code [0x000001e9c3609b40, 0x000001e9c3609d90]
Event: 130.690 Thread 0x000001e9d48a8fa0 nmethod 13900 0x000001e9ca430d10 code [0x000001e9ca430f60, 0x000001e9ca431b00]
Event: 130.696 Thread 0x000001e9d48a9a50 13917       3       java.lang.StackTraceElement::dropClassLoaderName (16 bytes)
Event: 130.697 Thread 0x000001e9d48a9a50 nmethod 13917 0x000001e9c3609e90 code [0x000001e9c360a020, 0x000001e9c360a188]
Event: 130.698 Thread 0x000001e9d48a9a50 13918       3       java.lang.StackTraceElement::isNativeMethod (15 bytes)
Event: 130.698 Thread 0x000001e9d48a9a50 nmethod 13918 0x000001e9c360a210 code [0x000001e9c360a3a0, 0x000001e9c360a500]

GC Heap History (20 events):
Event: 119.993 GC heap before
{Heap before GC invocations=94 (full 0):
 garbage-first heap   total 104448K, used 97404K [0x00000000e0000000, 0x0000000100000000)
  region size 1024K, 38 young (38912K), 4 survivors (4096K)
 Metaspace       used 117660K, committed 118464K, reserved 1179648K
  class space    used 13841K, committed 14208K, reserved 1048576K
}
Event: 120.004 GC heap after
{Heap after GC invocations=95 (full 0):
 garbage-first heap   total 104448K, used 63346K [0x00000000e0000000, 0x0000000100000000)
  region size 1024K, 3 young (3072K), 3 survivors (3072K)
 Metaspace       used 117660K, committed 118464K, reserved 1179648K
  class space    used 13841K, committed 14208K, reserved 1048576K
}
Event: 120.961 GC heap before
{Heap before GC invocations=95 (full 0):
 garbage-first heap   total 104448K, used 98162K [0x00000000e0000000, 0x0000000100000000)
  region size 1024K, 37 young (37888K), 3 survivors (3072K)
 Metaspace       used 118124K, committed 118976K, reserved 1179648K
  class space    used 13876K, committed 14272K, reserved 1048576K
}
Event: 120.986 GC heap after
{Heap after GC invocations=96 (full 0):
 garbage-first heap   total 104448K, used 64446K [0x00000000e0000000, 0x0000000100000000)
  region size 1024K, 4 young (4096K), 4 survivors (4096K)
 Metaspace       used 118124K, committed 118976K, reserved 1179648K
  class space    used 13876K, committed 14272K, reserved 1048576K
}
Event: 121.828 GC heap before
{Heap before GC invocations=97 (full 0):
 garbage-first heap   total 109568K, used 97214K [0x00000000e0000000, 0x0000000100000000)
  region size 1024K, 36 young (36864K), 4 survivors (4096K)
 Metaspace       used 119048K, committed 120000K, reserved 1179648K
  class space    used 13935K, committed 14400K, reserved 1048576K
}
Event: 121.835 GC heap after
{Heap after GC invocations=98 (full 0):
 garbage-first heap   total 109568K, used 65491K [0x00000000e0000000, 0x0000000100000000)
  region size 1024K, 4 young (4096K), 4 survivors (4096K)
 Metaspace       used 119048K, committed 120000K, reserved 1179648K
  class space    used 13935K, committed 14400K, reserved 1048576K
}
Event: 122.401 GC heap before
{Heap before GC invocations=98 (full 0):
 garbage-first heap   total 109568K, used 102355K [0x00000000e0000000, 0x0000000100000000)
  region size 1024K, 40 young (40960K), 4 survivors (4096K)
 Metaspace       used 120860K, committed 121792K, reserved 1179648K
  class space    used 14113K, committed 14528K, reserved 1048576K
}
Event: 122.411 GC heap after
{Heap after GC invocations=99 (full 0):
 garbage-first heap   total 109568K, used 66222K [0x00000000e0000000, 0x0000000100000000)
  region size 1024K, 3 young (3072K), 3 survivors (3072K)
 Metaspace       used 120860K, committed 121792K, reserved 1179648K
  class space    used 14113K, committed 14528K, reserved 1048576K
}
Event: 122.740 GC heap before
{Heap before GC invocations=99 (full 0):
 garbage-first heap   total 109568K, used 103086K [0x00000000e0000000, 0x0000000100000000)
  region size 1024K, 39 young (39936K), 3 survivors (3072K)
 Metaspace       used 122521K, committed 123392K, reserved 1179648K
  class space    used 14244K, committed 14656K, reserved 1048576K
}
Event: 122.745 GC heap after
{Heap after GC invocations=100 (full 0):
 garbage-first heap   total 109568K, used 66162K [0x00000000e0000000, 0x0000000100000000)
  region size 1024K, 3 young (3072K), 3 survivors (3072K)
 Metaspace       used 122521K, committed 123392K, reserved 1179648K
  class space    used 14244K, committed 14656K, reserved 1048576K
}
Event: 124.210 GC heap before
{Heap before GC invocations=101 (full 0):
 garbage-first heap   total 111616K, used 103026K [0x00000000e0000000, 0x0000000100000000)
  region size 1024K, 39 young (39936K), 3 survivors (3072K)
 Metaspace       used 124061K, committed 124992K, reserved 1179648K
  class space    used 14412K, committed 14848K, reserved 1048576K
}
Event: 124.217 GC heap after
{Heap after GC invocations=102 (full 0):
 garbage-first heap   total 111616K, used 67213K [0x00000000e0000000, 0x0000000100000000)
  region size 1024K, 3 young (3072K), 3 survivors (3072K)
 Metaspace       used 124061K, committed 124992K, reserved 1179648K
  class space    used 14412K, committed 14848K, reserved 1048576K
}
Event: 126.223 GC heap before
{Heap before GC invocations=102 (full 0):
 garbage-first heap   total 111616K, used 105101K [0x00000000e0000000, 0x0000000100000000)
  region size 1024K, 40 young (40960K), 3 survivors (3072K)
 Metaspace       used 125755K, committed 126656K, reserved 1179648K
  class space    used 14612K, committed 15040K, reserved 1048576K
}
Event: 126.233 GC heap after
{Heap after GC invocations=103 (full 0):
 garbage-first heap   total 111616K, used 68356K [0x00000000e0000000, 0x0000000100000000)
  region size 1024K, 3 young (3072K), 3 survivors (3072K)
 Metaspace       used 125755K, committed 126656K, reserved 1179648K
  class space    used 14612K, committed 15040K, reserved 1048576K
}
Event: 127.833 GC heap before
{Heap before GC invocations=103 (full 0):
 garbage-first heap   total 111616K, used 105220K [0x00000000e0000000, 0x0000000100000000)
  region size 1024K, 39 young (39936K), 3 survivors (3072K)
 Metaspace       used 127135K, committed 128064K, reserved 1179648K
  class space    used 14808K, committed 15232K, reserved 1048576K
}
Event: 127.840 GC heap after
{Heap after GC invocations=104 (full 0):
 garbage-first heap   total 111616K, used 69800K [0x00000000e0000000, 0x0000000100000000)
  region size 1024K, 4 young (4096K), 4 survivors (4096K)
 Metaspace       used 127135K, committed 128064K, reserved 1179648K
  class space    used 14808K, committed 15232K, reserved 1048576K
}
Event: 129.175 GC heap before
{Heap before GC invocations=105 (full 0):
 garbage-first heap   total 117760K, used 103592K [0x00000000e0000000, 0x0000000100000000)
  region size 1024K, 37 young (37888K), 4 survivors (4096K)
 Metaspace       used 128266K, committed 129216K, reserved 1179648K
  class space    used 14968K, committed 15424K, reserved 1048576K
}
Event: 129.182 GC heap after
{Heap after GC invocations=106 (full 0):
 garbage-first heap   total 117760K, used 71006K [0x00000000e0000000, 0x0000000100000000)
  region size 1024K, 4 young (4096K), 4 survivors (4096K)
 Metaspace       used 128266K, committed 129216K, reserved 1179648K
  class space    used 14968K, committed 15424K, reserved 1048576K
}
Event: 130.449 GC heap before
{Heap before GC invocations=106 (full 0):
 garbage-first heap   total 117760K, used 109918K [0x00000000e0000000, 0x0000000100000000)
  region size 1024K, 42 young (43008K), 4 survivors (4096K)
 Metaspace       used 129925K, committed 130816K, reserved 1179648K
  class space    used 15196K, committed 15616K, reserved 1048576K
}
Event: 130.459 GC heap after
{Heap after GC invocations=107 (full 0):
 garbage-first heap   total 117760K, used 72111K [0x00000000e0000000, 0x0000000100000000)
  region size 1024K, 4 young (4096K), 4 survivors (4096K)
 Metaspace       used 129925K, committed 130816K, reserved 1179648K
  class space    used 15196K, committed 15616K, reserved 1048576K
}

Dll operation events (14 events):
Event: 0.019 Loaded shared library C:\Program Files\Eclipse Adoptium\jdk-21.0.9.10-hotspot\bin\java.dll
Event: 0.085 Loaded shared library C:\Program Files\Eclipse Adoptium\jdk-21.0.9.10-hotspot\bin\jsvml.dll
Event: 0.441 Loaded shared library C:\Program Files\Eclipse Adoptium\jdk-21.0.9.10-hotspot\bin\zip.dll
Event: 0.448 Loaded shared library C:\Program Files\Eclipse Adoptium\jdk-21.0.9.10-hotspot\bin\instrument.dll
Event: 0.456 Loaded shared library C:\Program Files\Eclipse Adoptium\jdk-21.0.9.10-hotspot\bin\net.dll
Event: 0.465 Loaded shared library C:\Program Files\Eclipse Adoptium\jdk-21.0.9.10-hotspot\bin\nio.dll
Event: 0.489 Loaded shared library C:\Program Files\Eclipse Adoptium\jdk-21.0.9.10-hotspot\bin\zip.dll
Event: 0.997 Loaded shared library C:\Program Files\Eclipse Adoptium\jdk-21.0.9.10-hotspot\bin\verify.dll
Event: 1.061 Loaded shared library C:\Program Files\Eclipse Adoptium\jdk-21.0.9.10-hotspot\bin\jimage.dll
Event: 3.237 Loaded shared library C:\Program Files\Eclipse Adoptium\jdk-21.0.9.10-hotspot\bin\extnet.dll
Event: 3.816 Loaded shared library C:\Program Files\Eclipse Adoptium\jdk-21.0.9.10-hotspot\bin\sunmscapi.dll
Event: 69.986 Loaded shared library C:\Program Files\Eclipse Adoptium\jdk-21.0.9.10-hotspot\bin\management.dll
Event: 70.015 Loaded shared library C:\Program Files\Eclipse Adoptium\jdk-21.0.9.10-hotspot\bin\management_ext.dll
Event: 106.729 Loaded shared library C:\Users\Anonymous\AppData\Local\Temp\AWSCRT_7653668200387941969aws-crt-jni.dll

Deoptimization events (20 events):
Event: 130.529 Thread 0x000001e9b9a47180 Uncommon trap: trap_request=0xffffffc6 fr.pc=0x000001e9c9f10310 relative=0x0000000000000330
Event: 130.529 Thread 0x000001e9b9a47180 Uncommon trap: reason=bimorphic_or_optimized_type_check action=maybe_recompile pc=0x000001e9c9f10310 method=java.util.Collections$SetFromMap.contains(Ljava/lang/Object;)Z @ 5 c2
Event: 130.529 Thread 0x000001e9b9a47180 DEOPT PACKING pc=0x000001e9c9f10310 sp=0x000000df2f5fc5f0
Event: 130.529 Thread 0x000001e9b9a47180 DEOPT UNPACKING pc=0x000001e9c96c4422 sp=0x000000df2f5fc598 mode 2
Event: 130.530 Thread 0x000001e9b9a47180 Uncommon trap: trap_request=0xffffffc6 fr.pc=0x000001e9c9f10310 relative=0x0000000000000330
Event: 130.530 Thread 0x000001e9b9a47180 Uncommon trap: reason=bimorphic_or_optimized_type_check action=maybe_recompile pc=0x000001e9c9f10310 method=java.util.Collections$SetFromMap.contains(Ljava/lang/Object;)Z @ 5 c2
Event: 130.530 Thread 0x000001e9b9a47180 DEOPT PACKING pc=0x000001e9c9f10310 sp=0x000000df2f5fc520
Event: 130.530 Thread 0x000001e9b9a47180 DEOPT UNPACKING pc=0x000001e9c96c4422 sp=0x000000df2f5fc4c8 mode 2
Event: 130.549 Thread 0x000001e9b9a47180 Uncommon trap: trap_request=0xfffffff4 fr.pc=0x000001e9ca40835c relative=0x00000000000003bc
Event: 130.549 Thread 0x000001e9b9a47180 Uncommon trap: reason=null_check action=make_not_entrant pc=0x000001e9ca40835c method=java.lang.ClassLoader.definePackage(Ljava/lang/String;Ljava/lang/Module;)Ljava/lang/Package; @ 50 c2
Event: 130.549 Thread 0x000001e9b9a47180 DEOPT PACKING pc=0x000001e9ca40835c sp=0x000000df2f5fc490
Event: 130.549 Thread 0x000001e9b9a47180 DEOPT UNPACKING pc=0x000001e9c96c4422 sp=0x000000df2f5fc430 mode 2
Event: 130.558 Thread 0x000001e9b9a47180 Uncommon trap: trap_request=0xffffff45 fr.pc=0x000001e9c9c1309c relative=0x00000000000001fc
Event: 130.559 Thread 0x000001e9b9a47180 Uncommon trap: reason=unstable_if action=reinterpret pc=0x000001e9c9c1309c method=java.util.ArrayDeque.addLast(Ljava/lang/Object;)V @ 42 c2
Event: 130.559 Thread 0x000001e9b9a47180 DEOPT PACKING pc=0x000001e9c9c1309c sp=0x000000df2f5fbd90
Event: 130.559 Thread 0x000001e9b9a47180 DEOPT UNPACKING pc=0x000001e9c96c4422 sp=0x000000df2f5fbd50 mode 2
Event: 130.618 Thread 0x000001e9b9a47180 Uncommon trap: trap_request=0xffffffc6 fr.pc=0x000001e9ca3dcc00 relative=0x00000000000003c0
Event: 130.618 Thread 0x000001e9b9a47180 Uncommon trap: reason=bimorphic_or_optimized_type_check action=maybe_recompile pc=0x000001e9ca3dcc00 method=org.springframework.core.annotation.AnnotationsScanner.processMethodInheritedAnnotations(Ljava/lang/Object;Ljava/lang/reflect/Method;Lorg/springfra
Event: 130.618 Thread 0x000001e9b9a47180 DEOPT PACKING pc=0x000001e9ca3dcc00 sp=0x000000df2f5fc760
Event: 130.618 Thread 0x000001e9b9a47180 DEOPT UNPACKING pc=0x000001e9c96c4422 sp=0x000000df2f5fc710 mode 2

Classes loaded (20 events):
Event: 129.932 Loading class java/util/IdentityHashMap$IdentityHashMapSpliterator done
Event: 129.932 Loading class java/util/IdentityHashMap$KeySpliterator done
Event: 130.158 Loading class java/lang/ProcessHandle$Info
Event: 130.158 Loading class java/lang/ProcessHandle$Info done
Event: 130.188 Loading class java/util/jar/JarInputStream
Event: 130.188 Loading class java/util/jar/JarInputStream done
Event: 130.190 Loading class java/io/PushbackInputStream
Event: 130.190 Loading class java/io/PushbackInputStream done
Event: 130.192 Loading class sun/security/util/ManifestEntryVerifier
Event: 130.193 Loading class sun/security/util/ManifestEntryVerifier done
Event: 130.631 Loading class java/util/concurrent/ConcurrentHashMap$EntrySpliterator
Event: 130.632 Loading class java/util/concurrent/ConcurrentHashMap$EntrySpliterator done
Event: 130.691 Loading class java/io/PrintWriter$1
Event: 130.691 Loading class jdk/internal/access/JavaIOPrintWriterAccess
Event: 130.691 Loading class jdk/internal/access/JavaIOPrintWriterAccess done
Event: 130.691 Loading class java/io/PrintWriter$1 done
Event: 130.692 Loading class java/lang/Throwable$WrappedPrintWriter
Event: 130.692 Loading class java/lang/Throwable$PrintStreamOrWriter
Event: 130.695 Loading class java/lang/Throwable$PrintStreamOrWriter done
Event: 130.695 Loading class java/lang/Throwable$WrappedPrintWriter done

Classes unloaded (0 events):
No events

Classes redefined (0 events):
No events

Internal exceptions (20 events):
Event: 102.981 Thread 0x000001e9b9a47180 Implicit null exception at 0x000001e9ca0d122f to 0x000001e9ca0d14f8
Event: 102.981 Thread 0x000001e9b9a47180 Implicit null exception at 0x000001e9ca28064c to 0x000001e9ca280710
Event: 104.469 Thread 0x000001e9b9a47180 Exception <a 'java/lang/IncompatibleClassChangeError'{0x00000000e7637348}: Found class java.lang.Object, but interface was expected> (0x00000000e7637348) 
thrown [s\src\hotspot\share\interpreter\linkResolver.cpp, line 840]
Event: 105.151 Thread 0x000001e9b9a47180 Exception <a 'java/lang/NoSuchMethodError'{0x00000000e7f95238}: 'float java.lang.invoke.DirectMethodHandle$Holder.invokeStatic(java.lang.Object, java.lang.Object)'> (0x00000000e7f95238) 
thrown [s\src\hotspot\share\interpreter\linkResolver.cpp, line 773]
Event: 105.152 Thread 0x000001e9b9a47180 Exception <a 'java/lang/NoSuchMethodError'{0x00000000e7f9ba00}: 'double java.lang.invoke.DirectMethodHandle$Holder.invokeStatic(java.lang.Object, java.lang.Object)'> (0x00000000e7f9ba00) 
thrown [s\src\hotspot\share\interpreter\linkResolver.cpp, line 773]
Event: 108.744 Thread 0x000001e9b9a47180 Exception <a 'java/lang/IncompatibleClassChangeError'{0x00000000e76a21b0}: Found class java.lang.Object, but interface was expected> (0x00000000e76a21b0) 
thrown [s\src\hotspot\share\interpreter\linkResolver.cpp, line 840]
Event: 115.921 Thread 0x000001e9b9a47180 Implicit null exception at 0x000001e9ca16e7c4 to 0x000001e9ca16e940
Event: 120.300 Thread 0x000001e9b9a47180 Implicit null exception at 0x000001e9ca3a81b5 to 0x000001e9ca3a82d0
Event: 120.542 Thread 0x000001e9b9a47180 Exception <a 'java/lang/NoSuchMethodError'{0x00000000e647ad18}: 'java.lang.Object java.lang.invoke.DirectMethodHandle$Holder.newInvokeSpecial(java.lang.Object, java.lang.Object, java.lang.Object, java.lang.Object, java.lang.Object, java.lang.Object, java.lang.Object, java.lang.Object)'> (0x00000000e647ad18) 
thrown [s\src\hotspot\share\interpreter\linkResolver.cpp, line 773]
Event: 121.820 Thread 0x000001e9b9a47180 Exception <a 'java/lang/NoSuchMethodError'{0x00000000e61b3190}: 'java.lang.Object java.lang.invoke.DirectMethodHandle$Holder.newInvokeSpecial(java.lang.Object, java.lang.Object, java.lang.Object, java.lang.Object, java.lang.Object, java.lang.Object, java.lang.Object, java.lang.Object, java.lang.Object)'> (0x00000000e61b3190) 
thrown [s\src\hotspot\share\interpreter\linkResolver.cpp, line 773]
Event: 122.914 Thread 0x000001e9b9a47180 Exception <a 'java/lang/NoSuchMethodError'{0x00000000e7ec1258}: 'void java.lang.invoke.DirectMethodHandle$Holder.invokeStaticInit(java.lang.Object, java.lang.Object, java.lang.Object, java.lang.Object, java.lang.Object)'> (0x00000000e7ec1258) 
thrown [s\src\hotspot\share\interpreter\linkResolver.cpp, line 773]
Event: 126.349 Thread 0x000001e9b9a47180 Exception <a 'java/lang/IncompatibleClassChangeError'{0x00000000e7b9cde8}: Found class java.lang.Object, but interface was expected> (0x00000000e7b9cde8) 
thrown [s\src\hotspot\share\interpreter\linkResolver.cpp, line 840]
Event: 127.544 Thread 0x000001e9b9a47180 Exception <a 'java/lang/NoSuchMethodError'{0x00000000e676d8f8}: 'void java.lang.invoke.DirectMethodHandle$Holder.invokeVirtual(java.lang.Object, java.lang.Object, long)'> (0x00000000e676d8f8) 
thrown [s\src\hotspot\share\interpreter\linkResolver.cpp, line 773]
Event: 128.527 Thread 0x000001e9b9a47180 Exception <a 'java/lang/IncompatibleClassChangeError'{0x00000000e6fb2fb0}: Found class java.lang.Object, but interface was expected> (0x00000000e6fb2fb0) 
thrown [s\src\hotspot\share\interpreter\linkResolver.cpp, line 840]
Event: 129.744 Thread 0x000001e9b9a47180 Exception <a 'java/lang/NoSuchMethodError'{0x00000000e707b740}: 'java.lang.Object java.lang.invoke.DirectMethodHandle$Holder.newInvokeSpecial(java.lang.Object, java.lang.Object, int, java.lang.Object, java.lang.Object)'> (0x00000000e707b740) 
thrown [s\src\hotspot\share\interpreter\linkResolver.cpp, line 773]
Event: 129.746 Thread 0x000001e9b9a47180 Exception <a 'java/lang/NoSuchMethodError'{0x00000000e7086ac8}: 'java.lang.Object java.lang.invoke.DirectMethodHandle$Holder.invokeSpecial(java.lang.Object, java.lang.Object, int, java.lang.Object, int, java.lang.Object)'> (0x00000000e7086ac8) 
thrown [s\src\hotspot\share\interpreter\linkResolver.cpp, line 773]
Event: 129.747 Thread 0x000001e9b9a47180 Exception <a 'java/lang/NoSuchMethodError'{0x00000000e708e128}: 'java.lang.Object java.lang.invoke.DirectMethodHandle$Holder.newInvokeSpecial(java.lang.Object, java.lang.Object, int, java.lang.Object, int)'> (0x00000000e708e128) 
thrown [s\src\hotspot\share\interpreter\linkResolver.cpp, line 773]
Event: 129.748 Thread 0x000001e9b9a47180 Exception <a 'java/lang/NoSuchMethodError'{0x00000000e7092490}: 'java.lang.Object java.lang.invoke.DirectMethodHandle$Holder.invokeSpecial(java.lang.Object, java.lang.Object, java.lang.Object, int, java.lang.Object, int)'> (0x00000000e7092490) 
thrown [s\src\hotspot\share\interpreter\linkResolver.cpp, line 773]
Event: 130.155 Thread 0x000001e9b9a47180 Exception <a 'java/lang/NoSuchMethodError'{0x00000000e62f89b0}: method resolution failed> (0x00000000e62f89b0) 
thrown [s\src\hotspot\share\prims\methodHandles.cpp, line 1136]
Event: 130.176 Thread 0x000001e9b9a47180 Exception <a 'java/lang/NoSuchMethodError'{0x00000000e619f960}: 'long java.lang.invoke.DelegatingMethodHandle$Holder.reinvoke_L(java.lang.Object, java.lang.Object)'> (0x00000000e619f960) 
thrown [s\src\hotspot\share\interpreter\linkResolver.cpp, line 773]

ZGC Phase Switch (0 events):
No events

VM Operations (20 events):
Event: 126.223 Executing VM operation: G1CollectForAllocation (G1 Evacuation Pause)
Event: 126.233 Executing VM operation: G1CollectForAllocation (G1 Evacuation Pause) done
Event: 127.239 Executing VM operation: Cleanup
Event: 127.255 Executing VM operation: Cleanup done
Event: 127.670 Executing VM operation: HandshakeAllThreads (Deoptimize)
Event: 127.670 Executing VM operation: HandshakeAllThreads (Deoptimize) done
Event: 127.833 Executing VM operation: G1CollectForAllocation (G1 Evacuation Pause)
Event: 127.840 Executing VM operation: G1CollectForAllocation (G1 Evacuation Pause) done
Event: 128.001 Executing VM operation: G1PauseRemark
Event: 128.012 Executing VM operation: G1PauseRemark done
Event: 128.072 Executing VM operation: G1PauseCleanup
Event: 128.072 Executing VM operation: G1PauseCleanup done
Event: 129.077 Executing VM operation: Cleanup
Event: 129.077 Executing VM operation: Cleanup done
Event: 129.175 Executing VM operation: G1CollectForAllocation (G1 Evacuation Pause)
Event: 129.182 Executing VM operation: G1CollectForAllocation (G1 Evacuation Pause) done
Event: 130.186 Executing VM operation: Cleanup
Event: 130.187 Executing VM operation: Cleanup done
Event: 130.449 Executing VM operation: G1CollectForAllocation (G1 Evacuation Pause)
Event: 130.459 Executing VM operation: G1CollectForAllocation (G1 Evacuation Pause) done

Memory protections (0 events):
No events

Nmethod flushes (20 events):
Event: 128.010 Thread 0x000001e9d4876d30 flushing  nmethod 0x000001e9c221ac90
Event: 128.010 Thread 0x000001e9d4876d30 flushing  nmethod 0x000001e9c228b190
Event: 128.010 Thread 0x000001e9d4876d30 flushing  nmethod 0x000001e9c24cfc10
Event: 128.010 Thread 0x000001e9d4876d30 flushing  nmethod 0x000001e9c259ad10
Event: 128.010 Thread 0x000001e9d4876d30 flushing  nmethod 0x000001e9c259dd10
Event: 128.010 Thread 0x000001e9d4876d30 flushing  nmethod 0x000001e9c2612c90
Event: 128.010 Thread 0x000001e9d4876d30 flushing  nmethod 0x000001e9c2615590
Event: 128.010 Thread 0x000001e9d4876d30 flushing  nmethod 0x000001e9c2799490
Event: 128.010 Thread 0x000001e9d4876d30 flushing  nmethod 0x000001e9c2f02a90
Event: 128.010 Thread 0x000001e9d4876d30 flushing  nmethod 0x000001e9c2247c10
Event: 128.010 Thread 0x000001e9d4876d30 flushing  nmethod 0x000001e9c23d4c90
Event: 128.010 Thread 0x000001e9d4876d30 flushing  nmethod 0x000001e9c23d5310
Event: 128.010 Thread 0x000001e9d4876d30 flushing  nmethod 0x000001e9c23e1390
Event: 128.010 Thread 0x000001e9d4876d30 flushing  nmethod 0x000001e9c23fb690
Event: 128.010 Thread 0x000001e9d4876d30 flushing  nmethod 0x000001e9c2558f10
Event: 128.010 Thread 0x000001e9d4876d30 flushing  nmethod 0x000001e9c2580a90
Event: 128.010 Thread 0x000001e9d4876d30 flushing  nmethod 0x000001e9c2694090
Event: 128.010 Thread 0x000001e9d4876d30 flushing  nmethod 0x000001e9c28a4590
Event: 128.010 Thread 0x000001e9d4876d30 flushing  nmethod 0x000001e9c2a02a10
Event: 128.010 Thread 0x000001e9d4876d30 flushing  nmethod 0x000001e9c2b50c10

Events (20 events):
Event: 121.127 Thread 0x000001e9d48a8fa0 Thread added: 0x000001ea1f5bd630
Event: 121.982 Thread 0x000001ea1f5bd630 Thread exited: 0x000001ea1f5bd630
Event: 125.189 Thread 0x000001e9d48a9a50 Thread added: 0x000001ea1f5bdd00
Event: 125.960 Thread 0x000001ea1f5bdd00 Thread exited: 0x000001ea1f5bdd00
Event: 126.958 Thread 0x000001e9d48a9a50 Thread added: 0x000001ea1f5bf170
Event: 127.604 Thread 0x000001ea1f5bf170 Thread exited: 0x000001ea1f5bf170
Event: 128.651 Thread 0x000001e9d48a9a50 Thread added: 0x000001ea1f5beaa0
Event: 129.672 Thread 0x000001ea1f5beaa0 Thread exited: 0x000001ea1f5beaa0
Event: 129.788 Thread 0x000001e9b9a47180 Thread added: 0x000001ea1e92d970
Event: 129.788 Thread 0x000001e9b9a47180 Thread added: 0x000001ea1e92a4f0
Event: 129.789 Thread 0x000001e9b9a47180 Thread added: 0x000001ea1e92e000
Event: 129.789 Thread 0x000001e9b9a47180 Thread added: 0x000001ea1e92ab80
Event: 129.790 Thread 0x000001e9b9a47180 Thread added: 0x000001ea1e930df0
Event: 129.790 Thread 0x000001e9b9a47180 Thread added: 0x000001ea1e92e690
Event: 129.791 Thread 0x000001e9b9a47180 Thread added: 0x000001ea1e9300d0
Event: 129.791 Thread 0x000001e9b9a47180 Thread added: 0x000001ea1e92fa40
Event: 129.791 Thread 0x000001e9b9a47180 Thread added: 0x000001ea1e92ed20
Event: 129.791 Thread 0x000001e9b9a47180 Thread added: 0x000001ea1e930760
Event: 129.821 Thread 0x000001e9b9a47180 Thread added: 0x000001ea1e92f3b0
Event: 129.828 Thread 0x000001e9b9a47180 Thread added: 0x000001ea1ab11c30


Dynamic libraries:
0x00007ff732480000 - 0x00007ff73248e000 	C:\Program Files\Eclipse Adoptium\jdk-21.0.9.10-hotspot\bin\java.exe
0x00007ffef3dc0000 - 0x00007ffef4026000 	C:\WINDOWS\SYSTEM32\ntdll.dll
0x00007ffef1b90000 - 0x00007ffef1c59000 	C:\WINDOWS\System32\KERNEL32.DLL
0x00007ffef1120000 - 0x00007ffef151f000 	C:\WINDOWS\System32\KERNELBASE.dll
0x00007ffef1530000 - 0x00007ffef167c000 	C:\WINDOWS\System32\ucrtbase.dll
0x00007ffeced90000 - 0x00007ffecedae000 	C:\Program Files\Eclipse Adoptium\jdk-21.0.9.10-hotspot\bin\VCRUNTIME140.dll
0x00007ffecd9b0000 - 0x00007ffecd9c8000 	C:\Program Files\Eclipse Adoptium\jdk-21.0.9.10-hotspot\bin\jli.dll
0x00007ffef2350000 - 0x00007ffef2516000 	C:\WINDOWS\System32\USER32.dll
0x00007ffedbff0000 - 0x00007ffedc281000 	C:\WINDOWS\WinSxS\amd64_microsoft.windows.common-controls_6595b64144ccf1df_6.0.26100.8972_none_3e0da176e32f9d4b\COMCTL32.dll
0x00007ffef17c0000 - 0x00007ffef17e7000 	C:\WINDOWS\System32\win32u.dll
0x00007ffef2180000 - 0x00007ffef2229000 	C:\WINDOWS\System32\msvcrt.dll
0x00007ffef2030000 - 0x00007ffef205b000 	C:\WINDOWS\System32\GDI32.dll
0x00007ffef1690000 - 0x00007ffef17b9000 	C:\WINDOWS\System32\gdi32full.dll
0x00007ffef18b0000 - 0x00007ffef1953000 	C:\WINDOWS\System32\msvcp_win.dll
0x00007ffef3200000 - 0x00007ffef3232000 	C:\WINDOWS\System32\IMM32.DLL
0x00007ffede670000 - 0x00007ffede67c000 	C:\Program Files\Eclipse Adoptium\jdk-21.0.9.10-hotspot\bin\vcruntime140_1.dll
0x00007ffe72750000 - 0x00007ffe727dd000 	C:\Program Files\Eclipse Adoptium\jdk-21.0.9.10-hotspot\bin\msvcp140.dll
0x00007ffe31280000 - 0x00007ffe32020000 	C:\Program Files\Eclipse Adoptium\jdk-21.0.9.10-hotspot\bin\server\jvm.dll
0x00007ffef3240000 - 0x00007ffef32fc000 	C:\WINDOWS\System32\ADVAPI32.dll
0x00007ffef20b0000 - 0x00007ffef215a000 	C:\WINDOWS\System32\sechost.dll
0x00007ffef3050000 - 0x00007ffef3168000 	C:\WINDOWS\System32\RPCRT4.dll
0x00007ffef1e30000 - 0x00007ffef1eb2000 	C:\WINDOWS\System32\WS2_32.dll
0x00007ffef0e30000 - 0x00007ffef0e8e000 	C:\WINDOWS\SYSTEM32\POWRPROF.dll
0x00007ffedf6f0000 - 0x00007ffedf726000 	C:\WINDOWS\SYSTEM32\WINMM.dll
0x00007ffee4af0000 - 0x00007ffee4afb000 	C:\WINDOWS\SYSTEM32\VERSION.dll
0x00007ffef0e10000 - 0x00007ffef0e25000 	C:\WINDOWS\SYSTEM32\UMPDC.dll
0x00007ffeefc80000 - 0x00007ffeefc9b000 	C:\WINDOWS\SYSTEM32\kernel.appcore.dll
0x00007ffede620000 - 0x00007ffede62a000 	C:\Program Files\Eclipse Adoptium\jdk-21.0.9.10-hotspot\bin\jimage.dll
0x00007ffeed930000 - 0x00007ffeedb72000 	C:\WINDOWS\SYSTEM32\DBGHELP.DLL
0x00007ffef37a0000 - 0x00007ffef3b25000 	C:\WINDOWS\System32\combase.dll
0x00007ffef2e70000 - 0x00007ffef2f49000 	C:\WINDOWS\System32\OLEAUT32.dll
0x00007ffee0ae0000 - 0x00007ffee0b1b000 	C:\WINDOWS\SYSTEM32\dbgcore.DLL
0x00007ffef1060000 - 0x00007ffef110c000 	C:\WINDOWS\System32\bcryptPrimitives.dll
0x00007ffedbfc0000 - 0x00007ffedbfcf000 	C:\Program Files\Eclipse Adoptium\jdk-21.0.9.10-hotspot\bin\instrument.dll
0x00007ffecbaa0000 - 0x00007ffecbac0000 	C:\Program Files\Eclipse Adoptium\jdk-21.0.9.10-hotspot\bin\java.dll
0x00007ffef26e0000 - 0x00007ffef2e68000 	C:\WINDOWS\System32\SHELL32.dll
0x00007ffeeea40000 - 0x00007ffeef2db000 	C:\WINDOWS\SYSTEM32\windows.storage.dll
0x00007ffef2520000 - 0x00007ffef2619000 	C:\WINDOWS\System32\SHCORE.dll
0x00007ffef2f60000 - 0x00007ffef2fc6000 	C:\WINDOWS\System32\shlwapi.dll
0x00007ffef0ef0000 - 0x00007ffef0f19000 	C:\WINDOWS\SYSTEM32\profapi.dll
0x00007ffe60ad0000 - 0x00007ffe60ba7000 	C:\Program Files\Eclipse Adoptium\jdk-21.0.9.10-hotspot\bin\jsvml.dll
0x00007ffec4340000 - 0x00007ffec4358000 	C:\Program Files\Eclipse Adoptium\jdk-21.0.9.10-hotspot\bin\zip.dll
0x00007ffedbd80000 - 0x00007ffedbd90000 	C:\Program Files\Eclipse Adoptium\jdk-21.0.9.10-hotspot\bin\net.dll
0x00007ffeeab30000 - 0x00007ffeeac58000 	C:\WINDOWS\SYSTEM32\WINHTTP.dll
0x00007ffef0210000 - 0x00007ffef027c000 	C:\WINDOWS\system32\mswsock.dll
0x00007ffec2430000 - 0x00007ffec2446000 	C:\Program Files\Eclipse Adoptium\jdk-21.0.9.10-hotspot\bin\nio.dll
0x00007ffedb950000 - 0x00007ffedb960000 	C:\Program Files\Eclipse Adoptium\jdk-21.0.9.10-hotspot\bin\verify.dll
0x00007ffebd180000 - 0x00007ffebd198000 	C:\WINDOWS\system32\napinsp.dll
0x00007ffeef7c0000 - 0x00007ffeef918000 	C:\WINDOWS\SYSTEM32\DNSAPI.dll
0x00007ffef0030000 - 0x00007ffef003d000 	C:\WINDOWS\SYSTEM32\DSPARSE.dll
0x00007ffeef780000 - 0x00007ffeef7b3000 	C:\WINDOWS\SYSTEM32\IPHLPAPI.DLL
0x00007ffef1b80000 - 0x00007ffef1b8a000 	C:\WINDOWS\System32\NSI.dll
0x00007ffebe290000 - 0x00007ffebe2a3000 	C:\WINDOWS\System32\winrnr.dll
0x00007ffe71b40000 - 0x00007ffe71b62000 	C:\WINDOWS\system32\nlansp_c.dll
0x00007ffebd130000 - 0x00007ffebd146000 	C:\WINDOWS\system32\wshbth.dll
0x00007ffee3d50000 - 0x00007ffee3d5b000 	C:\Windows\System32\rasadhlp.dll
0x00007ffeeaf80000 - 0x00007ffeeb006000 	C:\WINDOWS\System32\fwpuclnt.dll
0x00007ffed67b0000 - 0x00007ffed67b9000 	C:\Program Files\Eclipse Adoptium\jdk-21.0.9.10-hotspot\bin\extnet.dll
0x00007ffed3690000 - 0x00007ffed369e000 	C:\Program Files\Eclipse Adoptium\jdk-21.0.9.10-hotspot\bin\sunmscapi.dll
0x00007ffef1960000 - 0x00007ffef1ade000 	C:\WINDOWS\System32\CRYPT32.dll
0x00007ffef07a0000 - 0x00007ffef07d0000 	C:\WINDOWS\SYSTEM32\ncrypt.dll
0x00007ffef0750000 - 0x00007ffef078f000 	C:\WINDOWS\SYSTEM32\NTASN1.dll
0x00007ffea2c50000 - 0x00007ffea2c58000 	C:\WINDOWS\system32\wshunix.dll
0x00007ffef0630000 - 0x00007ffef064b000 	C:\WINDOWS\SYSTEM32\CRYPTSP.dll
0x00007ffeefbe0000 - 0x00007ffeefc19000 	C:\WINDOWS\system32\rsaenh.dll
0x00007ffef02c0000 - 0x00007ffef02f2000 	C:\WINDOWS\SYSTEM32\USERENV.dll
0x00007ffef0ec0000 - 0x00007ffef0eea000 	C:\WINDOWS\SYSTEM32\bcrypt.dll
0x00007ffef0470000 - 0x00007ffef047c000 	C:\WINDOWS\SYSTEM32\CRYPTBASE.dll
0x00007ffedb7d0000 - 0x00007ffedb7da000 	C:\Program Files\Eclipse Adoptium\jdk-21.0.9.10-hotspot\bin\management.dll
0x00007ffed6840000 - 0x00007ffed684c000 	C:\Program Files\Eclipse Adoptium\jdk-21.0.9.10-hotspot\bin\management_ext.dll
0x00007ffef3d70000 - 0x00007ffef3d78000 	C:\WINDOWS\System32\PSAPI.DLL
0x00007ffe6ff60000 - 0x00007ffe70167000 	C:\Users\Anonymous\AppData\Local\Temp\AWSCRT_7653668200387941969aws-crt-jni.dll
0x00007ffeed710000 - 0x00007ffeed71d000 	C:\WINDOWS\SYSTEM32\Secur32.dll
0x00007ffeeff30000 - 0x00007ffeeff79000 	C:\WINDOWS\SYSTEM32\SSPICLI.DLL

JVMTI agents:
C:\Users\Anonymous\Documents\Exam\PROG4\hei_graduate\build\tmp\.cache\expanded\zip_cde35f471dab581134460fc9a50e2c59\jacocoagent.jar path:C:\Program Files\Eclipse Adoptium\jdk-21.0.9.10-hotspot\bin\instrument.dll, loaded, initialized, instrumentlib options:destfile=build/jacoco/test.exec,append=true,inclnolocationclasses=false,dumponexit=true,output=file,jmx=false

dbghelp: loaded successfully - version: 4.0.5 - missing functions: none
symbol engine: initialized successfully - sym options: 0x614 - pdb path: .;C:\Program Files\Eclipse Adoptium\jdk-21.0.9.10-hotspot\bin;C:\WINDOWS\SYSTEM32;C:\WINDOWS\WinSxS\amd64_microsoft.windows.common-controls_6595b64144ccf1df_6.0.26100.8972_none_3e0da176e32f9d4b;C:\Program Files\Eclipse Adoptium\jdk-21.0.9.10-hotspot\bin\server;C:\Users\Anonymous\AppData\Local\Temp

VM Arguments:
jvm_args: -Dorg.gradle.internal.worker.tmpdir=C:\Users\Anonymous\Documents\Exam\PROG4\hei_graduate\build\tmp\test\work -Dorg.gradle.native=false -javaagent:C:\Users\Anonymous\Documents\Exam\PROG4\hei_graduate\build\tmp\.cache\expanded\zip_cde35f471dab581134460fc9a50e2c59\jacocoagent.jar=destfile=build/jacoco/test.exec,append=true,inclnolocationclasses=false,dumponexit=true,output=file,jmx=false -Xmx512m -Dfile.encoding=UTF-8 -Duser.country=FR -Duser.language=fr -Duser.variant -ea 
java_command: worker.org.gradle.process.internal.worker.GradleWorkerMain 'Gradle Test Executor 9'
java_class_path (initial): C:\\Users\\Anonymous\\.gradle\\caches\\8.5\\workerMain\\gradle-worker.jar;C:\\Users\\Anonymous\\Documents\\Exam\\PROG4\\hei_graduate\\build\\classes\\java\\test;C:\\Users\\Anonymous\\Documents\\Exam\\PROG4\\hei_graduate\\build\\classes\\java\\main;C:\\Users\\Anonymous\\Documents\\Exam\\PROG4\\hei_graduate\\build\\resources\\main;C:\\Users\\Anonymous\\.gradle\\caches\\modules-2\\files-2.1\\org.springframework.boot\\spring-boot-starter-web\\3.2.2\\b89d213d9f49c3e6247b2503ac7d94b0ac8260f6\\spring-boot-starter-web-3.2.2.jar;C:\\Users\\Anonymous\\.gradle\\caches\\modules-2\\files-2.1\\org.springframework.boot\\spring-boot-starter-data-jpa\\3.2.2\\65cf3aad09f0218b7dfab849c9b0350d0a9e0d81\\spring-boot-starter-data-jpa-3.2.2.jar;C:\\Users\\Anonymous\\.gradle\\caches\\modules-2\\files-2.1\\org.flywaydb\\flyway-core\\9.22.3\\76519923a547892f0108b99d1e7b06dcb4727ecd\\flyway-core-9.22.3.jar;C:\\Users\\Anonymous\\.gradle\\caches\\modules-2\\files-2.1\\org.postgresql\\postgresql\\42.6.0\\7614cfce466145b84972781ab0079b8dea49e363\\postgresql-42.6.0.jar;C:\\Users\\Anonymous\\.gradle\\caches\\modules-2\\files-2.1\\org.hibernate.orm\\hibernate-community-dialects\\6.4.3.Final\\d192539c9f0f373bc866f6420b3a6783878361dd\\hibernate-community-dialects-6.4.3.Final.jar;C:\\Users\\Anonymous\\.gradle\\caches\\modules-2\\files-2.1\\org.springframework.boot\\spring-boot-starter-json\\3.2.2\\328f5ce9e10d5f90520e72a3ff8a2586b9e46b37\\spring-boot-starter-json-3.2.2.jar;C:\\Users\\Anonymous\\.gradle\\caches\\modules-2\\files-2.1\\com.fasterxml.jackson.dataformat\\jackson-dataformat-toml\\2.15.3\\94d1222e3ee02f8d44a0ad6a5f7476d0833e654a\\jackson-dataformat-toml-2.15.3.jar;C:\\Users\\Anonymous\\.gradle\\caches\\modules-2\\files-2.1\\org.openapitools\\jackson-databind-nullable\\0.2.6\\d8c7e6b4fcc10d36771d157fc011d2a04479e4a7\\jackson-databind-nullable-0.2.6.jar;C:\\Users\\Anonymous\\.gradle\\caches\\modules-2\\files-2.1\\io.jsonwebtoken\\jjwt-jackson\\0.12.6\\f141e0c1136ba17f2632858238a31ae05642dbf8\\jjwt-jackson-0.12.6.jar;C:\\Users\\Anonymous\\.gradle\\caches\\modules-2\\files-2.1\\com.amazonaws.serverless\\aws-serverless-java-container-springboot3\\2.1.0\\d68ef412e0be6e41cd299eaba3fef941381b5199\\aws-serverless-java-container-springboot3-2.1.0.jar;C:\\Users\\Anonymous\\.gradle\\caches\\modules-2\\files-2.1\\com.amazonaws.serverless\\aws-serverless-java-container-core\\2.1.0\\cec7916a6c5aa03f6818220ca8f1a864136f9c5b\\aws-serverless-java-container-core-2.1.0.jar;C:\\Users\\Anonymous\\.gradle\\caches\\modules-2\\files-2.1\\com.fasterxml.jackson.datatype\\jackson-datatype-jdk8\\2.15.3\\80158cb020c7bd4e4ba94d8d752a65729dc943b2\\jackson-datatype-jdk8-2.15.3.jar;C:\\Users\\Anonymous\\.gradle\\caches\\modules-2\\files-2.1\\com.fasterxml.jackson.module\\jackson-module-parameter-names\\2.15.3\\8d251b90c5358677e7d8161e0c2488e6f84f49da\\jackson-module-parameter-names-2.15.3.jar;C:\\Users\\Anonymous\\.gradle\\caches\\modules-2\\files-2.1\\com.fasterxml.jackson.module\\jackson-module-afterburner\\2.15.3\\a34eaee30ed9c7c09f7fcd0c339dd8052347a43a\\jackson-module-afterburner-2.15.3.jar;C:\\Users\\Anonymous\\.gradle\\caches\\modules-2\\files-2.1\\com.fasterxml.jackson.core\\jackson-databind\\2.15.3\\a734bc2c47a9453c4efa772461a3aeb273c010d9\\jackson-databind-2.15.3.jar;C:\\Users\\Anonymous\\.gradle\\caches\\modules-2\\files-2.1\\org.testcontainers\\testcontainers-junit-jupiter\\2.0.2\\6d0c1a4a8d9713a9ba34c6e68be69af8041fbfdd\\testcontainers-junit-jupiter-2.0.2.jar;C:\\Users\\Anonymous\\.gradle\\caches\\modules-2\\files-2.1\\org.testcontainers\\testcontainers-postgresql\\2.0.2\\93e01f5bf7732ffd89df5fda28476070461bb161\\testcontainers-postgresql-2.0.2.jar;C:\\Users\\Anonymous\\.gradle\\caches\\modules-2\\files-2.1\\org.testcontainers\\testcontainers-jdbc\\2.0.2\\c402f7e94ff17504e62c2fc218028d670ee2087c\\testcontainers-jdbc-2.0.2.jar;C:\\Users\\Anonymous\\.gradle\\caches\\modules-2\\files-2.1\\org.testcontainers\\testcontainers-database-commons\\2.0.2\\de223c428492121729957f9657df94a68a3bd146\\testcontainers-database-commons-2.0.2.jar;C:\\Users\\Anonymous\\.gradle\\caches\\modules-2\\files-2.1\\org.testcontainers\\testcontainers\\2.0.2\\8b9f7ca7931621161b009a757ff8cd5ae0de4926\\testcontainers-2.0.2.jar;C:\\Users\\Anonymous\\.gradle\\caches\\modules-2\\files-2.1\\com.github.docker-java\\docker-java-api\\3.7.0\\47d3e92a30fc1832197602cb1214b866024372cb\\docker-java-api-3.7.0.jar;C:\\Users\\Anonymous\\.gradle\\caches\\modules-2\\files-2.1\\com.fasterxml.jackson.core\\jackson-annotations\\2.15.3\\79baf4e605eb3bbb60b1c475d44a7aecceea1d60\\jackson-annotations-2.15.3.jar;C:\\Users\\Anonymous\\.gradle\\caches\\modules-2\\files-2.1\\com.fasterxml.jackson.core\\jackson-core\\2.15.3\\60d600567c1862840397bf9ff5a92398edc5797b\\jackson-core-2.15.3.jar;C:\\Users\\Anonymous\\.gradle\\caches\\modules-2\\files-2.1\\com.fasterxml.jackson.datatype\\jackson-datatype-jsr310\\2.15.3\\4a20a0e104931bfa72f24ef358c2eb63f1ef2aaf\\jackson-datatype-jsr310-2.15.3.jar;C:\\Users\\Anonymous\\.gradle\\caches\\modules-2\\files-2.1\\software.amazon.awssdk\\ses\\2.21.40\\8926ab124c387249b41c02e32b24e59ef7a00657\\ses-2.21.40.jar;C:\\Users\\Anonymous\\.gradle\\caches\\modules-2\\files-2.1\\software.amazon.awssdk\\s3-transfer-manager\\2.21.40\\914e58391670ab194bcb60f08280c1da3dca2aac\\s3-transfer-manager-2.21.40.jar;C:\\Users\\Anonymous\\.gradle\\caches\\modules-2\\files-2.1\\software.amazon.awssdk\\s3\\2.21.40\\59328598478d765bd34fcd4fc24ab932de8c5a05\\s3-2.21.40.jar;C:\\Users\\Anonymous\\.gradle\\caches\\modules-2\\files-2.1\\software.amazon.awssdk\\aws-xml-protocol\\2.21.40\\b6e3e79b4619b3b2f34766a4059c42e78be3ebe5\\aws-xml-protocol-2.21.40.jar;C:\\Users\\Anonymous\\.gradle\\caches\\modules-2\\files-2.1\\software.amazon.awssdk\\aws-query-protocol\\2.20.26\\62d01a32c684a863b2e7aa288f8faceadef6e5ee\\aws-query-protocol-2.20.26.jar;C:\\Users\\Anonymous\\.gradle\\caches\\modules-2\\files-2.1\\com.amazonaws\\aws-lambda-java-core\\1.2.3\\4b2c5b56d06034778afb8def8a803614c6017e2\\aws-lambda-java-core-1.2.3.jar;C:\\Users\\Anonymous\\.gradle\\caches\\modules-2\\files-2.1\\com.amazonaws\\aws-lambda-java-events\\3.11.3\\38d2a58dda4229339943dcf00a17dd56051619f8\\aws-lambda-java-events-3.11.3.jar;C:\\Users\\Anonymous\\.gradle\\caches\\modules-2\\files-2.1\\software.amazon.awssdk\\sqs\\2.21.40\\1bb9c4ea8639da523548c315eb2da35d08baef07\\sqs-2.21.40.jar;C:\\Users\\Anonymous\\.gradle\\caches\\modules-2\\files-2.1\\software.amazon.awssdk\\eventbridge\\2.21.40\\454dc0f186e7ad3a5072479dde74855217dee73c\\eventbridge-2.21.40.jar;C:\\Users\\Anonymous\\.gradle\\caches\\modules-2\\files-2.1\\software.amazon.awssdk.crt\\aws-crt\\0.28.12\\caa10b2f21e884ffdd72789c66be802bcd0c82fe\\aws-crt-0.28.12.jar;C:\\Users\\Anonymous\\.gradle\\caches\\modules-2\\files-2.1\\jakarta.mail\\jakarta.mail-api\\2.1.2\\e2f24836f1720a6b53d98240a78b4860597428c8\\jakarta.mail-api-2.1.2.jar;C:\\Users\\Anonymous\\.gradle\\caches\\modules-2\\files-2.1\\org.springframework.boot\\spring-boot-starter-test\\3.2.2\\8785ad456a809e3eec319d7bbb36c3e971abd00f\\spring-boot-starter-test-3.2.2.jar;C:\\Users\\Anonymous\\.gradle\\caches\\modules-2\\files-2.1\\org.hibernate.orm\\hibernate-core\\6.4.1.Final\\3dcefddf6609e6491d37208bcc0cab1273598cbd\\hibernate-core-6.4.1.Final.jar;C:\\Users\\Anonymous\\.gradle\\caches\\modules-2\\files-2.1\\org.glassfish.jaxb\\jaxb-runtime\\4.0.4\\7180c50ef8bd127bb1dd645458b906cffcf6c2b5\\jaxb-runtime-4.0.4.jar;C:\\Users\\Anonymous\\.gradle\\caches\\modules-2\\files-2.1\\org.glassfish.jaxb\\jaxb-core\\4.0.4\\2d5aadd02af86f1e9d8c6f7e8501673f915d4e25\\jaxb-core-4.0.4.jar;C:\\Users\\Anonymous\\.gradle\\caches\\modules-2\\files-2.1\\jakarta.xml.bind\\jakarta.xml.bind-api\\4.0.1\\ca2330866cbc624c7e5ce982e121db1125d23e15\\jakarta.xml.bind-api-4.0.1.jar;C:\\Users\\Anonymous\\.gradle\\caches\\modules-2\\files-2.1\\org.eclipse.angus\\angus-activation\\2.0.1\\eaafaf4eb71b400e4136fc3a286f50e34a68ecb7\\angus-activation-2.0.1.jar;C:\\Users\\Anonymous\\.gradle\\caches\\modules-2\\files-2.1\\jakarta.activation\\jakarta.activation-api\\2.1.2\\640c0d5aff45dbff1e1a1bc09673ff3a02b1ba12\\jakarta.activation-api-2.1.2.jar;C:\\Users\\Anonymous\\.gradle\\caches\\modules-2\\files-2.1\\com.sun.mail\\jakarta.mail\\2.0.1\\96d3645f02a92bcc5e7ae1ff037151e44179f230\\jakarta.mail-2.0.1.jar;C:\\Users\\Anonymous\\.gradle\\caches\\modules-2\\files-2.1\\com.sun.activation\\jakarta.activation\\2.0.1\\828b80e886a52bb09fe41ff410b10b342f533ce1\\jakarta.activation-2.0.1.jar;C:\\Users\\Anonymous\\.gradle\\caches\\modules-2\\files-2.1\\org.apache.tika\\tika-core\\2.9.1\\bfd572826e7023dd6ceeefe1b4d0f6d3d8eef507\\tika-core-2.9.1.jar;C:\\Users\\Anonymous\\.gradle\\caches\\modules-2\\files-2.1\\org.reflections\\reflections\\0.10.2\\b638d7ca0e0fe0146b60a0e7ba232ad852a73b31\\reflections-0.10.2.jar;C:\\Users\\Anonymous\\.gradle\\caches\\modules-2\\files-2.1\\io.swagger\\swagger-annotations\\1.6.12\\47688c32bd236a8df0142c08d047760e1f53c991\\swagger-annotations-1.6.12.jar;C:\\Users\\Anonymous\\.gradle\\caches\\modules-2\\files-2.1\\org.springframework.boot\\spring-boot-starter-validation\\3.2.2\\faedd363ffbafde6a23bc7183ce79de11a96e780\\spring-boot-starter-validation-3.2.2.jar;C:\\Users\\Anonymous\\.gradle\\caches\\modules-2\\files-2.1\\org.springframework.boot\\spring-boot-starter-security\\3.2.2\\79676d6fe68878890e26be10ecab126f472d7c0f\\spring-boot-starter-security-3.2.2.jar;C:\\Users\\Anonymous\\.gradle\\caches\\modules-2\\files-2.1\\io.jsonwebtoken\\jjwt-impl\\0.12.6\\ac23673a84b6089e0369fb8ab2c69edd91cd6eb0\\jjwt-impl-0.12.6.jar;C:\\Users\\Anonymous\\.gradle\\caches\\modules-2\\files-2.1\\io.jsonwebtoken\\jjwt-api\\0.12.6\\478886a888f6add04937baf0361144504a024967\\jjwt-api-0.12.6.jar;C:\\Users\\Anonymous\\.gradle\\caches\\modules-2\\files-2.1\\org.apache.poi\\poi-ooxml\\5.2.5\\df9f2c52371eeba24db8ea8cafa77285c3cc0742\\poi-ooxml-5.2.5.jar;C:\\Users\\Anonymous\\.gradle\\caches\\modules-2\\files-2.1\\org.apache.pdfbox\\pdfbox\\2.0.30\\730753a91f7f2c574eb09a8af7288065d1e551bd\\pdfbox-2.0.30.jar;C:\\Users\\Anonymous\\.gradle\\caches\\modules-2\\files-2.1\\org.springframework.boot\\spring-boot-starter-thymeleaf\\3.2.2\\d1895c9a600547d53dddfff7c57ab7838df5d65\\spring-boot-starter-thymeleaf-3.2.2.jar;C:\\Users\\Anonymous\\.gradle\\caches\\modules-2\\files-2.1\\org.junit-pioneer\\junit-pioneer\\2.2.0\\b29babc6cd0db6e0dd85e1d6d5dd79880dc809e9\\junit-pioneer-2.2.0.jar;C:\\Users\\Anonymous\\.gradle\\caches\\modules-2\\files-2.1\\org.springframework.security\\spring-security-test\\6.2.1\\5e88b6a8c51a56dfe2756ac7143f04c07553de03\\spring-security-test-6.2.1.jar;C:\\Users\\Anonymous\\.gradle\\caches\\modules-2\\files-2.1\\org.springframework.boot\\spring-boot-starter-aop\\3.2.2\\f01ecef0ce5f8d5631890a0c456a88a72323b569\\spring-boot-starter-aop-3.2.2.jar;C:\\Users\\Anonymous\\.gradle\\caches\\modules-2\\files-2.1\\org.springframework.boot\\spring-boot-starter-jdbc\\3.2.2\\22ffda6938dca5f584c8b1b64e4e9096e8302c1e\\spring-boot-starter-jdbc-3.2.2.jar;C:\\Users\\Anonymous\\.gradle\\caches\\modules-2\\files-2.1\\org.springframework.boot\\spring-boot-starter\\3.2.2\\dc04714f9295297f92fa8099eb51edc54dbe67db\\spring-boot-starter-3.2.2.jar;C:\\Users\\Anonymous\\.gradle\\caches\\modules-2\\files-2.1\\org.springframework.boot\\spring-boot-starter-tomcat\\3.2.2\\e22a0ba37910731b382f3fe47ad36aed20fad24d\\spring-boot-starter-tomcat-3.2.2.jar;C:\\Users\\Anonymous\\.gradle\\caches\\modules-2\\files-2.1\\org.springframework.cloud\\spring-cloud-function-serverless-web\\4.1.4\\621161d5604fbc2217e3e9322b81ebf415af134e\\spring-cloud-function-serverless-web-4.1.4.jar;C:\\Users\\Anonymous\\.gradle\\caches\\modules-2\\files-2.1\\org.springframework\\spring-webmvc\\6.1.3\\f4738a57787add6567e0679eebb1b499a11019cc\\spring-webmvc-6.1.3.jar;C:\\Users\\Anonymous\\.gradle\\caches\\modules-2\\files-2.1\\org.springframework.security\\spring-security-web\\6.2.1\\4b486977ab1bcdd5dcc6aa5d8a367f1c0814bf56\\spring-security-web-6.2.1.jar;C:\\Users\\Anonymous\\.gradle\\caches\\modules-2\\files-2.1\\org.springframework\\spring-web\\6.1.3\\cc3459b4abd436331608ddb6424886875f7086ab\\spring-web-6.1.3.jar;C:\\Users\\Anonymous\\.gradle\\caches\\modules-2\\files-2.1\\org.springframework.data\\spring-data-jpa\\3.2.2\\f91a3896c2a6139ac1da1fd8ff4350ca4b0e409e\\spring-data-jpa-3.2.2.jar;C:\\Users\\Anonymous\\.gradle\\caches\\modules-2\\files-2.1\\org.springframework\\spring-aspects\\6.1.3\\c8b5dde3568dc5df6109916d8ad4866efe4e61fd\\spring-aspects-6.1.3.jar;C:\\Users\\Anonymous\\.gradle\\caches\\modules-2\\files-2.1\\com.google.code.gson\\gson\\2.10.1\\b3add478d4382b78ea20b1671390a858002feb6c\\gson-2.10.1.jar;C:\\Users\\Anonymous\\.gradle\\caches\\modules-2\\files-2.1\\org.checkerframework\\checker-qual\\3.31.0\\eeefd4af42e2f4221d145c1791582f91868f99ab\\checker-qual-3.31.0.jar;C:\\Users\\Anonymous\\.gradle\\caches\\modules-2\\files-2.1\\org.hibernate.validator\\hibernate-validator\\8.0.1.Final\\e49e116b3d3928060599b176b3538bb848718e95\\hibernate-validator-8.0.1.Final.jar;C:\\Users\\Anonymous\\.gradle\\caches\\modules-2\\files-2.1\\org.jboss.logging\\jboss-logging\\3.5.3.Final\\c88fc1d8a96d4c3491f55d4317458ccad53ca663\\jboss-logging-3.5.3.Final.jar;C:\\Users\\Anonymous\\.gradle\\caches\\modules-2\\files-2.1\\software.amazon.awssdk\\aws-json-protocol\\2.21.40\\f9d4f4da875f8e3b97c7d29eecf3735e8c2257c3\\aws-json-protocol-2.21.40.jar;C:\\Users\\Anonymous\\.gradle\\caches\\modules-2\\files-2.1\\software.amazon.awssdk\\protocol-core\\2.21.40\\e87cdd212d8216572a0e6d009c04e941eae29e95\\protocol-core-2.21.40.jar;C:\\Users\\Anonymous\\.gradle\\caches\\modules-2\\files-2.1\\software.amazon.awssdk\\aws-core\\2.21.40\\a16c8f6df9bd109bbad88e1305ad543c8e9068ff\\aws-core-2.21.40.jar;C:\\Users\\Anonymous\\.gradle\\caches\\modules-2\\files-2.1\\software.amazon.awssdk\\auth\\2.21.40\\35dfb5a4ba81867728bb76ad361052c36ae7d6ac\\auth-2.21.40.jar;C:\\Users\\Anonymous\\.gradle\\caches\\modules-2\\files-2.1\\software.amazon.awssdk\\regions\\2.21.40\\c3980558a2fac93ccf9a9e0012ed4f9ad9d0b73c\\regions-2.21.40.jar;C:\\Users\\Anonymous\\.gradle\\caches\\modules-2\\files-2.1\\software.amazon.awssdk\\sdk-core\\2.21.40\\391ee3e8d735e65b2e673a4f2a95bb59f50b7f63\\sdk-core-2.21.40.jar;C:\\Users\\Anonymous\\.gradle\\caches\\modules-2\\files-2.1\\software.amazon.awssdk\\http-auth-aws\\2.21.40\\2080bc865f9cf700c4678d9e92913ad7774abb84\\http-auth-aws-2.21.40.jar;C:\\Users\\Anonymous\\.gradle\\caches\\modules-2\\files-2.1\\software.amazon.awssdk\\http-auth\\2.21.40\\37c68a83b46f1379f41f0fd46d88c9127a02c2b9\\http-auth-2.21.40.jar;C:\\Users\\Anonymous\\.gradle\\caches\\modules-2\\files-2.1\\software.amazon.awssdk\\http-auth-spi\\2.21.40\\3763606e224e647ae59975d146f62e7fa8f8a004\\http-auth-spi-2.21.40.jar;C:\\Users\\Anonymous\\.gradle\\caches\\modules-2\\files-2.1\\software.amazon.awssdk\\apache-client\\2.21.40\\c85db84bfacf67fe9278a4d1775774750cd4f55c\\apache-client-2.21.40.jar;C:\\Users\\Anonymous\\.gradle\\caches\\modules-2\\files-2.1\\software.amazon.awssdk\\netty-nio-client\\2.21.40\\4412861c773c475da1553cd6030074f91a443757\\netty-nio-client-2.21.40.jar;C:\\Users\\Anonymous\\.gradle\\caches\\modules-2\\files-2.1\\software.amazon.awssdk\\http-client-spi\\2.21.40\\aae2d1cef0f805efa36383e7a0f8c5fcf7ab7be8\\http-client-spi-2.21.40.jar;C:\\Users\\Anonymous\\.gradle\\caches\\modules-2\\files-2.1\\software.amazon.awssdk\\identity-spi\\2.21.40\\c8009ff55bcd5482b4f1e89f8026db1ffd10cfdf\\identity-spi-2.21.40.jar;C:\\Users\\Anonymous\\.gradle\\caches\\modules-2\\files-2.1\\software.amazon.awssdk\\metrics-spi\\2.21.40\\a43405adcc8a13018942afa8bcc578d1eedca9b6\\metrics-spi-2.21.40.jar;C:\\Users\\Anonymous\\.gradle\\caches\\modules-2\\files-2.1\\software.amazon.awssdk\\json-utils\\2.21.40\\9f888c83764fa4179a69b71e4b29981aed794038\\json-utils-2.21.40.jar;C:\\Users\\Anonymous\\.gradle\\caches\\modules-2\\files-2.1\\software.amazon.awssdk\\arns\\2.21.40\\a99634492b0eb6f824108c76dd31eeb80b223fd8\\arns-2.21.40.jar;C:\\Users\\Anonymous\\.gradle\\caches\\modules-2\\files-2.1\\software.amazon.awssdk\\profiles\\2.21.40\\859228b1b098b835e61c7825a0ef7d28172ddb23\\profiles-2.21.40.jar;C:\\Users\\Anonymous\\.gradle\\caches\\modules-2\\files-2.1\\software.amazon.awssdk\\crt-core\\2.21.40\\87ae688795ce7f9a83f6f2d9186571af93afb4e0\\crt-core-2.21.40.jar;C:\\Users\\Anonymous\\.gradle\\caches\\modules-2\\files-2.1\\software.amazon.awssdk\\utils\\2.21.40\\966fe822556b6a7dc500eb0c1afe4625f3ec16b9\\utils-2.21.40.jar;C:\\Users\\Anonymous\\.gradle\\caches\\modules-2\\files-2.1\\org.thymeleaf\\thymeleaf-spring6\\3.1.2.RELEASE\\6030c7b4e260c41336f378e53da6e8531263f24b\\thymeleaf-spring6-3.1.2.RELEASE.jar;C:\\Users\\Anonymous\\.gradle\\caches\\modules-2\\files-2.1\\com.github.docker-java\\docker-java-transport-zerodep\\3.7.0\\55185d3af96befa953dcb0b89de3751f95999511\\docker-java-transport-zerodep-3.7.0.jar;C:\\Users\\Anonymous\\.gradle\\caches\\modules-2\\files-2.1\\com.jayway.jsonpath\\json-path\\2.8.0\\b4ab3b7a9e425655a0ca65487bbbd6d7ddb75160\\json-path-2.8.0.jar;C:\\Users\\Anonymous\\.gradle\\caches\\modules-2\\files-2.1\\com.zaxxer\\HikariCP\\5.0.1\\a74c7f0a37046846e88d54f7cb6ea6d565c65f9c\\HikariCP-5.0.1.jar;C:\\Users\\Anonymous\\.gradle\\caches\\modules-2\\files-2.1\\org.springframework.data\\spring-data-commons\\3.2.2\\9b0b0f5f5bc793463a81171d6889809abc14b19b\\spring-data-commons-3.2.2.jar;C:\\Users\\Anonymous\\.gradle\\caches\\modules-2\\files-2.1\\org.thymeleaf\\thymeleaf\\3.1.2.RELEASE\\273997509a4c7aef86cee0521750140c587d9be2\\thymeleaf-3.1.2.RELEASE.jar;C:\\Users\\Anonymous\\.gradle\\caches\\modules-2\\files-2.1\\org.springframework.boot\\spring-boot-starter-logging\\3.2.2\\3347c3b1cec6cf2d5fa186d1e49d2f378a6b7cae\\spring-boot-starter-logging-3.2.2.jar;C:\\Users\\Anonymous\\.gradle\\caches\\modules-2\\files-2.1\\ch.qos.logback\\logback-classic\\1.4.14\\d98bc162275134cdf1518774da4a2a17ef6fb94d\\logback-classic-1.4.14.jar;C:\\Users\\Anonymous\\.gradle\\caches\\modules-2\\files-2.1\\org.apache.logging.log4j\\log4j-to-slf4j\\2.21.1\\d77b2ba81711ed596cd797cc2b5b5bd7409d841c\\log4j-to-slf4j-2.21.1.jar;C:\\Users\\Anonymous\\.gradle\\caches\\modules-2\\files-2.1\\org.slf4j\\jul-to-slf4j\\2.0.11\\279356f8e873b1a26badd8bbb3284b5c3b22c770\\jul-to-slf4j-2.0.11.jar;C:\\Users\\Anonymous\\.gradle\\caches\\modules-2\\files-2.1\\org.slf4j\\slf4j-api\\2.0.11\\ad96c3f8cf895e696dd35c2bc8e8ebe710be9e6d\\slf4j-api-2.0.11.jar;C:\\Users\\Anonymous\\.gradle\\caches\\modules-2\\files-2.1\\software.amazon.awssdk\\endpoints-spi\\2.21.40\\293fa40e5e3267132b9d0e88581de952b590f5f0\\endpoints-spi-2.21.40.jar;C:\\Users\\Anonymous\\.gradle\\caches\\modules-2\\files-2.1\\software.amazon.awssdk\\checksums\\2.21.40\\56cc2c329c775f97e647f57e0fa2e4dc464d0755\\checksums-2.21.40.jar;C:\\Users\\Anonymous\\.gradle\\caches\\modules-2\\files-2.1\\software.amazon.awssdk\\checksums-spi\\2.21.40\\41b20606644967d5fd394b5f512f0be7d5325016\\checksums-spi-2.21.40.jar;C:\\Users\\Anonymous\\.gradle\\caches\\modules-2\\files-2.1\\software.amazon.awssdk\\annotations\\2.21.40\\aad81823cc1bead88b7a0ba3b3b342f0ffdd7bdd\\annotations-2.21.40.jar;C:\\Users\\Anonymous\\.gradle\\caches\\modules-2\\files-2.1\\joda-time\\joda-time\\2.10.8\\b0442d652c209a7ba7af0410ce219d997a447701\\joda-time-2.10.8.jar;C:\\Users\\Anonymous\\.gradle\\caches\\modules-2\\files-2.1\\org.apache.poi\\poi\\5.2.5\\7e00f6b2f76375fe89022d5a7db8acb71cbd55f5\\poi-5.2.5.jar;C:\\Users\\Anonymous\\.gradle\\caches\\modules-2\\files-2.1\\org.apache.commons\\commons-compress\\1.28.0\\e482f2c7a88dac3c497e96aa420b6a769f59c8d7\\commons-compress-1.28.0.jar;C:\\Users\\Anonymous\\.gradle\\caches\\modules-2\\files-2.1\\org.apache.commons\\commons-fileupload2-jakarta-servlet6\\2.0.0-M2\\de8ac10c2fcf051714db8c23754cce58eacdcdb6\\commons-fileupload2-jakarta-servlet6-2.0.0-M2.jar;C:\\Users\\Anonymous\\.gradle\\caches\\modules-2\\files-2.1\\org.apache.commons\\commons-fileupload2-core\\2.0.0-M2\\5b16aec91c2e0b0e6052bff9795045c2704f6ca7\\commons-fileupload2-core-2.0.0-M2.jar;C:\\Users\\Anonymous\\.gradle\\caches\\modules-2\\files-2.1\\commons-io\\commons-io\\2.20.0\\36f3474daec2849c149e877614e7f979b2082cd2\\commons-io-2.20.0.jar;C:\\Users\\Anonymous\\.gradle\\caches\\modules-2\\files-2.1\\org.javassist\\javassist\\3.28.0-GA\\9a958811a88381bb159cc2f5ed79c34a45c4af7a\\javassist-3.28.0-GA.jar;C:\\Users\\Anonymous\\.gradle\\caches\\modules-2\\files-2.1\\com.google.code.findbugs\\jsr305\\3.0.2\\25ea2e8b0c338a877313bd4672d3fe056ea78f0d\\jsr305-3.0.2.jar;C:\\Users\\Anonymous\\.gradle\\caches\\modules-2\\files-2.1\\org.apache.tomcat.embed\\tomcat-embed-el\\10.1.18\\b2c4dc05abd363c63b245523bb071727aa2f1046\\tomcat-embed-el-10.1.18.jar;C:\\Users\\Anonymous\\.gradle\\caches\\modules-2\\files-2.1\\org.springframework.security\\spring-security-config\\6.2.1\\119953fd2980d50e1119b913a8596e5e6bdc1295\\spring-security-config-6.2.1.jar;C:\\Users\\Anonymous\\.gradle\\caches\\modules-2\\files-2.1\\org.springframework.security\\spring-security-core\\6.2.1\\b4014a04f217f0f48d15bc7d53906b6911ad855f\\spring-security-core-6.2.1.jar;C:\\Users\\Anonymous\\.gradle\\caches\\modules-2\\files-2.1\\org.springframework.boot\\spring-boot-test-autoconfigure\\3.2.2\\3413e663b2e3e005db07a60883ac6cd01b0dc0c\\spring-boot-test-autoconfigure-3.2.2.jar;C:\\Users\\Anonymous\\.gradle\\caches\\modules-2\\files-2.1\\org.springframework.boot\\spring-boot-test\\3.2.2\\9e76de9c9f520865c5d62588323f018a9d4e9077\\spring-boot-test-3.2.2.jar;C:\\Users\\Anonymous\\.gradle\\caches\\modules-2\\files-2.1\\org.springframework.boot\\spring-boot-autoconfigure\\3.2.2\\5c407409f8d260a4bc6e173d16fc3b36e6adec21\\spring-boot-autoconfigure-3.2.2.jar;C:\\Users\\Anonymous\\.gradle\\caches\\modules-2\\files-2.1\\org.springframework.boot\\spring-boot\\3.2.2\\9f274d1bd822c4c57bb5b37ecae2380b980f567\\spring-boot-3.2.2.jar;C:\\Users\\Anonymous\\.gradle\\caches\\modules-2\\files-2.1\\org.springframework\\spring-context\\6.1.3\\c63f038933701058fd7578460c66dbe2d424915\\spring-context-6.1.3.jar;C:\\Users\\Anonymous\\.gradle\\caches\\modules-2\\files-2.1\\org.springframework\\spring-aop\\6.1.3\\4d9bd4bd9b8bedf9ef151b45c79766b336117b9a\\spring-aop-6.1.3.jar;C:\\Users\\Anonymous\\.gradle\\caches\\modules-2\\files-2.1\\org.apache.poi\\poi-ooxml-lite\\5.2.5\\eaa61452d8f0d13080fbb4757a392f09f90e4c49\\poi-ooxml-lite-5.2.5.jar;C:\\Users\\Anonymous\\.gradle\\caches\\modules-2\\files-2.1\\org.apache.xmlbeans\\xmlbeans\\5.2.0\\6198ac997b3f234f2b5393fa415f78fac2e06510\\xmlbeans-5.2.0.jar;C:\\Users\\Anonymous\\.gradle\\caches\\modules-2\\files-2.1\\com.github.virtuald\\curvesapi\\1.08\\3d3d36568154059825089b289dcfca481fe44e2c\\curvesapi-1.08.jar;C:\\Users\\Anonymous\\.gradle\\caches\\modules-2\\files-2.1\\org.apache.logging.log4j\\log4j-api\\2.21.1\\74c65e87b9ce1694a01524e192d7be989ba70486\\log4j-api-2.21.1.jar;C:\\Users\\Anonymous\\.gradle\\caches\\modules-2\\files-2.1\\org.apache.commons\\commons-collections4\\4.4\\62ebe7544cb7164d87e0637a2a6a2bdc981395e8\\commons-collections4-4.4.jar;C:\\Users\\Anonymous\\.gradle\\caches\\modules-2\\files-2.1\\org.apache.pdfbox\\fontbox\\2.0.30\\555e5d59a4d83c95c4330f018a6c32861880b6df\\fontbox-2.0.30.jar;C:\\Users\\Anonymous\\.gradle\\caches\\modules-2\\files-2.1\\org.apache.httpcomponents\\httpclient\\4.5.13\\e5f6cae5ca7ecaac1ec2827a9e2d65ae2869cada\\httpclient-4.5.13.jar;C:\\Users\\Anonymous\\.gradle\\caches\\modules-2\\files-2.1\\commons-logging\\commons-logging\\1.2\\4bfc12adfe4842bf07b657f0369c4cb522955686\\commons-logging-1.2.jar;C:\\Users\\Anonymous\\.gradle\\caches\\modules-2\\files-2.1\\org.rnorth.duct-tape\\duct-tape\\1.0.8\\92edc22a9ab2f3e17c9bf700aaee377d50e8b530\\duct-tape-1.0.8.jar;C:\\Users\\Anonymous\\.gradle\\caches\\modules-2\\files-2.1\\net.minidev\\json-smart\\2.5.0\\57a64f421b472849c40e77d2e7cce3a141b41e99\\json-smart-2.5.0.jar;C:\\Users\\Anonymous\\.gradle\\caches\\modules-2\\files-2.1\\org.assertj\\assertj-core\\3.24.2\\ebbf338e33f893139459ce5df023115971c2786f\\assertj-core-3.24.2.jar;C:\\Users\\Anonymous\\.gradle\\caches\\modules-2\\files-2.1\\org.awaitility\\awaitility\\4.2.0\\2c39784846001a9cffd6c6b89c78de62c0d80fb8\\awaitility-4.2.0.jar;C:\\Users\\Anonymous\\.gradle\\caches\\modules-2\\files-2.1\\org.hamcrest\\hamcrest\\2.2\\1820c0968dba3a11a1b30669bb1f01978a91dedc\\hamcrest-2.2.jar;C:\\Users\\Anonymous\\.gradle\\caches\\modules-2\\files-2.1\\org.mockito\\mockito-junit-jupiter\\5.7.0\\ac2d6a3431747a7986b8f4abef465f72bf3a21ae\\mockito-junit-jupiter-5.7.0.jar;C:\\Users\\Anonymous\\.gradle\\caches\\modules-2\\files-2.1\\org.junit.jupiter\\junit-jupiter-params\\5.10.1\\c8f15d4e99940c4564098af78c10809c00fdca06\\junit-jupiter-params-5.10.1.jar;C:\\Users\\Anonymous\\.gradle\\caches\\modules-2\\files-2.1\\org.junit.jupiter\\junit-jupiter-engine\\5.10.1\\6c9ff773f9aa842b91d1f2fe4658973252ce2428\\junit-jupiter-engine-5.10.1.jar;C:\\Users\\Anonymous\\.gradle\\caches\\modules-2\\files-2.1\\org.junit.jupiter\\junit-jupiter-api\\5.10.1\\eb90c7d8bfaae8fdc97b225733fcb595ddd72843\\junit-jupiter-api-5.10.1.jar;C:\\Users\\Anonymous\\.gradle\\caches\\modules-2\\files-2.1\\org.junit.platform\\junit-platform-launcher\\1.10.1\\ce85bf5e38bee0989ded9bd468dd4ff78dc0cfa8\\junit-platform-launcher-1.10.1.jar;C:\\Users\\Anonymous\\.gradle\\caches\\modules-2\\files-2.1\\org.junit.platform\\junit-platform-engine\\1.10.1\\f32ae4af74fde68414b8a3d2b7cf1fb43824a83a\\junit-platform-engine-1.10.1.jar;C:\\Users\\Anonymous\\.gradle\\caches\\modules-2\\files-2.1\\org.junit.platform\\junit-platform-commons\\1.10.1\\2bfcd4a4e38b10c671b6916d7e543c20afe25579\\junit-platform-commons-1.10.1.jar;C:\\Users\\Anonymous\\.gradle\\caches\\modules-2\\files-2.1\\org.junit.jupiter\\junit-jupiter\\5.10.1\\6e5c7dd668d6349cb99e52ab8321e73479a309bc\\junit-jupiter-5.10.1.jar;C:\\Users\\Anonymous\\.gradle\\caches\\modules-2\\files-2.1\\org.mockito\\mockito-core\\5.7.0\\a1c258331ab91d66863c983aff7136357e9de056\\mockito-core-5.7.0.jar;C:\\Users\\Anonymous\\.gradle\\caches\\modules-2\\files-2.1\\org.skyscreamer\\jsonassert\\1.5.1\\6d842d0faf4cf6725c509a5e5347d319ee0431c3\\jsonassert-1.5.1.jar;C:\\Users\\Anonymous\\.gradle\\caches\\modules-2\\files-2.1\\org.springframework\\spring-test\\6.1.3\\193a0c6c53a4eed98a1d7567e952647a92cf53aa\\spring-test-6.1.3.jar;C:\\Users\\Anonymous\\.gradle\\caches\\modules-2\\files-2.1\\org.springframework\\spring-orm\\6.1.3\\98572e26c6d011c9710545085358a4e35e27649\\spring-orm-6.1.3.jar;C:\\Users\\Anonymous\\.gradle\\caches\\modules-2\\files-2.1\\org.springframework\\spring-jdbc\\6.1.3\\be4b30cc956b26f13e04ccadc2b0575038c531bb\\spring-jdbc-6.1.3.jar;C:\\Users\\Anonymous\\.gradle\\caches\\modules-2\\files-2.1\\org.springframework\\spring-tx\\6.1.3\\7750337bf46a2ff248685915c7cc88d3bef2f666\\spring-tx-6.1.3.jar;C:\\Users\\Anonymous\\.gradle\\caches\\modules-2\\files-2.1\\org.springframework\\spring-beans\\6.1.3\\c2df4210e796d3a27efc1f22621aa4e2c6cd985f\\spring-beans-6.1.3.jar;C:\\Users\\Anonymous\\.gradle\\caches\\modules-2\\files-2.1\\org.springframework\\spring-expression\\6.1.3\\7c35fc3d7525a024fdde8a5d7597a6a8a4e59d7\\spring-expression-6.1.3.jar;C:\\Users\\Anonymous\\.gradle\\caches\\modules-2\\files-2.1\\org.springframework\\spring-core\\6.1.3\\a002e96e780954cc3ac4cd70fd3bb16accdc47ed\\spring-core-6.1.3.jar;C:\\Users\\Anonymous\\.gradle\\caches\\modules-2\\files-2.1\\org.xmlunit\\xmlunit-core\\2.9.1\\e5833662d9a1279a37da3ef6f62a1da29fcd68c4\\xmlunit-core-2.9.1.jar;C:\\Users\\Anonymous\\.gradle\\caches\\modules-2\\files-2.1\\jakarta.annotation\\jakarta.annotation-api\\2.1.1\\48b9bda22b091b1f48b13af03fe36db3be6e1ae3\\jakarta.annotation-api-2.1.1.jar;C:\\Users\\Anonymous\\.gradle\\caches\\modules-2\\files-2.1\\org.yaml\\snakeyaml\\2.2\\3af797a25458550a16bf89acc8e4ab2b7f2bfce0\\snakeyaml-2.2.jar;C:\\Users\\Anonymous\\.gradle\\caches\\modules-2\\files-2.1\\org.apache.tomcat.embed\\tomcat-embed-websocket\\10.1.18\\83a3bc6898f2ceed2357ba231a5e83dc2016d454\\tomcat-embed-websocket-10.1.18.jar;C:\\Users\\Anonymous\\.gradle\\caches\\modules-2\\files-2.1\\org.apache.tomcat.embed\\tomcat-embed-core\\10.1.18\\bff6c34649d1dd7b509e819794d73ba795947dcf\\tomcat-embed-core-10.1.18.jar;C:\\Users\\Anonymous\\.gradle\\caches\\modules-2\\files-2.1\\io.micrometer\\micrometer-observation\\1.12.2\\e082b05a2527fc24ea6fbe4c4b7ae34653aace81\\micrometer-observation-1.12.2.jar;C:\\Users\\Anonymous\\.gradle\\caches\\modules-2\\files-2.1\\org.aspectj\\aspectjweaver\\1.9.21\\beaabaea95c7f3330f415c72ee0ffe79b51d172f\\aspectjweaver-1.9.21.jar;C:\\Users\\Anonymous\\.gradle\\caches\\modules-2\\files-2.1\\jakarta.persistence\\jakarta.persistence-api\\3.1.0\\66901fa1c373c6aff65c13791cc11da72060a8d6\\jakarta.persistence-api-3.1.0.jar;C:\\Users\\Anonymous\\.gradle\\caches\\modules-2\\files-2.1\\jakarta.transaction\\jakarta.transaction-api\\2.0.1\\51a520e3fae406abb84e2e1148e6746ce3f80a1a\\jakarta.transaction-api-2.0.1.jar;C:\\Users\\Anonymous\\.gradle\\caches\\modules-2\\files-2.1\\org.hibernate.common\\hibernate-commons-annotations\\6.0.6.Final\\77a5f94b56d49508e0ee334751db5b78e5ccd50c\\hibernate-commons-annotations-6.0.6.Final.jar;C:\\Users\\Anonymous\\.gradle\\caches\\modules-2\\files-2.1\\io.smallrye\\jandex\\3.1.2\\a6c1c89925c7df06242b03dddb353116ceb9584c\\jandex-3.1.2.jar;C:\\Users\\Anonymous\\.gradle\\caches\\modules-2\\files-2.1\\com.fasterxml\\classmate\\1.6.0\\91affab6f84a2182fce5dd72a8d01bc14346dddd\\classmate-1.6.0.jar;C:\\Users\\Anonymous\\.gradle\\caches\\modules-2\\files-2.1\\net.bytebuddy\\byte-buddy\\1.14.11\\725602eb7c8c56b51b9c21f273f9df5c909d9e7d\\byte-buddy-1.14.11.jar;C:\\Users\\Anonymous\\.gradle\\caches\\modules-2\\files-2.1\\jakarta.inject\\jakarta.inject-api\\2.0.1\\4c28afe1991a941d7702fe1362c365f0a8641d1e\\jakarta.inject-api-2.0.1.jar;C:\\Users\\Anonymous\\.gradle\\caches\\modules-2\\files-2.1\\org.antlr\\antlr4-runtime\\4.13.0\\5a02e48521624faaf5ff4d99afc88b01686af655\\antlr4-runtime-4.13.0.jar;C:\\Users\\Anonymous\\.gradle\\caches\\modules-2\\files-2.1\\jakarta.servlet\\jakarta.servlet-api\\6.0.0\\abecc699286e65035ebba9844c03931357a6a963\\jakarta.servlet-api-6.0.0.jar;C:\\Users\\Anonymous\\.gradle\\caches\\modules-2\\files-2.1\\jakarta.ws.rs\\jakarta.ws.rs-api\\3.1.0\\15ce10d249a38865b58fc39521f10f29ab0e3363\\jakarta.ws.rs-api-3.1.0.jar;C:\\Users\\Anonymous\\.gradle\\caches\\modules-2\\files-2.1\\org.reactivestreams\\reactive-streams\\1.0.4\\3864a1320d97d7b045f729a326e1e077661f31b7\\reactive-streams-1.0.4.jar;C:\\Users\\Anonymous\\.gradle\\caches\\modules-2\\files-2.1\\software.amazon.eventstream\\eventstream\\1.0.1\\6ff8649dffc5190366ada897ba8525a836297784\\eventstream-1.0.1.jar;C:\\Users\\Anonymous\\.gradle\\caches\\modules-2\\files-2.1\\software.amazon.awssdk\\third-party-jackson-core\\2.21.40\\bdad1fb829627469d269a898f4d51df70f80c407\\third-party-jackson-core-2.21.40.jar;C:\\Users\\Anonymous\\.gradle\\caches\\modules-2\\files-2.1\\org.apache.httpcomponents\\httpcore\\4.4.16\\51cf043c87253c9f58b539c9f7e44c8894223850\\httpcore-4.4.16.jar;C:\\Users\\Anonymous\\.gradle\\caches\\modules-2\\files-2.1\\commons-codec\\commons-codec\\1.16.0\\4e3eb3d79888d76b54e28b350915b5dc3919c9de\\commons-codec-1.16.0.jar;C:\\Users\\Anonymous\\.gradle\\caches\\modules-2\\files-2.1\\io.netty\\netty-codec-http2\\4.1.105.Final\\7c558b1ea68a2385b250191ad5ecb0f4afb2d866\\netty-codec-http2-4.1.105.Final.jar;C:\\Users\\Anonymous\\.gradle\\caches\\modules-2\\files-2.1\\io.netty\\netty-codec-http\\4.1.105.Final\\bc8bc7b5384fb3dcb467d2a44159282935328779\\netty-codec-http-4.1.105.Final.jar;C:\\Users\\Anonymous\\.gradle\\caches\\modules-2\\files-2.1\\io.netty\\netty-handler\\4.1.105.Final\\7e997e63d0a445c4b352bcd38474d50f06f2eaf1\\netty-handler-4.1.105.Final.jar;C:\\Users\\Anonymous\\.gradle\\caches\\modules-2\\files-2.1\\io.netty\\netty-codec\\4.1.105.Final\\4733830b4b2b9111e9bf8136691d07b20027cd51\\netty-codec-4.1.105.Final.jar;C:\\Users\\Anonymous\\.gradle\\caches\\modules-2\\files-2.1\\io.netty\\netty-transport-classes-epoll\\4.1.105.Final\\e006d3b0cfd5b8133c9fcebfa05d9ae80a721e80\\netty-transport-classes-epoll-4.1.105.Final.jar;C:\\Users\\Anonymous\\.gradle\\caches\\modules-2\\files-2.1\\io.netty\\netty-transport-native-unix-common\\4.1.105.Final\\8bb8ab3a8f1e730c6e7d1d1cf8fc24221eacc6cd\\netty-transport-native-unix-common-4.1.105.Final.jar;C:\\Users\\Anonymous\\.gradle\\caches\\modules-2\\files-2.1\\io.netty\\netty-transport\\4.1.105.Final\\5184e1308ed7d853d7061b4e21e47e8de43a28df\\netty-transport-4.1.105.Final.jar;C:\\Users\\Anonymous\\.gradle\\caches\\modules-2\\files-2.1\\io.netty\\netty-buffer\\4.1.105.Final\\c1c1b4d2c89d2f74c80a2701c124ecfde1ecf067\\netty-buffer-4.1.105.Final.jar;C:\\Users\\Anonymous\\.gradle\\caches\\modules-2\\files-2.1\\io.netty\\netty-resolver\\4.1.105.Final\\e69687e013ded60f3f9054164e121c2702200711\\netty-resolver-4.1.105.Final.jar;C:\\Users\\Anonymous\\.gradle\\caches\\modules-2\\files-2.1\\io.netty\\netty-common\\4.1.105.Final\\8438fc1de4c10301bb53ceb49ed8db74bd40cc2c\\netty-common-4.1.105.Final.jar;C:\\Users\\Anonymous\\.gradle\\caches\\modules-2\\files-2.1\\jakarta.validation\\jakarta.validation-api\\3.0.2\\92b6631659ba35ca09e44874d3eb936edfeee532\\jakarta.validation-api-3.0.2.jar;C:\\Users\\Anonymous\\.gradle\\caches\\modules-2\\files-2.1\\org.apache.commons\\commons-math3\\3.6.1\\e4ba98f1d4b3c80ec46392f25e094a6a2e58fcbf\\commons-math3-3.6.1.jar;C:\\Users\\Anonymous\\.gradle\\caches\\modules-2\\files-2.1\\com.zaxxer\\SparseBitSet\\1.3\\533eac055afe3d5f614ea95e333afd6c2bde8f26\\SparseBitSet-1.3.jar;C:\\Users\\Anonymous\\.gradle\\caches\\modules-2\\files-2.1\\org.apache.commons\\commons-lang3\\3.13.0\\b7263237aa89c1f99b327197c41d0669707a462e\\commons-lang3-3.13.0.jar;C:\\Users\\Anonymous\\.gradle\\caches\\modules-2\\files-2.1\\org.jetbrains\\annotations\\17.0.0\\8ceead41f4e71821919dbdb7a9847608f1a938cb\\annotations-17.0.0.jar;C:\\Users\\Anonymous\\.gradle\\caches\\modules-2\\files-2.1\\com.github.docker-java\\docker-java-transport\\3.7.0\\e68716970e65eb45c01c0207d15ff03bb32edf49\\docker-java-transport-3.7.0.jar;C:\\Users\\Anonymous\\.gradle\\caches\\modules-2\\files-2.1\\net.java.dev.jna\\jna\\5.18.1\\b27ba04287cc4abe769642fe8318d39fc89bf937\\jna-5.18.1.jar;C:\\Users\\Anonymous\\.gradle\\caches\\modules-2\\files-2.1\\net.minidev\\accessors-smart\\2.5.0\\aca011492dfe9c26f4e0659028a4fe0970829dd8\\accessors-smart-2.5.0.jar;C:\\Users\\Anonymous\\.gradle\\caches\\modules-2\\files-2.1\\net.bytebuddy\\byte-buddy-agent\\1.14.11\\f9cb566608fbac6bc7bf54901a7aa11543a989ee\\byte-buddy-agent-1.14.11.jar;C:\\Users\\Anonymous\\.gradle\\caches\\modules-2\\files-2.1\\org.objenesis\\objenesis\\3.3\\1049c09f1de4331e8193e579448d0916d75b7631\\objenesis-3.3.jar;C:\\Users\\Anonymous\\.gradle\\caches\\modules-2\\files-2.1\\com.vaadin.external.google\\android-json\\0.0.20131108.vaadin1\\fa26d351fe62a6a17f5cda1287c1c6110dec413f\\android-json-0.0.20131108.vaadin1.jar;C:\\Users\\Anonymous\\.gradle\\caches\\modules-2\\files-2.1\\org.springframework\\spring-jcl\\6.1.3\\a715e091ee86243ee94534a03f3c26b4e48de31e\\spring-jcl-6.1.3.jar;C:\\Users\\Anonymous\\.gradle\\caches\\modules-2\\files-2.1\\org.opentest4j\\opentest4j\\1.3.0\\152ea56b3a72f655d4fd677fc0ef2596c3dd5e6e\\opentest4j-1.3.0.jar;C:\\Users\\Anonymous\\.gradle\\caches\\modules-2\\files-2.1\\org.springframework.security\\spring-security-crypto\\6.2.1\\d7c4f4e8fe5ae84dd1da76094ee8a0a7e214923d\\spring-security-crypto-6.2.1.jar;C:\\Users\\Anonymous\\.gradle\\caches\\modules-2\\files-2.1\\io.micrometer\\micrometer-commons\\1.12.2\\b44127d8ec7b3ef11a01912d1e6474e1167f3929\\micrometer-commons-1.12.2.jar;C:\\Users\\Anonymous\\.gradle\\caches\\modules-2\\files-2.1\\org.attoparser\\attoparser\\2.0.7.RELEASE\\e5d0e988d9124139d645bb5872b24dfa23e283cc\\attoparser-2.0.7.RELEASE.jar;C:\\Users\\Anonymous\\.gradle\\caches\\modules-2\\files-2.1\\org.unbescape\\unbescape\\1.1.6.RELEASE\\7b90360afb2b860e09e8347112800d12c12b2a13\\unbescape-1.1.6.RELEASE.jar;C:\\Users\\Anonymous\\.gradle\\caches\\modules-2\\files-2.1\\org.ow2.asm\\asm\\9.3\\8e6300ef51c1d801a7ed62d07cd221aca3a90640\\asm-9.3.jar;C:\\Users\\Anonymous\\.gradle\\caches\\modules-2\\files-2.1\\ch.qos.logback\\logback-core\\1.4.14\\4d3c2248219ac0effeb380ed4c5280a80bf395e8\\logback-core-1.4.14.jar;C:\\Users\\Anonymous\\.gradle\\caches\\modules-2\\files-2.1\\org.glassfish.jaxb\\txw2\\4.0.4\\cfd2bcf08782673ac370694fdf2cf76dbaa607ef\\txw2-4.0.4.jar;C:\\Users\\Anonymous\\.gradle\\caches\\modules-2\\files-2.1\\com.sun.istack\\istack-commons-runtime\\4.1.2\\18ec117c85f3ba0ac65409136afa8e42bc74e739\\istack-commons-runtime-4.1.2.jar
Launcher Type: SUN_STANDARD

[Global flags]
     intx CICompilerCount                          = 4                                         {product} {ergonomic}
     uint ConcGCThreads                            = 2                                         {product} {ergonomic}
     uint G1ConcRefinementThreads                  = 8                                         {product} {ergonomic}
   size_t G1HeapRegionSize                         = 1048576                                   {product} {ergonomic}
    uintx GCDrainStackTargetSize                   = 64                                        {product} {ergonomic}
   size_t InitialHeapSize                          = 134217728                                 {product} {ergonomic}
   size_t MarkStackSize                            = 4194304                                   {product} {ergonomic}
   size_t MaxHeapSize                              = 536870912                                 {product} {command line}
   size_t MaxNewSize                               = 321912832                                 {product} {ergonomic}
   size_t MinHeapDeltaBytes                        = 1048576                                   {product} {ergonomic}
   size_t MinHeapSize                              = 8388608                                   {product} {ergonomic}
    uintx NonNMethodCodeHeapSize                   = 5839372                                {pd product} {ergonomic}
    uintx NonProfiledCodeHeapSize                  = 122909434                              {pd product} {ergonomic}
    uintx ProfiledCodeHeapSize                     = 122909434                              {pd product} {ergonomic}
    uintx ReservedCodeCacheSize                    = 251658240                              {pd product} {ergonomic}
     bool SegmentedCodeCache                       = true                                      {product} {ergonomic}
   size_t SoftMaxHeapSize                          = 536870912                              {manageable} {ergonomic}
     bool UseCompressedOops                        = true                           {product lp64_product} {ergonomic}
     bool UseG1GC                                  = true                                      {product} {ergonomic}
     bool UseLargePagesIndividualAllocation        = false                                  {pd product} {ergonomic}

Logging:
Log output configuration:
 #0: stdout all=warning uptime,level,tags foldmultilines=false
 #1: stderr all=off uptime,level,tags foldmultilines=false

Release file:
IMPLEMENTOR="Eclipse Adoptium" 
IMPLEMENTOR_VERSION="Temurin-21.0.9+10" 
JAVA_RUNTIME_VERSION="21.0.9+10-LTS" 
JAVA_VERSION="21.0.9" 
JAVA_VERSION_DATE="2025-10-21" 
LIBC="default" 
MODULES="java.base java.compiler java.datatransfer java.xml java.prefs java.desktop java.instrument java.logging java.management java.security.sasl java.naming java.rmi java.management.rmi java.net.http java.scripting java.security.jgss java.transaction.xa java.sql java.sql.rowset java.xml.crypto java.se java.smartcardio jdk.accessibility jdk.internal.jvmstat jdk.attach jdk.charsets jdk.internal.opt jdk.zipfs jdk.compiler jdk.crypto.ec jdk.crypto.cryptoki jdk.crypto.mscapi jdk.dynalink jdk.internal.ed jdk.editpad jdk.hotspot.agent jdk.httpserver jdk.incubator.vector jdk.internal.le jdk.internal.vm.ci jdk.internal.vm.compiler jdk.internal.vm.compiler.management jdk.jartool jdk.javadoc jdk.jcmd jdk.management jdk.management.agent jdk.jconsole jdk.jdeps jdk.jdwp.agent jdk.jdi jdk.jfr jdk.jlink jdk.jpackage jdk.jshell jdk.jsobject jdk.jstatd jdk.localedata jdk.management.jfr jdk.naming.dns jdk.naming.rmi jdk.net jdk.nio.mapmode jdk.random jdk.sctp jdk.security.auth jdk.security.jgss jdk.unsupported jdk.unsupported.desktop jdk.xml.dom" 
OS_ARCH="x86_64" 
OS_NAME="Windows" 
SOURCE=".:git:759062135b07" 
BUILD_SOURCE="git:839fa0b45d809157cffd3dc8515aad262a4a1776"
BUILD_SOURCE_REPO="https://github.com/adoptium/temurin-build.git"
SOURCE_REPO="https://github.com/adoptium/jdk21u.git"
FULL_VERSION="21.0.9+10-LTS"
SEMANTIC_VERSION="21.0.9+10"
BUILD_INFO="OS: Windows Server 2022 Version: 10.0"
JVM_VARIANT="Hotspot"
JVM_VERSION="21.0.9+10-LTS"
IMAGE_TYPE="JDK"

Environment Variables:
JAVA_HOME=C:\Program Files\Eclipse Adoptium\jdk-21.0.9.10-hotspot\
CLASSPATH=C:\Users\Anonymous\Documents\Exam\PROG4\hei_graduate\\gradle\wrapper\gradle-wrapper.jar
PATH=C:\Program Files\Eclipse Adoptium\jdk-21.0.9.10-hotspot\bin;C:\Program Files (x86)\VMware\VMware Workstation\bin\;C:\WINDOWS\system32;C:\WINDOWS;C:\WINDOWS\System32\Wbem;C:\WINDOWS\System32\WindowsPowerShell\v1.0\;C:\WINDOWS\System32\OpenSSH\;C:\Program Files\Git\cmd;C:\Users\Anonymous\AppData\Local\nvm;C:\nvm4w\nodejs;C:\Program Files\PostgreSQL\17\bin;%MAVEN_HOME%\bin;;C:\Program Files\Amazon\AWSCLIV2\;C:\Program Files\Docker\Docker\resources\bin;C:\Users\Anonymous\AppData\Local\Programs\Python\Python314\Scripts\;C:\Users\Anonymous\AppData\Local\Programs\Python\Python314\;C:\Users\Anonymous\AppData\Local\Programs\Python\Launcher\;C:\Users\Anonymous\AppData\Local\Programs\Python\Python313\Scripts\;C:\Users\Anonymous\AppData\Local\Programs\Python\Python313\;C:\Users\Anonymous\AppData\Local\Microsoft\WindowsApps;C:\Users\Anonymous\AppData\Roaming\npm;C:\Users\Anonymous\AppData\Local\nvm;C:\nvm4w\nodejs;C:\Program Files\JetBrains\IntelliJ IDEA 2025.2\bin;C:\Users\Anonymous\AppData\Local\JetBrains\Toolbox\scripts;C:\Users\Anonymous\AppData\Local\Programs\Microsoft VS Code\bin;C:\Users\Anonymous\Documents\zip\apache-maven-3.9.16-bin\apache-maven-3.9.16\bin
USERNAME=Nomena
TERM=xterm
OS=Windows_NT
PROCESSOR_IDENTIFIER=Intel64 Family 6 Model 142 Stepping 10, GenuineIntel
TMP=C:\Users\ANONYM~1\AppData\Local\Temp
TEMP=C:\Users\ANONYM~1\AppData\Local\Temp




Periodic native trim disabled

---------------  S Y S T E M  ---------------

OS:
 Windows 11 , 64 bit Build 26100 (10.0.26100.9168)
OS uptime: 0 days 4:15 hours
Hyper-V role detected

CPU: total 8 (initial active 8) (4 cores per cpu, 2 threads per core) family 6 model 142 stepping 10 microcode 0xf0, cx8, cmov, fxsr, ht, mmx, 3dnowpref, sse, sse2, sse3, ssse3, sse4.1, sse4.2, popcnt, lzcnt, tsc, tscinvbit, avx, avx2, aes, erms, clmul, bmi1, bmi2, rtm, adx, fma, vzeroupper, clflush, clflushopt, hv, rdtscp, f16c
Processor Information for the first 8 processors :
  Max Mhz: 1896, Current Mhz: 1696, Mhz Limit: 1687

Memory: 4k page, system-wide physical 8066M (427M free)
TotalPageFile size 18346M (AvailPageFile size 206M)
current process WorkingSet (physical memory assigned to process): 383M, peak: 383M
current process commit charge ("private bytes"): 444M, peak: 444M

vm_info: OpenJDK 64-Bit Server VM (21.0.9+10-LTS) for windows-amd64 JRE (21.0.9+10-LTS), built on 2025-10-21T00:00:00Z by "admin" with unknown MS VC++:1942

END.
