#
# There is insufficient memory for the Java Runtime Environment to continue.
# Native memory allocation (mmap) failed to map 65536 bytes. Error detail: Failed to commit metaspace.
# Possible reasons:
#   The system is out of physical RAM or swap space
#   This process is running with CompressedOops enabled, and the Java Heap may be blocking the growth of the native heap
# Possible solutions:
#   Reduce memory load on the system
#   Increase physical memory or swap space
#   Check if swap backing store is full
#   Decrease Java heap size (-Xmx/-Xms)
#   Decrease number of Java threads
#   Decrease Java thread stack sizes (-Xss)
#   Set larger code cache with -XX:ReservedCodeCacheSize=
#   JVM is running with Unscaled Compressed Oops mode in which the Java heap is
#     placed in the first 4GB address space. The Java Heap base address is the
#     maximum limit for the native heap growth. Please use -XX:HeapBaseMinAddress
#     to set the Java Heap base and to place the Java Heap above 4GB virtual address.
# This output file may be truncated or incomplete.
#
#  Out of Memory Error (virtualSpaceNode.cpp:113), pid=20184, tid=19384
#
# JRE version: OpenJDK Runtime Environment Temurin-21.0.9+10 (21.0.9+10) (build 21.0.9+10-LTS)
# Java VM: OpenJDK 64-Bit Server VM Temurin-21.0.9+10 (21.0.9+10-LTS, mixed mode, sharing, tiered, compressed oops, compressed class ptrs, g1 gc, windows-amd64)
# No core dump will be written. Minidumps are not enabled by default on client versions of Windows
#

---------------  S U M M A R Y ------------

Command Line: -Dorg.gradle.internal.worker.tmpdir=C:\Users\Anonymous\Documents\Exam\PROG4\hei_graduate\build\tmp\test\work -Dorg.gradle.native=false -javaagent:C:\Users\Anonymous\Documents\Exam\PROG4\hei_graduate\build\tmp\.cache\expanded\zip_cde35f471dab581134460fc9a50e2c59\jacocoagent.jar=destfile=build/jacoco/test.exec,append=true,inclnolocationclasses=false,dumponexit=true,output=file,jmx=false -Xmx512m -Dfile.encoding=UTF-8 -Duser.country=FR -Duser.language=fr -Duser.variant -ea worker.org.gradle.process.internal.worker.GradleWorkerMain 'Gradle Test Executor 11'

Host: Intel(R) Core(TM) i5-8350U CPU @ 1.70GHz, 8 cores, 7G,  Windows 11 , 64 bit Build 26100 (10.0.26100.9168)
Time: Thu Aug 20 23:32:01 2026 elapsed time: 119.243767 seconds (0d 0h 1m 59s)

---------------  T H R E A D  ---------------

Current thread (0x000002d2ab6f6780):  JavaThread "Test worker"        [_thread_in_vm, id=19384, stack(0x000000f698000000,0x000000f698100000) (1024K)]

Stack: [0x000000f698000000,0x000000f698100000]
Native frames: (J=compiled Java code, j=interpreted, Vv=VM code, C=native code)
V  [jvm.dll+0x6d6e29]
V  [jvm.dll+0x8b4b76]
V  [jvm.dll+0x8b712e]
V  [jvm.dll+0x8b7813]
V  [jvm.dll+0x283d86]
V  [jvm.dll+0x8b08be]
V  [jvm.dll+0x678824]
V  [jvm.dll+0x1e80ab]
V  [jvm.dll+0x1e7e6e]
V  [jvm.dll+0x67b122]
V  [jvm.dll+0x67af52]
V  [jvm.dll+0x6791fe]
V  [jvm.dll+0x26dc30]
V  [jvm.dll+0x683525]
V  [jvm.dll+0x21937e]
V  [jvm.dll+0x219825]
V  [jvm.dll+0x21a218]
V  [jvm.dll+0x20f44e]
V  [jvm.dll+0x5b5a0f]
V  [jvm.dll+0x82e05d]
V  [jvm.dll+0x478bae]
V  [jvm.dll+0x48bf16]
C  [java.dll+0x1657]

Java frames: (J=compiled Java code, j=interpreted, Vv=VM code)
J 2042  java.lang.ClassLoader.defineClass0(Ljava/lang/ClassLoader;Ljava/lang/Class;Ljava/lang/String;[BIILjava/security/ProtectionDomain;ZILjava/lang/Object;)Ljava/lang/Class; java.base@21.0.9 (0 bytes) @ 0x000002d2bb9c3b3c [0x000002d2bb9c3a40+0x00000000000000fc]
J 2664 c1 java.lang.System$2.defineClass(Ljava/lang/ClassLoader;Ljava/lang/Class;Ljava/lang/String;[BLjava/security/ProtectionDomain;ZILjava/lang/Object;)Ljava/lang/Class; java.base@21.0.9 (21 bytes) @ 0x000002d2b43a9374 [0x000002d2b43a92c0+0x00000000000000b4]
J 2810 c1 java.lang.invoke.MethodHandles$Lookup$ClassDefiner.defineClass(ZLjava/lang/Object;)Ljava/lang/Class; java.base@21.0.9 (213 bytes) @ 0x000002d2b43fd95c [0x000002d2b43fd420+0x000000000000053c]
J 7384 c1 java.lang.invoke.InnerClassLambdaMetafactory.generateInnerClass()Ljava/lang/Class; java.base@21.0.9 (506 bytes) @ 0x000002d2b4bd3444 [0x000002d2b4bd1ac0+0x0000000000001984]
J 3354 c1 java.lang.invoke.InnerClassLambdaMetafactory.spinInnerClass()Ljava/lang/Class; java.base@21.0.9 (118 bytes) @ 0x000002d2b44d4e9c [0x000002d2b44d4ce0+0x00000000000001bc]
J 2718 c1 java.lang.invoke.InnerClassLambdaMetafactory.buildCallSite()Ljava/lang/invoke/CallSite; java.base@21.0.9 (150 bytes) @ 0x000002d2b43d752c [0x000002d2b43d74a0+0x000000000000008c]
J 11280 c1 java.lang.invoke.LambdaMetafactory.metafactory(Ljava/lang/invoke/MethodHandles$Lookup;Ljava/lang/String;Ljava/lang/invoke/MethodType;Ljava/lang/invoke/MethodType;Ljava/lang/invoke/MethodHandle;Ljava/lang/invoke/MethodType;)Ljava/lang/invoke/CallSite; java.base@21.0.9 (71 bytes) @ 0x000002d2b3f6ffa4 [0x000002d2b3f6fb20+0x0000000000000484]
J 2930 c1 java.lang.invoke.LambdaForm$DMH+0x000002d2c811c000.invokeStatic(Ljava/lang/Object;Ljava/lang/Object;Ljava/lang/Object;Ljava/lang/Object;Ljava/lang/Object;Ljava/lang/Object;Ljava/lang/Object;)Ljava/lang/Object; java.base@21.0.9 (31 bytes) @ 0x000002d2b4419074 [0x000002d2b4418d60+0x0000000000000314]
J 12170 c1 java.lang.invoke.BootstrapMethodInvoker.invoke(Ljava/lang/Class;Ljava/lang/invoke/MethodHandle;Ljava/lang/String;Ljava/lang/Object;Ljava/lang/Object;Ljava/lang/Class;)Ljava/lang/Object; java.base@21.0.9 (974 bytes) @ 0x000002d2b50bdbac [0x000002d2b50b69a0+0x000000000000720c]
J 2708 c1 java.lang.invoke.CallSite.makeSite(Ljava/lang/invoke/MethodHandle;Ljava/lang/String;Ljava/lang/invoke/MethodType;Ljava/lang/Object;Ljava/lang/Class;)Ljava/lang/invoke/CallSite; java.base@21.0.9 (91 bytes) @ 0x000002d2b43c3bb4 [0x000002d2b43c3b20+0x0000000000000094]
J 3279 c1 java.lang.invoke.MethodHandleNatives.linkCallSiteImpl(Ljava/lang/Class;Ljava/lang/invoke/MethodHandle;Ljava/lang/String;Ljava/lang/invoke/MethodType;Ljava/lang/Object;[Ljava/lang/Object;)Ljava/lang/invoke/MemberName; java.base@21.0.9 (119 bytes) @ 0x000002d2b44abe5c [0x000002d2b44abde0+0x000000000000007c]
J 2707 c1 java.lang.invoke.MethodHandleNatives.linkCallSite(Ljava/lang/Object;Ljava/lang/Object;Ljava/lang/Object;Ljava/lang/Object;Ljava/lang/Object;[Ljava/lang/Object;)Ljava/lang/invoke/MemberName; java.base@21.0.9 (65 bytes) @ 0x000002d2b43c34bc [0x000002d2b43c3080+0x000000000000043c]
v  ~StubRoutines::call_stub 0x000002d2bb32100d
j  org.springframework.boot.web.client.ClientHttpRequestFactories$Simple.get(Lorg/springframework/boot/web/client/ClientHttpRequestFactorySettings;)Lorg/springframework/http/client/SimpleClientHttpRequestFactory;+150
j  org.springframework.boot.web.client.ClientHttpRequestFactories.get(Lorg/springframework/boot/web/client/ClientHttpRequestFactorySettings;)Lorg/springframework/http/client/ClientHttpRequestFactory;+71
j  org.springframework.boot.web.client.RestTemplateBuilder.buildRequestFactory()Lorg/springframework/http/client/ClientHttpRequestFactory;+57
j  org.springframework.boot.test.web.client.TestRestTemplate.<init>(Lorg/springframework/boot/web/client/RestTemplateBuilder;Ljava/lang/String;Ljava/lang/String;[Lorg/springframework/boot/test/web/client/TestRestTemplate$HttpClientOption;)V+53
j  org.springframework.boot.test.web.client.TestRestTemplateContextCustomizer$TestRestTemplateFactory.setApplicationContext(Lorg/springframework/context/ApplicationContext;)V+58
j  org.springframework.context.support.ApplicationContextAwareProcessor.invokeAwareInterfaces(Ljava/lang/Object;)V+315
J 12977 c1 org.springframework.context.support.ApplicationContextAwareProcessor.postProcessBeforeInitialization(Ljava/lang/Object;Ljava/lang/String;)Ljava/lang/Object; (136 bytes) @ 0x000002d2b5205554 [0x000002d2b52049c0+0x0000000000000b94]
J 11604 c1 org.springframework.beans.factory.support.AbstractAutowireCapableBeanFactory.applyBeanPostProcessorsBeforeInitialization(Ljava/lang/Object;Ljava/lang/String;)Ljava/lang/Object; (110 bytes) @ 0x000002d2b4907334 [0x000002d2b4906e40+0x00000000000004f4]
J 12946 c1 org.springframework.beans.factory.support.AbstractAutowireCapableBeanFactory.initializeBean(Ljava/lang/String;Ljava/lang/Object;Lorg/springframework/beans/factory/support/RootBeanDefinition;)Ljava/lang/Object; (211 bytes) @ 0x000002d2b503ca8c [0x000002d2b503c700+0x000000000000038c]
J 13335 c1 org.springframework.beans.factory.support.AbstractAutowireCapableBeanFactory.doCreateBean(Ljava/lang/String;Lorg/springframework/beans/factory/support/RootBeanDefinition;[Ljava/lang/Object;)Ljava/lang/Object; (915 bytes) @ 0x000002d2b52523b4 [0x000002d2b5250c80+0x0000000000001734]
J 12967 c1 org.springframework.beans.factory.support.AbstractAutowireCapableBeanFactory.createBean(Ljava/lang/String;Lorg/springframework/beans/factory/support/RootBeanDefinition;[Ljava/lang/Object;)Ljava/lang/Object; (393 bytes) @ 0x000002d2b51fb8cc [0x000002d2b51fac00+0x0000000000000ccc]
J 12961 c1 org.springframework.beans.factory.support.AbstractBeanFactory.lambda$doGetBean$0(Ljava/lang/String;Lorg/springframework/beans/factory/support/RootBeanDefinition;[Ljava/lang/Object;)Ljava/lang/Object; (47 bytes) @ 0x000002d2b50532f4 [0x000002d2b50531e0+0x0000000000000114]
J 12960 c1 org.springframework.beans.factory.support.AbstractBeanFactory$$Lambda+0x000002d2c8498508.getObject()Ljava/lang/Object; (20 bytes) @ 0x000002d2b40f8ddc [0x000002d2b40f8d40+0x000000000000009c]
J 12969 c1 org.springframework.beans.factory.support.DefaultSingletonBeanRegistry.getSingleton(Ljava/lang/String;Lorg/springframework/beans/factory/ObjectFactory;)Ljava/lang/Object; (527 bytes) @ 0x000002d2b51fdbdc [0x000002d2b51fd260+0x000000000000097c]
J 13279 c2 org.springframework.beans.factory.support.AbstractBeanFactory.doGetBean(Ljava/lang/String;Ljava/lang/Class;[Ljava/lang/Object;Z)Ljava/lang/Object; (1234 bytes) @ 0x000002d2bc02f1fc [0x000002d2bc02e0e0+0x000000000000111c]
J 12479 c1 org.springframework.beans.factory.support.AbstractBeanFactory.getBean(Ljava/lang/String;)Ljava/lang/Object; (21 bytes) @ 0x000002d2b512e83c [0x000002d2b512e7c0+0x000000000000007c]
j  org.springframework.beans.factory.support.DefaultListableBeanFactory.preInstantiateSingletons()V+209
j  org.springframework.context.support.AbstractApplicationContext.finishBeanFactoryInitialization(Lorg/springframework/beans/factory/config/ConfigurableListableBeanFactory;)V+235
j  org.springframework.context.support.AbstractApplicationContext.refresh()V+184
j  org.springframework.boot.web.servlet.context.ServletWebServerApplicationContext.refresh()V+8
j  org.springframework.boot.SpringApplication.refresh(Lorg/springframework/context/ConfigurableApplicationContext;)V+8
j  org.springframework.boot.SpringApplication.refreshContext(Lorg/springframework/context/ConfigurableApplicationContext;)V+41
j  org.springframework.boot.SpringApplication.run([Ljava/lang/String;)Lorg/springframework/context/ConfigurableApplicationContext;+190
j  org.springframework.boot.test.context.SpringBootContextLoader.lambda$loadContext$3(Lorg/springframework/boot/SpringApplication;[Ljava/lang/String;)Lorg/springframework/context/ConfigurableApplicationContext;+9
j  org.springframework.boot.test.context.SpringBootContextLoader$$Lambda+0x000002d2c83dcde0.getWithException()Ljava/lang/Object;+8
j  org.springframework.util.function.ThrowingSupplier.get(Ljava/util/function/BiFunction;)Ljava/lang/Object;+7
j  org.springframework.util.function.ThrowingSupplier.get()Ljava/lang/Object;+12
j  org.springframework.boot.SpringApplication.withHook(Lorg/springframework/boot/SpringApplicationHook;Lorg/springframework/util/function/ThrowingSupplier;)Ljava/lang/Object;+21
j  org.springframework.boot.test.context.SpringBootContextLoader$ContextLoaderHook.run(Lorg/springframework/util/function/ThrowingSupplier;)Lorg/springframework/context/ApplicationContext;+8
j  org.springframework.boot.test.context.SpringBootContextLoader.loadContext(Lorg/springframework/test/context/MergedContextConfiguration;Lorg/springframework/boot/test/context/SpringBootContextLoader$Mode;Lorg/springframework/context/ApplicationContextInitializer;)Lorg/springframework/context/ApplicationContext;+176
j  org.springframework.boot.test.context.SpringBootContextLoader.loadContext(Lorg/springframework/test/context/MergedContextConfiguration;)Lorg/springframework/context/ApplicationContext;+13
j  org.springframework.test.context.cache.DefaultCacheAwareContextLoaderDelegate.loadContextInternal(Lorg/springframework/test/context/MergedContextConfiguration;)Lorg/springframework/context/ApplicationContext;+37
j  org.springframework.test.context.cache.DefaultCacheAwareContextLoaderDelegate.loadContext(Lorg/springframework/test/context/MergedContextConfiguration;)Lorg/springframework/context/ApplicationContext;+159
j  org.springframework.test.context.support.DefaultTestContext.getApplicationContext()Lorg/springframework/context/ApplicationContext;+15
j  org.springframework.test.context.support.DependencyInjectionTestExecutionListener.injectDependencies(Lorg/springframework/test/context/TestContext;)V+33
j  org.springframework.test.context.support.DependencyInjectionTestExecutionListener.prepareTestInstance(Lorg/springframework/test/context/TestContext;)V+125
j  org.springframework.test.context.TestContextManager.prepareTestInstance(Ljava/lang/Object;)V+116
j  org.springframework.test.context.junit.jupiter.SpringExtension.postProcessTestInstance(Ljava/lang/Object;Lorg/junit/jupiter/api/extension/ExtensionContext;)V+57
j  org.junit.jupiter.engine.descriptor.ClassBasedTestDescriptor.lambda$invokeTestInstancePostProcessors$10(Lorg/junit/jupiter/api/extension/TestInstancePostProcessor;Ljava/lang/Object;Lorg/junit/jupiter/api/extension/ExtensionContext;)V+8
j  org.junit.jupiter.engine.descriptor.ClassBasedTestDescriptor$$Lambda+0x000002d2c83cf878.execute()V+12
j  org.junit.jupiter.engine.descriptor.ClassBasedTestDescriptor.executeAndMaskThrowable(Lorg/junit/jupiter/api/function/Executable;)V+5
j  org.junit.jupiter.engine.descriptor.ClassBasedTestDescriptor.lambda$invokeTestInstancePostProcessors$11(Ljava/lang/Object;Lorg/junit/jupiter/api/extension/ExtensionContext;Lorg/junit/jupiter/api/extension/TestInstancePostProcessor;)V+14
j  org.junit.jupiter.engine.descriptor.ClassBasedTestDescriptor$$Lambda+0x000002d2c83cf440.accept(Ljava/lang/Object;)V+16
j  java.util.stream.StreamSpliterators$WrappingSpliterator$$Lambda+0x000002d2c805f3b8.accept(Ljava/lang/Object;)V+5 java.base@21.0.9
J 1538 c1 java.util.stream.ReferencePipeline$3$1.accept(Ljava/lang/Object;)V java.base@21.0.9 (23 bytes) @ 0x000002d2b412a7bc [0x000002d2b412a5e0+0x00000000000001dc]
J 2178 c1 java.util.stream.ReferencePipeline$2$1.accept(Ljava/lang/Object;)V java.base@21.0.9 (27 bytes) @ 0x000002d2b42b516c [0x000002d2b42b4f60+0x000000000000020c]
J 2686 c1 java.util.ArrayList$ArrayListSpliterator.forEachRemaining(Ljava/util/function/Consumer;)V java.base@21.0.9 (127 bytes) @ 0x000002d2b43b948c [0x000002d2b43b9220+0x000000000000026c]
J 2451 c1 java.util.stream.AbstractPipeline.copyInto(Ljava/util/stream/Sink;Ljava/util/Spliterator;)V java.base@21.0.9 (54 bytes) @ 0x000002d2b434079c [0x000002d2b43403c0+0x00000000000003dc]
J 2449 c1 java.util.stream.AbstractPipeline.wrapAndCopyInto(Ljava/util/stream/Sink;Ljava/util/Spliterator;)Ljava/util/stream/Sink; java.base@21.0.9 (18 bytes) @ 0x000002d2b433fe3c [0x000002d2b433fc00+0x000000000000023c]
j  java.util.stream.StreamSpliterators$WrappingSpliterator.forEachRemaining(Ljava/util/function/Consumer;)V+42 java.base@21.0.9
j  java.util.stream.Streams$ConcatSpliterator.forEachRemaining(Ljava/util/function/Consumer;)V+22 java.base@21.0.9
j  java.util.stream.Streams$ConcatSpliterator.forEachRemaining(Ljava/util/function/Consumer;)V+12 java.base@21.0.9
j  java.util.stream.ReferencePipeline$Head.forEach(Ljava/util/function/Consumer;)V+12 java.base@21.0.9
j  org.junit.jupiter.engine.descriptor.ClassBasedTestDescriptor.invokeTestInstancePostProcessors(Ljava/lang/Object;Lorg/junit/jupiter/engine/extension/ExtensionRegistry;Lorg/junit/jupiter/api/extension/ExtensionContext;)V+22
j  org.junit.jupiter.engine.descriptor.ClassBasedTestDescriptor.lambda$instantiateAndPostProcessTestInstance$6(Lorg/junit/jupiter/api/extension/TestInstances;Lorg/junit/jupiter/engine/extension/ExtensionRegistry;Lorg/junit/jupiter/api/extension/ExtensionContext;Lorg/junit/jupiter/engine/extension/ExtensionRegistrar;)V+14
j  org.junit.jupiter.engine.descriptor.ClassBasedTestDescriptor$$Lambda+0x000002d2c83cf218.execute()V+20
j  org.junit.platform.engine.support.hierarchical.ThrowableCollector.execute(Lorg/junit/platform/engine/support/hierarchical/ThrowableCollector$Executable;)V+5
j  org.junit.jupiter.engine.descriptor.ClassBasedTestDescriptor.instantiateAndPostProcessTestInstance(Lorg/junit/jupiter/engine/execution/JupiterEngineExecutionContext;Lorg/junit/jupiter/api/extension/ExtensionContext;Lorg/junit/jupiter/engine/extension/ExtensionRegistry;Lorg/junit/jupiter/engine/extension/ExtensionRegistrar;Lorg/junit/platform/engine/support/hierarchical/ThrowableCollector;)Lorg/junit/jupiter/api/extension/TestInstances;+38
j  org.junit.jupiter.engine.descriptor.ClassBasedTestDescriptor.lambda$testInstancesProvider$4(Lorg/junit/jupiter/engine/execution/JupiterEngineExecutionContext;Lorg/junit/jupiter/engine/descriptor/ClassExtensionContext;Lorg/junit/jupiter/engine/extension/ExtensionRegistry;Lorg/junit/jupiter/engine/extension/ExtensionRegistrar;Lorg/junit/platform/engine/support/hierarchical/ThrowableCollector;)Lorg/junit/jupiter/api/extension/TestInstances;+13
j  org.junit.jupiter.engine.descriptor.ClassBasedTestDescriptor$$Lambda+0x000002d2c83cbcd8.get()Ljava/lang/Object;+24
j  java.util.Optional.orElseGet(Ljava/util/function/Supplier;)Ljava/lang/Object;+15 java.base@21.0.9
j  org.junit.jupiter.engine.descriptor.ClassBasedTestDescriptor.lambda$testInstancesProvider$5(Lorg/junit/jupiter/engine/descriptor/ClassExtensionContext;Lorg/junit/jupiter/engine/execution/JupiterEngineExecutionContext;Lorg/junit/jupiter/engine/extension/ExtensionRegistry;Lorg/junit/jupiter/engine/extension/ExtensionRegistrar;Lorg/junit/platform/engine/support/hierarchical/ThrowableCollector;)Lorg/junit/jupiter/api/extension/TestInstances;+22
j  org.junit.jupiter.engine.descriptor.ClassBasedTestDescriptor$$Lambda+0x000002d2c81647d0.getTestInstances(Lorg/junit/jupiter/engine/extension/ExtensionRegistry;Lorg/junit/jupiter/engine/extension/ExtensionRegistrar;Lorg/junit/platform/engine/support/hierarchical/ThrowableCollector;)Lorg/junit/jupiter/api/extension/TestInstances;+15
j  org.junit.jupiter.engine.execution.TestInstancesProvider.getTestInstances(Lorg/junit/jupiter/engine/extension/MutableExtensionRegistry;Lorg/junit/platform/engine/support/hierarchical/ThrowableCollector;)Lorg/junit/jupiter/api/extension/TestInstances;+9
j  org.junit.jupiter.engine.descriptor.TestMethodTestDescriptor.lambda$prepare$0(Lorg/junit/jupiter/engine/execution/JupiterEngineExecutionContext;Lorg/junit/jupiter/engine/extension/MutableExtensionRegistry;Lorg/junit/platform/engine/support/hierarchical/ThrowableCollector;Lorg/junit/jupiter/engine/descriptor/MethodExtensionContext;)V+11
j  org.junit.jupiter.engine.descriptor.TestMethodTestDescriptor$$Lambda+0x000002d2c83cbab0.execute()V+16
j  org.junit.platform.engine.support.hierarchical.ThrowableCollector.execute(Lorg/junit/platform/engine/support/hierarchical/ThrowableCollector$Executable;)V+5
j  org.junit.jupiter.engine.descriptor.TestMethodTestDescriptor.prepare(Lorg/junit/jupiter/engine/execution/JupiterEngineExecutionContext;)Lorg/junit/jupiter/engine/execution/JupiterEngineExecutionContext;+88
j  org.junit.jupiter.engine.descriptor.TestMethodTestDescriptor.prepare(Lorg/junit/platform/engine/support/hierarchical/EngineExecutionContext;)Lorg/junit/platform/engine/support/hierarchical/EngineExecutionContext;+9
j  org.junit.platform.engine.support.hierarchical.NodeTestTask.lambda$prepare$2()V+13
j  org.junit.platform.engine.support.hierarchical.NodeTestTask$$Lambda+0x000002d2c814a9a0.execute()V+4
j  org.junit.platform.engine.support.hierarchical.ThrowableCollector.execute(Lorg/junit/platform/engine/support/hierarchical/ThrowableCollector$Executable;)V+5
j  org.junit.platform.engine.support.hierarchical.NodeTestTask.prepare()V+14
j  org.junit.platform.engine.support.hierarchical.NodeTestTask.execute()V+26
j  org.junit.platform.engine.support.hierarchical.SameThreadHierarchicalTestExecutorService$$Lambda+0x000002d2c8152dc8.accept(Ljava/lang/Object;)V+4
j  java.util.ArrayList.forEach(Ljava/util/function/Consumer;)V+46 java.base@21.0.9
j  org.junit.platform.engine.support.hierarchical.SameThreadHierarchicalTestExecutorService.invokeAll(Ljava/util/List;)V+10
j  org.junit.platform.engine.support.hierarchical.NodeTestTask.lambda$executeRecursively$6()V+170
j  org.junit.platform.engine.support.hierarchical.NodeTestTask$$Lambda+0x000002d2c81522b0.execute()V+4
j  org.junit.platform.engine.support.hierarchical.ThrowableCollector.execute(Lorg/junit/platform/engine/support/hierarchical/ThrowableCollector$Executable;)V+5
j  org.junit.platform.engine.support.hierarchical.NodeTestTask.lambda$executeRecursively$8(Lorg/junit/platform/engine/support/hierarchical/EngineExecutionContext;)V+24
j  org.junit.platform.engine.support.hierarchical.NodeTestTask$$Lambda+0x000002d2c8152088.invoke(Lorg/junit/platform/engine/support/hierarchical/EngineExecutionContext;)V+5
j  org.junit.platform.engine.support.hierarchical.Node.around(Lorg/junit/platform/engine/support/hierarchical/EngineExecutionContext;Lorg/junit/platform/engine/support/hierarchical/Node$Invocation;)V+7
j  org.junit.platform.engine.support.hierarchical.NodeTestTask.lambda$executeRecursively$9()V+18
j  org.junit.platform.engine.support.hierarchical.NodeTestTask$$Lambda+0x000002d2c8151c60.execute()V+4
j  org.junit.platform.engine.support.hierarchical.ThrowableCollector.execute(Lorg/junit/platform/engine/support/hierarchical/ThrowableCollector$Executable;)V+5
j  org.junit.platform.engine.support.hierarchical.NodeTestTask.executeRecursively()V+40
j  org.junit.platform.engine.support.hierarchical.NodeTestTask.execute()V+108
j  org.junit.platform.engine.support.hierarchical.SameThreadHierarchicalTestExecutorService$$Lambda+0x000002d2c8152dc8.accept(Ljava/lang/Object;)V+4
j  java.util.ArrayList.forEach(Ljava/util/function/Consumer;)V+46 java.base@21.0.9
j  org.junit.platform.engine.support.hierarchical.SameThreadHierarchicalTestExecutorService.invokeAll(Ljava/util/List;)V+10
j  org.junit.platform.engine.support.hierarchical.NodeTestTask.lambda$executeRecursively$6()V+170
j  org.junit.platform.engine.support.hierarchical.NodeTestTask$$Lambda+0x000002d2c81522b0.execute()V+4
j  org.junit.platform.engine.support.hierarchical.ThrowableCollector.execute(Lorg/junit/platform/engine/support/hierarchical/ThrowableCollector$Executable;)V+5
j  org.junit.platform.engine.support.hierarchical.NodeTestTask.lambda$executeRecursively$8(Lorg/junit/platform/engine/support/hierarchical/EngineExecutionContext;)V+24
j  org.junit.platform.engine.support.hierarchical.NodeTestTask$$Lambda+0x000002d2c8152088.invoke(Lorg/junit/platform/engine/support/hierarchical/EngineExecutionContext;)V+5
j  org.junit.platform.engine.support.hierarchical.Node.around(Lorg/junit/platform/engine/support/hierarchical/EngineExecutionContext;Lorg/junit/platform/engine/support/hierarchical/Node$Invocation;)V+7
j  org.junit.platform.engine.support.hierarchical.NodeTestTask.lambda$executeRecursively$9()V+18
j  org.junit.platform.engine.support.hierarchical.NodeTestTask$$Lambda+0x000002d2c8151c60.execute()V+4
j  org.junit.platform.engine.support.hierarchical.ThrowableCollector.execute(Lorg/junit/platform/engine/support/hierarchical/ThrowableCollector$Executable;)V+5
j  org.junit.platform.engine.support.hierarchical.NodeTestTask.executeRecursively()V+40
j  org.junit.platform.engine.support.hierarchical.NodeTestTask.execute()V+108
j  org.junit.platform.engine.support.hierarchical.SameThreadHierarchicalTestExecutorService.submit(Lorg/junit/platform/engine/support/hierarchical/HierarchicalTestExecutorService$TestTask;)Ljava/util/concurrent/Future;+5
j  org.junit.platform.engine.support.hierarchical.HierarchicalTestExecutor.execute()Ljava/util/concurrent/Future;+107
j  org.junit.platform.engine.support.hierarchical.HierarchicalTestEngine.execute(Lorg/junit/platform/engine/ExecutionRequest;)V+55
j  org.junit.platform.launcher.core.EngineExecutionOrchestrator.execute(Lorg/junit/platform/engine/TestDescriptor;Lorg/junit/platform/engine/EngineExecutionListener;Lorg/junit/platform/engine/ConfigurationParameters;Lorg/junit/platform/engine/TestEngine;)V+35
j  org.junit.platform.launcher.core.EngineExecutionOrchestrator.execute(Lorg/junit/platform/launcher/core/LauncherDiscoveryResult;Lorg/junit/platform/engine/EngineExecutionListener;)V+183
j  org.junit.platform.launcher.core.EngineExecutionOrchestrator.execute(Lorg/junit/platform/launcher/core/InternalTestPlan;Lorg/junit/platform/engine/EngineExecutionListener;Lorg/junit/platform/launcher/TestExecutionListener;)V+108
j  org.junit.platform.launcher.core.EngineExecutionOrchestrator.lambda$execute$0(Lorg/junit/platform/launcher/core/InternalTestPlan;Lorg/junit/platform/launcher/TestExecutionListener;)V+11
j  org.junit.platform.launcher.core.EngineExecutionOrchestrator$$Lambda+0x000002d2c813d8f8.accept(Ljava/lang/Object;)V+12
j  org.junit.platform.launcher.core.EngineExecutionOrchestrator.withInterceptedStreams(Lorg/junit/platform/engine/ConfigurationParameters;Lorg/junit/platform/launcher/core/ListenerRegistry;Ljava/util/function/Consumer;)V+80
j  org.junit.platform.launcher.core.EngineExecutionOrchestrator.execute(Lorg/junit/platform/launcher/core/InternalTestPlan;[Lorg/junit/platform/launcher/TestExecutionListener;)V+40
j  org.junit.platform.launcher.core.DefaultLauncher.execute(Lorg/junit/platform/launcher/core/InternalTestPlan;[Lorg/junit/platform/launcher/TestExecutionListener;)V+11
j  org.junit.platform.launcher.core.DefaultLauncher.execute(Lorg/junit/platform/launcher/LauncherDiscoveryRequest;[Lorg/junit/platform/launcher/TestExecutionListener;)V+57
j  org.junit.platform.launcher.core.DelegatingLauncher.execute(Lorg/junit/platform/launcher/LauncherDiscoveryRequest;[Lorg/junit/platform/launcher/TestExecutionListener;)V+11
j  org.gradle.api.internal.tasks.testing.junitplatform.JUnitPlatformTestClassProcessor$CollectAllTestClassesExecutor.processAllTestClasses()V+134
j  org.gradle.api.internal.tasks.testing.junitplatform.JUnitPlatformTestClassProcessor$CollectAllTestClassesExecutor.access$000(Lorg/gradle/api/internal/tasks/testing/junitplatform/JUnitPlatformTestClassProcessor$CollectAllTestClassesExecutor;)V+5
j  org.gradle.api.internal.tasks.testing.junitplatform.JUnitPlatformTestClassProcessor.stop()V+8
j  org.gradle.api.internal.tasks.testing.SuiteTestClassProcessor.stop()V+8
j  java.lang.invoke.LambdaForm$DMH+0x000002d2c80b4800.invokeInterface(Ljava/lang/Object;Ljava/lang/Object;)V+21 java.base@21.0.9
j  java.lang.invoke.LambdaForm$MH+0x000002d2c80b5000.invoke(Ljava/lang/Object;Ljava/lang/Object;)Ljava/lang/Object;+31 java.base@21.0.9
j  java.lang.invoke.Invokers$Holder.invokeExact_MT(Ljava/lang/Object;Ljava/lang/Object;Ljava/lang/Object;)Ljava/lang/Object;+19 java.base@21.0.9
j  jdk.internal.reflect.DirectMethodHandleAccessor.invokeImpl(Ljava/lang/Object;[Ljava/lang/Object;)Ljava/lang/Object;+41 java.base@21.0.9
j  jdk.internal.reflect.DirectMethodHandleAccessor.invoke(Ljava/lang/Object;[Ljava/lang/Object;)Ljava/lang/Object;+23 java.base@21.0.9
j  java.lang.reflect.Method.invoke(Ljava/lang/Object;[Ljava/lang/Object;)Ljava/lang/Object;+102 java.base@21.0.9
j  org.gradle.internal.dispatch.ReflectionDispatch.dispatch(Lorg/gradle/internal/dispatch/MethodInvocation;)V+34
j  org.gradle.internal.dispatch.ReflectionDispatch.dispatch(Ljava/lang/Object;)V+9
j  org.gradle.internal.dispatch.ContextClassLoaderDispatch.dispatch(Ljava/lang/Object;)V+35
j  org.gradle.internal.dispatch.ProxyDispatchAdapter$DispatchingInvocationHandler.invoke(Ljava/lang/Object;Ljava/lang/reflect/Method;[Ljava/lang/Object;)Ljava/lang/Object;+288
j  jdk.proxy2.$Proxy5.stop()V+9 jdk.proxy2
j  org.gradle.api.internal.tasks.testing.worker.TestWorker$3.run()V+11
j  org.gradle.api.internal.tasks.testing.worker.TestWorker.executeAndMaintainThreadName(Ljava/lang/Runnable;)V+5
j  org.gradle.api.internal.tasks.testing.worker.TestWorker.execute(Lorg/gradle/process/internal/worker/WorkerProcessContext;)V+118
j  org.gradle.api.internal.tasks.testing.worker.TestWorker.execute(Ljava/lang/Object;)V+9
j  org.gradle.process.internal.worker.child.ActionExecutionWorker.execute(Lorg/gradle/process/internal/worker/WorkerProcessContext;)V+92
j  org.gradle.process.internal.worker.child.SystemApplicationClassLoaderWorker.call()Ljava/lang/Void;+421
j  org.gradle.process.internal.worker.child.SystemApplicationClassLoaderWorker.call()Ljava/lang/Object;+5
j  worker.org.gradle.process.internal.worker.GradleWorkerMain.run()V+350
j  worker.org.gradle.process.internal.worker.GradleWorkerMain.main([Ljava/lang/String;)V+11
v  ~StubRoutines::call_stub 0x000002d2bb32100d

Compiled method (n/a) 119360 2042     n 0       java.lang.ClassLoader::defineClass0 (native)
 total in heap  [0x000002d2bb9c3890,0x000002d2bb9c3e50] = 1472
 relocation     [0x000002d2bb9c39f0,0x000002d2bb9c3a28] = 56
 main code      [0x000002d2bb9c3a40,0x000002d2bb9c3e4c] = 1036
 stub code      [0x000002d2bb9c3e4c,0x000002d2bb9c3e50] = 4

[Constant Pool (empty)]

[MachCode]
[Entry Point]
  # {method} {0x000002d2c74362d0} 'defineClass0' '(Ljava/lang/ClassLoader;Ljava/lang/Class;Ljava/lang/String;[BIILjava/security/ProtectionDomain;ZILjava/lang/Object;)Ljava/lang/Class;' in 'java/lang/ClassLoader'
  # parm0:    rdx:rdx   = 'java/lang/ClassLoader'
  # parm1:    r8:r8     = 'java/lang/Class'
  # parm2:    r9:r9     = 'java/lang/String'
  # parm3:    rdi:rdi   = '[B'
  # parm4:    rsi       = int
  # parm5:    rcx       = int
  # parm6:    [sp+0xb0]   = 'java/security/ProtectionDomain'  (sp of caller)
  # parm7:    [sp+0xb8]   = boolean
  # parm8:    [sp+0xc0]   = int
  # parm9:    [sp+0xc8]   = 'java/lang/Object'
  0x000002d2bb9c3a40: 448b 5208 | 49bb 0000 | 00c7 d202 | 0000 4d03 | d349 3bc2 | 0f84 0600 

  0x000002d2bb9c3a58: ;   {runtime_call ic_miss_stub}
  0x000002d2bb9c3a58: 0000 e921 | ad9a ff90 
[Verified Entry Point]
  0x000002d2bb9c3a60: 8984 2400 | 80ff ff55 | 488b ec48 | 81ec a000 | 0000 6690 | 4181 7f20 | 2700 0000 

  0x000002d2bb9c3a7c: ;   {runtime_call StubRoutines (final stubs)}
  0x000002d2bb9c3a7c: 7405 e81d | 2a99 ff48 | 837d 2800 | 488d 4528 | 480f 4445 | 2848 8944 | 2458 4863 | 4520 4889 
  0x000002d2bb9c3a9c: 4424 5048 | 6345 1848 | 8944 2448 | 4883 7d10 | 0048 8d45 | 1048 0f44 | 4510 4889 | 4424 4048 
  0x000002d2bb9c3abc: 894c 2438 | 4889 7424 | 3048 897c | 2478 4883 | ff00 488d | 4424 7848 | 0f44 4424 | 7848 8944 
  0x000002d2bb9c3adc: 2428 4c89 | 4c24 7049 | 83f9 0048 | 8d44 2470 | 480f 4444 | 2470 4889 | 4424 204c | 8944 2468 
  0x000002d2bb9c3afc: 4983 f800 | 4c8d 4c24 | 684c 0f44 | 4c24 6848 | 8954 2460 | 4883 fa00 | 4c8d 4424 | 604c 0f44 
  0x000002d2bb9c3b1c: ;   {oop(a 'java/lang/Class'{0x00000000e0b2c7a0} = 'java/lang/ClassLoader')}
  0x000002d2bb9c3b1c: 4424 6049 | bea0 c7b2 | e000 0000 | 004c 89b4 | 2490 0000 | 004c 8db4 | 2490 0000 | 0049 8bd6 
  0x000002d2bb9c3b3c: ;   {internal_word}
  0x000002d2bb9c3b3c: c5f8 7749 | ba3c 3b9c | bbd2 0200 | 004d 8997 | a003 0000 | 4989 a798 

  0x000002d2bb9c3b54: ;   {external_word}
  0x000002d2bb9c3b54: 0300 0049 | bacf 4df2 | 31fe 7f00 | 0041 803a | 000f 844e | 0000 0052 | 4150 4151 

  0x000002d2bb9c3b70: ;   {metadata({method} {0x000002d2c74362d0} 'defineClass0' '(Ljava/lang/ClassLoader;Ljava/lang/Class;Ljava/lang/String;[BIILjava/security/ProtectionDomain;ZILjava/lang/Object;)Ljava/lang/Class;' in 'java/lang/ClassLoader')}
  0x000002d2bb9c3b70: 48ba c862 | 43c7 d202 | 0000 498b | cf48 83ec | 2040 f6c4 | 0f0f 8419 | 0000 0048 

  0x000002d2bb9c3b8c: ;   {runtime_call}
  0x000002d2bb9c3b8c: 83ec 0848 | b840 d59b | 31fe 7f00 | 00ff d048 | 83c4 08e9 | 0c00 0000 

  0x000002d2bb9c3ba4: ;   {runtime_call}
  0x000002d2bb9c3ba4: 48b8 40d5 | 9b31 fe7f | 0000 ffd0 | 4883 c420 | 4159 4158 | 5a49 8d8f | b803 0000 | 41c7 8744 
  0x000002d2bb9c3bc4: 0400 0004 

  0x000002d2bb9c3bc8: ;   {runtime_call}
  0x000002d2bb9c3bc8: 0000 0048 | b81c 15aa | cbfe 7f00 | 00ff d0c5 | f877 41c7 | 8744 0400 | 0005 0000 | 00f0 8344 
  0x000002d2bb9c3be8: 24c0 0049 | 3baf 4804 | 0000 0f87 | 0e00 0000 | 4183 bf40 | 0400 0000 | 0f84 2b00 | 0000 c5f8 
  0x000002d2bb9c3c08: 7748 8945 | f849 8bcf | 4c8b e448 | 83ec 2048 

  0x000002d2bb9c3c18: ;   {runtime_call}
  0x000002d2bb9c3c18: 83e4 f048 | b8e0 4b67 | 31fe 7f00 | 00ff d049 | 8be4 4d33 | e448 8b45 | f841 c787 | 4404 0000 
  0x000002d2bb9c3c38: 0800 0000 | 4183 bfc0 | 0400 0002 | 0f84 d501 

  0x000002d2bb9c3c48: ;   {external_word}
  0x000002d2bb9c3c48: 0000 49ba | cf4d f231 | fe7f 0000 | 4180 3a00 | 0f84 4c00 | 0000 4889 

  0x000002d2bb9c3c60: ;   {metadata({method} {0x000002d2c74362d0} 'defineClass0' '(Ljava/lang/ClassLoader;Ljava/lang/Class;Ljava/lang/String;[BIILjava/security/ProtectionDomain;ZILjava/lang/Object;)Ljava/lang/Class;' in 'java/lang/ClassLoader')}
  0x000002d2bb9c3c60: 45f8 48ba | c862 43c7 | d202 0000 | 498b cf48 | 83ec 2040 | f6c4 0f0f | 8419 0000 | 0048 83ec 
  0x000002d2bb9c3c80: ;   {runtime_call}
  0x000002d2bb9c3c80: 0848 b840 | d59b 31fe | 7f00 00ff | d048 83c4 | 08e9 0c00 

  0x000002d2bb9c3c94: ;   {runtime_call}
  0x000002d2bb9c3c94: 0000 48b8 | 40d5 9b31 | fe7f 0000 | ffd0 4883 | c420 488b | 45f8 49c7 | 8798 0300 | 0000 0000 
  0x000002d2bb9c3cb4: 0049 c787 | a003 0000 | 0000 0000 | c5f8 7748 | 85c0 0f84 | 3001 0000 | a803 0f85 | 0800 0000 
  0x000002d2bb9c3cd4: 488b 00e9 | 2001 0000 | a801 0f85 | 0900 0000 | 488b 40fe | e90f 0100 | 0048 8b40 | ff41 807f 
  0x000002d2bb9c3cf4: 4000 0f84 | 0001 0000 | 4883 f800 | 0f84 f600 | 0000 498b | 4f28 4883 | f900 0f84 | 1400 0000 
  0x000002d2bb9c3d14: 4883 e908 | 4989 4f28 | 4903 4f38 | 4889 01e9 | d400 0000 | 4883 ec70 | 4889 0424 | 4889 4c24 
  0x000002d2bb9c3d34: 0848 8954 | 2410 4c89 | 4424 184c | 894c 2420 | 4c89 5424 | 284c 895c | 2430 c5fb | 1144 2440 
  0x000002d2bb9c3d54: c5fb 114c | 2448 c5fb | 1154 2450 | c5fb 115c | 2458 c5fb | 1164 2460 | c5fb 116c | 2468 498b 
  0x000002d2bb9c3d74: d748 8bc8 | 4883 ec20 | 40f6 c40f | 0f84 1900 | 0000 4883 

  0x000002d2bb9c3d88: ;   {runtime_call}
  0x000002d2bb9c3d88: ec08 48b8 | 209b 5a31 | fe7f 0000 | ffd0 4883 | c408 e90c 

  0x000002d2bb9c3d9c: ;   {runtime_call}
  0x000002d2bb9c3d9c: 0000 0048 | b820 9b5a | 31fe 7f00 | 00ff d048 | 83c4 20c5 | fb10 6c24 | 68c5 fb10 | 6424 60c5 
  0x000002d2bb9c3dbc: fb10 5c24 | 58c5 fb10 | 5424 50c5 | fb10 4c24 | 48c5 fb10 | 4424 404c | 8b5c 2430 | 4c8b 5424 
  0x000002d2bb9c3ddc: 284c 8b4c | 2420 4c8b | 4424 1848 | 8b54 2410 | 488b 4c24 | 0848 8b04 | 2448 83c4 | 70c5 f877 
  0x000002d2bb9c3dfc: 498b 8f28 | 0400 00c7 | 8100 0100 | 0000 0000 | 00c9 4983 | 7f08 000f | 8501 0000 

  0x000002d2bb9c3e18: ;   {runtime_call StubRoutines (initial stubs)}
  0x000002d2bb9c3e18: 00c3 e9e1 | d095 ffc5 | f877 4889 | 45f8 4c8b | e448 83ec | 2048 83e4 

  0x000002d2bb9c3e30: ;   {runtime_call}
  0x000002d2bb9c3e30: f048 b890 | 0c9c 31fe | 7f00 00ff | d049 8be4 | 4d33 e448 | 8b45 f8e9 | fefd ffff 
[Stub Code]
  0x000002d2bb9c3e4c: f4f4 f4f4 
[/MachCode]


Compiled method (c1) 119408 2664       3       java.lang.System$2::defineClass (21 bytes)
 total in heap  [0x000002d2b43a9110,0x000002d2b43a94f0] = 992
 relocation     [0x000002d2b43a9270,0x000002d2b43a92b0] = 64
 main code      [0x000002d2b43a92c0,0x000002d2b43a93f8] = 312
 stub code      [0x000002d2b43a93f8,0x000002d2b43a9438] = 64
 metadata       [0x000002d2b43a9438,0x000002d2b43a9440] = 8
 scopes data    [0x000002d2b43a9440,0x000002d2b43a9488] = 72
 scopes pcs     [0x000002d2b43a9488,0x000002d2b43a94d8] = 80
 dependencies   [0x000002d2b43a94d8,0x000002d2b43a94e0] = 8
 nul chk table  [0x000002d2b43a94e0,0x000002d2b43a94f0] = 16

[Constant Pool (empty)]

[MachCode]
[Entry Point]
  # {method} {0x000002d2c7019588} 'defineClass' '(Ljava/lang/ClassLoader;Ljava/lang/Class;Ljava/lang/String;[BLjava/security/ProtectionDomain;ZILjava/lang/Object;)Ljava/lang/Class;' in 'java/lang/System$2'
  # this:     rdx:rdx   = 'java/lang/System$2'
  # parm0:    r8:r8     = 'java/lang/ClassLoader'
  # parm1:    r9:r9     = 'java/lang/Class'
  # parm2:    rdi:rdi   = 'java/lang/String'
  # parm3:    rsi:rsi   = '[B'
  # parm4:    rcx:rcx   = 'java/security/ProtectionDomain'
  # parm5:    [sp+0x70]   = boolean  (sp of caller)
  # parm6:    [sp+0x78]   = int
  # parm7:    [sp+0x80]   = 'java/lang/Object'
  0x000002d2b43a92c0: 448b 5208 | 49bb 0000 | 00c7 d202 | 0000 4d03 | d34c 3bd0 

  0x000002d2b43a92d4: ;   {runtime_call ic_miss_stub}
  0x000002d2b43a92d4: 0f85 a654 | fc06 660f | 1f44 0000 
[Verified Entry Point]
  0x000002d2b43a92e0: 8984 2400 | 80ff ff55 | 4883 ec60 | 4181 7f20 | 2700 0000 

  0x000002d2b43a92f4: ;   {runtime_call StubRoutines (final stubs)}
  0x000002d2b43a92f4: 7405 e8a5 | d1fa 0648 

  0x000002d2b43a92fc: ;   {metadata(method data for {method} {0x000002d2c7019588} 'defineClass' '(Ljava/lang/ClassLoader;Ljava/lang/Class;Ljava/lang/String;[BLjava/security/ProtectionDomain;ZILjava/lang/Object;)Ljava/lang/Class;' in 'java/lang/System$2')}
  0x000002d2b43a92fc: 8bd9 48b9 | 1043 9408 | d302 0000 | 8b81 cc00 | 0000 83c0 | 0289 81cc | 0000 0025 | fe07 0000 
  0x000002d2b43a931c: 85c0 0f84 | 6b00 0000 | 4c8b ac24 | 8000 0000 | 448b 5c24 | 788b 4424 | 708b 4e0c 

  0x000002d2b43a9338: ;   {metadata(method data for {method} {0x000002d2c7019588} 'defineClass' '(Ljava/lang/ClassLoader;Ljava/lang/Class;Ljava/lang/String;[BLjava/security/ProtectionDomain;ZILjava/lang/Object;)Ljava/lang/Class;' in 'java/lang/System$2')}
  0x000002d2b43a9338: 48ba 1043 | 9408 d302 | 0000 4883 | 8210 0100 | 0001 498b | d04d 8bc1 | 4c8b cf48 | 8bfe be00 
  0x000002d2b43a9358: 0000 0048 | 891c 2489 | 4424 0844 | 895c 2410 | 4c89 6c24 

  0x000002d2b43a936c: ;   {static_call}
  0x000002d2b43a936c: 1866 90e8 

  0x000002d2b43a9370: ; ImmutableOopMap {}
                      ;*invokestatic defineClass0 {reexecute=0 rethrow=0 return_oop=0}
                      ; - java.lang.System$2::defineClass@17 (line 2394)
  0x000002d2b43a9370: eca6 6107 

  0x000002d2b43a9374: ;   {other}
  0x000002d2b43a9374: 0f1f 8400 | 6402 0000 | 4883 c460 

  0x000002d2b43a9380: ;   {poll_return}
  0x000002d2b43a9380: 5d49 3ba7 | 4804 0000 | 0f87 2700 

  0x000002d2b43a938c: ;   {metadata({method} {0x000002d2c7019588} 'defineClass' '(Ljava/lang/ClassLoader;Ljava/lang/Class;Ljava/lang/String;[BLjava/security/ProtectionDomain;ZILjava/lang/Object;)Ljava/lang/Class;' in 'java/lang/System$2')}
  0x000002d2b43a938c: 0000 c349 | ba80 9501 | c7d2 0200 | 004c 8954 | 2408 48c7 | 0424 ffff 

  0x000002d2b43a93a4: ;   {runtime_call counter_overflow Runtime1 stub}
  0x000002d2b43a93a4: ffff e855 

  0x000002d2b43a93a8: ; ImmutableOopMap {rdx=Oop r8=Oop r9=Oop rdi=Oop rsi=Oop rbx=Oop [128]=Oop }
                      ;*synchronization entry
                      ; - java.lang.System$2::defineClass@-1 (line 2394)
  0x000002d2b43a93a8: 8b08 07e9 | 74ff ffff 

  0x000002d2b43a93b0: ;   {runtime_call throw_null_pointer_exception Runtime1 stub}
  0x000002d2b43a93b0: e84b 3a08 

  0x000002d2b43a93b4: ; ImmutableOopMap {r8=Oop r9=Oop rdi=Oop rsi=Oop rbx=Oop r13=Oop [128]=Oop }
                      ;*arraylength {reexecute=0 rethrow=0 return_oop=0}
                      ; - java.lang.System$2::defineClass@8 (line 2394)
                      ;   {internal_word}
  0x000002d2b43a93b4: 0749 ba81 | 933a b4d2 | 0200 004d | 8997 6004 

  0x000002d2b43a93c4: ;   {runtime_call SafepointBlob}
  0x000002d2b43a93c4: 0000 e9b5 | c0fc 0649 | 8b87 f804 | 0000 49c7 | 87f8 0400 | 0000 0000 | 0049 c787 | 0005 0000 
  0x000002d2b43a93e4: 0000 0000 | 4883 c460 

  0x000002d2b43a93ec: ;   {runtime_call unwind_exception Runtime1 stub}
  0x000002d2b43a93ec: 5de9 0e2b | 0807 f4f4 | f4f4 f4f4 
[Stub Code]
  0x000002d2b43a93f8: ;   {no_reloc}
  0x000002d2b43a93f8: 48bb 0000 | 0000 0000 

  0x000002d2b43a9400: ;   {runtime_call nmethod}
  0x000002d2b43a9400: 0000 e9fb 

  0x000002d2b43a9404: ;   {runtime_call handle_exception_from_callee Runtime1 stub}
  0x000002d2b43a9404: ffff ffe8 | f457 0807 

  0x000002d2b43a940c: ;   {external_word}
  0x000002d2b43a940c: 48b9 2053 | c831 fe7f | 0000 4883 

  0x000002d2b43a9418: ;   {runtime_call}
  0x000002d2b43a9418: e4f0 48b8 | 90b7 8a31 | fe7f 0000 

  0x000002d2b43a9424: ;   {section_word}
  0x000002d2b43a9424: ffd0 f449 | ba27 943a | b4d2 0200 

  0x000002d2b43a9430: ;   {runtime_call DeoptimizationBlob}
  0x000002d2b43a9430: 0041 52e9 | e8b2 fc06 
[/MachCode]


Compiled method (c1) 119444 2810   !   3       java.lang.invoke.MethodHandles$Lookup$ClassDefiner::defineClass (213 bytes)
 total in heap  [0x000002d2b43fd190,0x000002d2b43fe3c0] = 4656
 relocation     [0x000002d2b43fd2f0,0x000002d2b43fd410] = 288
 main code      [0x000002d2b43fd420,0x000002d2b43fde68] = 2632
 stub code      [0x000002d2b43fde68,0x000002d2b43fdee0] = 120
 metadata       [0x000002d2b43fdee0,0x000002d2b43fdf50] = 112
 scopes data    [0x000002d2b43fdf50,0x000002d2b43fe158] = 520
 scopes pcs     [0x000002d2b43fe158,0x000002d2b43fe318] = 448
 dependencies   [0x000002d2b43fe318,0x000002d2b43fe330] = 24
 handler table  [0x000002d2b43fe330,0x000002d2b43fe378] = 72
 nul chk table  [0x000002d2b43fe378,0x000002d2b43fe3c0] = 72

[Constant Pool (empty)]

[MachCode]
[Entry Point]
  # {method} {0x000002d2c71ec510} 'defineClass' '(ZLjava/lang/Object;)Ljava/lang/Class;' in 'java/lang/invoke/MethodHandles$Lookup$ClassDefiner'
  # this:     rdx:rdx   = 'java/lang/invoke/MethodHandles$Lookup$ClassDefiner'
  # parm0:    r8        = boolean
  # parm1:    r9:r9     = 'java/lang/Object'
  #           [sp+0xf0]  (sp of caller)
  0x000002d2b43fd420: 448b 5208 | 49bb 0000 | 00c7 d202 | 0000 4d03 | d34c 3bd0 

  0x000002d2b43fd434: ;   {runtime_call ic_miss_stub}
  0x000002d2b43fd434: 0f85 4613 | f706 660f | 1f44 0000 
[Verified Entry Point]
  0x000002d2b43fd440: 8984 2400 | 80ff ff55 | 4881 ece0 | 0000 0090 | 4181 7f20 | 2700 0000 

  0x000002d2b43fd458: ;   {runtime_call StubRoutines (final stubs)}
  0x000002d2b43fd458: 7405 e841 | 90f5 0648 | 8994 2498 | 0000 0044 | 8984 24b0 | 0000 004c | 898c 24b8 

  0x000002d2b43fd474: ;   {metadata(method data for {method} {0x000002d2c71ec510} 'defineClass' '(ZLjava/lang/Object;)Ljava/lang/Class;' in 'java/lang/invoke/MethodHandles$Lookup$ClassDefiner')}
  0x000002d2b43fd474: 0000 0048 | bee0 eb93 | 08d3 0200 | 008b becc | 0000 0083 | c702 89be | cc00 0000 | 81e7 fe07 
  0x000002d2b43fd494: 0000 85ff | 0f84 4b07 | 0000 8b72 | 1048 89b4 | 2490 0000 | 0048 3b06 

  0x000002d2b43fd4ac: ;   {metadata(method data for {method} {0x000002d2c71ec510} 'defineClass' '(ZLjava/lang/Object;)Ljava/lang/Class;' in 'java/lang/invoke/MethodHandles$Lookup$ClassDefiner')}
  0x000002d2b43fd4ac: 488b fe48 | bbe0 eb93 | 08d3 0200 | 0048 8383 | 1001 0000 | 018b 7e10 | 4889 bc24 | a800 0000 
  0x000002d2b43fd4cc: ; implicit exception: dispatches to 0x000002d2b43fdc0f
  0x000002d2b43fd4cc: 483b 0748 

  0x000002d2b43fd4d0: ;   {metadata(method data for {method} {0x000002d2c71ec510} 'defineClass' '(ZLjava/lang/Object;)Ljava/lang/Class;' in 'java/lang/invoke/MethodHandles$Lookup$ClassDefiner')}
  0x000002d2b43fd4d0: 8bdf 48b8 | e0eb 9308 | d302 0000 | 4883 8048 | 0100 0001 

  0x000002d2b43fd4e4: ;   {metadata(method data for {method} {0x000002d2c746a9f8} 'getClassLoader' '()Ljava/lang/ClassLoader;' in 'java/lang/Class')}
  0x000002d2b43fd4e4: 48bb f8ea | 0208 d302 | 0000 8b83 | cc00 0000 | 83c0 0289 | 83cc 0000 | 0025 feff | 1f00 85c0 
  0x000002d2b43fd504: 0f84 0a07 | 0000 8b5f | 3448 85db 

  0x000002d2b43fd510: ;   {metadata(method data for {method} {0x000002d2c746a9f8} 'getClassLoader' '()Ljava/lang/ClassLoader;' in 'java/lang/Class')}
  0x000002d2b43fd510: 48b8 f8ea | 0208 d302 | 0000 48c7 | c110 0100 | 0075 0748 | c7c1 2001 | 0000 4c8b | 1c08 4d8d 
  0x000002d2b43fd530: 5b01 4c89 | 1c08 0f85 | 0f00 0000 

  0x000002d2b43fd53c: ;   {oop(nullptr)}
  0x000002d2b43fd53c: 48bb 0000 | 0000 0000 | 0000 e9a2 

  0x000002d2b43fd548: ;   {metadata(method data for {method} {0x000002d2c746a9f8} 'getClassLoader' '()Ljava/lang/ClassLoader;' in 'java/lang/Class')}
  0x000002d2b43fd548: 0000 0048 | b8f8 ea02 | 08d3 0200 | 0048 8380 | 3001 0000 

  0x000002d2b43fd55c: ;   {metadata(method data for {method} {0x000002d2c701b1d0} 'getSecurityManager' '()Ljava/lang/SecurityManager;' in 'java/lang/System')}
  0x000002d2b43fd55c: 0148 b870 | b601 08d3 | 0200 008b | 88cc 0000 | 0083 c102 | 8988 cc00 | 0000 81e1 | feff 1f00 
  0x000002d2b43fd57c: 85c9 0f84 | b106 0000 

  0x000002d2b43fd584: ;   {metadata(method data for {method} {0x000002d2c701b1d0} 'getSecurityManager' '()Ljava/lang/SecurityManager;' in 'java/lang/System')}
  0x000002d2b43fd584: 48b8 70b6 | 0108 d302 | 0000 4883 | 8010 0100 

  0x000002d2b43fd594: ;   {metadata(method data for {method} {0x000002d2c701b2e8} 'allowSecurityManager' '()Z' in 'java/lang/System')}
  0x000002d2b43fd594: 0001 48b8 | e8b7 0108 | d302 0000 | 8b88 cc00 | 0000 83c1 | 0289 88cc | 0000 0081 | e1fe ff1f 
  0x000002d2b43fd5b4: 0085 c90f | 8499 0600 

  0x000002d2b43fd5bc: ;   {metadata(method data for {method} {0x000002d2c701b2e8} 'allowSecurityManager' '()Z' in 'java/lang/System')}
  0x000002d2b43fd5bc: 0048 b8e8 | b701 08d3 | 0200 00ff | 8010 0100 

  0x000002d2b43fd5cc: ;   {metadata(method data for {method} {0x000002d2c701b1d0} 'getSecurityManager' '()Ljava/lang/SecurityManager;' in 'java/lang/System')}
  0x000002d2b43fd5cc: 0048 b870 | b601 08d3 | 0200 00ff | 8020 0100 

  0x000002d2b43fd5dc: ;   {metadata(method data for {method} {0x000002d2c746a9f8} 'getClassLoader' '()Ljava/lang/ClassLoader;' in 'java/lang/Class')}
  0x000002d2b43fd5dc: 0048 b8f8 | ea02 08d3 | 0200 00ff | 8040 0100 | 0048 85db 

  0x000002d2b43fd5f0: ;   {metadata(method data for {method} {0x000002d2c71ec510} 'defineClass' '(ZLjava/lang/Object;)Ljava/lang/Class;' in 'java/lang/invoke/MethodHandles$Lookup$ClassDefiner')}
  0x000002d2b43fd5f0: 48b8 e0eb | 9308 d302 | 0000 48c7 | c180 0100 | 0074 0748 | c7c1 9001 | 0000 4c8b | 1c08 4d8d 
  0x000002d2b43fd610: 5b01 4c89 | 1c08 0f84 | 3b02 0000 

  0x000002d2b43fd61c: ;   {metadata(method data for {method} {0x000002d2c71ec510} 'defineClass' '(ZLjava/lang/Object;)Ljava/lang/Class;' in 'java/lang/invoke/MethodHandles$Lookup$ClassDefiner')}
  0x000002d2b43fd61c: 488b c648 | b9e0 eb93 | 08d3 0200 | 0048 8381 | a001 0000 

  0x000002d2b43fd630: ;   {metadata(method data for {method} {0x000002d2c73e2270} 'lookupClassProtectionDomain' '()Ljava/security/ProtectionDomain;' in 'java/lang/invoke/MethodHandles$Lookup')}
  0x000002d2b43fd630: 0148 b828 | d494 08d3 | 0200 008b | 88cc 0000 | 0083 c102 | 8988 cc00 | 0000 81e1 | feff 1f00 
  0x000002d2b43fd650: 85c9 0f84 | 1f06 0000 | 8b46 1848 

  0x000002d2b43fd65c: ;   {metadata(method data for {method} {0x000002d2c73e2270} 'lookupClassProtectionDomain' '()Ljava/security/ProtectionDomain;' in 'java/lang/invoke/MethodHandles$Lookup')}
  0x000002d2b43fd65c: 85c0 48b9 | 28d4 9408 | d302 0000 | 49c7 c310 | 0100 0075 | 0749 c7c3 | 2001 0000 | 4e8b 2c19 
  0x000002d2b43fd67c: 4d8d 6d01 | 4e89 2c19 | 4889 9c24 | a000 0000 | 0f85 af01 

  0x000002d2b43fd690: ;   {metadata(method data for {method} {0x000002d2c73e2270} 'lookupClassProtectionDomain' '()Ljava/security/ProtectionDomain;' in 'java/lang/invoke/MethodHandles$Lookup')}
  0x000002d2b43fd690: 0000 48b8 | 28d4 9408 | d302 0000 | 4883 8030 | 0100 0001 

  0x000002d2b43fd6a4: ;   {metadata(method data for {method} {0x000002d2c7475720} 'getJavaLangAccess' '()Ljdk/internal/access/JavaLangAccess;' in 'jdk/internal/access/SharedSecrets')}
  0x000002d2b43fd6a4: 48b8 d02e | 3908 d302 | 0000 8b88 | cc00 0000 | 83c1 0289 | 88cc 0000 | 0081 e1fe | ff1f 0085 
  0x000002d2b43fd6c4: c90f 84cd 

  0x000002d2b43fd6c8: ;   {oop(a 'java/lang/Class'{0x00000000e0b2c820} = 'jdk/internal/access/SharedSecrets')}
  0x000002d2b43fd6c8: 0500 0048 | b820 c8b2 | e000 0000 | 008b 407c | 8b4e 1048 | 85c0 0f84 | 2a00 0000 

  0x000002d2b43fd6e4: ;   {metadata('java/lang/System$2')}
  0x000002d2b43fd6e4: 48be 6082 | 01c7 d202 | 0000 448b | 7008 49ba | 0000 00c7 | d202 0000 | 4d03 f249 | 3b76 380f 
  0x000002d2b43fd704: 85b0 0500 | 00e9 0000 | 0000 4c8b | d848 3b00 

  0x000002d2b43fd714: ;   {metadata(method data for {method} {0x000002d2c73e2270} 'lookupClassProtectionDomain' '()Ljava/security/ProtectionDomain;' in 'java/lang/invoke/MethodHandles$Lookup')}
  0x000002d2b43fd714: 48be 28d4 | 9408 d302 | 0000 4883 | 8658 0100 

  0x000002d2b43fd724: ;   {metadata(method data for {method} {0x000002d2c70192c8} 'protectionDomain' '(Ljava/lang/Class;)Ljava/security/ProtectionDomain;' in 'java/lang/System$2')}
  0x000002d2b43fd724: 0001 48be | e0d5 9408 | d302 0000 | 8b86 cc00 | 0000 83c0 | 0289 86cc | 0000 0025 | feff 1f00 
  0x000002d2b43fd744: 85c0 0f84 | 7705 0000 

  0x000002d2b43fd74c: ; implicit exception: dispatches to 0x000002d2b43fdce4
  0x000002d2b43fd74c: 483b 0148 

  0x000002d2b43fd750: ;   {metadata(method data for {method} {0x000002d2c70192c8} 'protectionDomain' '(Ljava/lang/Class;)Ljava/security/ProtectionDomain;' in 'java/lang/System$2')}
  0x000002d2b43fd750: 8bf1 48b8 | e0d5 9408 | d302 0000 | 4883 8010 | 0100 0001 

  0x000002d2b43fd764: ;   {metadata(method data for {method} {0x000002d2c7469750} 'protectionDomain' '()Ljava/security/ProtectionDomain;' in 'java/lang/Class')}
  0x000002d2b43fd764: 48be 80d2 | 9408 d302 | 0000 8b86 | cc00 0000 | 83c0 0289 | 86cc 0000 | 0025 feff | 1f00 85c0 
  0x000002d2b43fd784: 0f84 5f05 | 0000 488b 

  0x000002d2b43fd78c: ;   {metadata(method data for {method} {0x000002d2c7469750} 'protectionDomain' '()Ljava/security/ProtectionDomain;' in 'java/lang/Class')}
  0x000002d2b43fd78c: f148 b880 | d294 08d3 | 0200 0048 | 8380 1001 | 0000 0148 | 8bd1 0f1f 

  0x000002d2b43fd7a4: ;   {optimized virtual_call}
  0x000002d2b43fd7a4: 4400 00e8 

  0x000002d2b43fd7a8: ; ImmutableOopMap {[144]=Oop [152]=Oop [160]=Oop [168]=Oop [184]=Oop }
                      ;*invokevirtual getProtectionDomain0 {reexecute=0 rethrow=0 return_oop=0}
                      ; - java.lang.Class::protectionDomain@1 (line 3188)
                      ; - java.lang.System$2::protectionDomain@1 (line 2518)
                      ; - java.lang.invoke.MethodHandles$Lookup::lookupClassProtectionDomain@17 (line 2544)
                      ; - java.lang.invoke.MethodHandles$Lookup$ClassDefiner::defineClass@23 (line 2501)
  0x000002d2b43fd7a8: 3430 5f07 

  0x000002d2b43fd7ac: ;   {other}
  0x000002d2b43fd7ac: 0f1f 8400 | 1c06 0000 

  0x000002d2b43fd7b4: ;   {metadata(method data for {method} {0x000002d2c7469750} 'protectionDomain' '()Ljava/security/ProtectionDomain;' in 'java/lang/Class')}
  0x000002d2b43fd7b4: 4885 c049 | b880 d294 | 08d3 0200 | 0049 c7c1 | 4801 0000 | 7507 49c7 | c158 0100 | 004b 8b3c 
  0x000002d2b43fd7d4: 0848 8d7f | 014b 893c | 080f 8521 | 0000 000f | 1f44 0000 

  0x000002d2b43fd7e8: ;   {no_reloc}
  0x000002d2b43fd7e8: e995 0500 | 0000 0000 | 0000 660f | 1f44 0000 

  0x000002d2b43fd7f8: ; implicit exception: dispatches to 0x000002d2b43fdd8c
  0x000002d2b43fd7f8: e9a0 0500 | 0090 90e9 | 0300 0000 | 4c8b c048 | 8bb4 2490 | 0000 0045 | 0fbe 4f40 | 4585 c90f 
  0x000002d2b43fd818: 858a 0500 | 004d 8bd0 | 4489 5618 | f083 4424 | c000 4c8b | ce4d 33c8 | 49c1 e914 | 4983 f900 
  0x000002d2b43fd838: 0f85 8505 | 0000 498b 

  0x000002d2b43fd840: ;   {metadata(method data for {method} {0x000002d2c71ec510} 'defineClass' '(ZLjava/lang/Object;)Ljava/lang/Class;' in 'java/lang/invoke/MethodHandles$Lookup$ClassDefiner')}
  0x000002d2b43fd840: c049 b8e0 | eb93 08d3 | 0200 0041 | ff80 d801 | 0000 e912 | 0000 0048 | 899c 24a0 

  0x000002d2b43fd85c: ;   {oop(nullptr)}
  0x000002d2b43fd85c: 0000 0048 | b800 0000 | 0000 0000 | 0048 8b9c | 24a0 0000 | 0048 8bbc | 24a8 0000 | 0048 8b94 
  0x000002d2b43fd87c: 2498 0000 

  0x000002d2b43fd880: ;   {metadata(method data for {method} {0x000002d2c71ec510} 'defineClass' '(ZLjava/lang/Object;)Ljava/lang/Class;' in 'java/lang/invoke/MethodHandles$Lookup$ClassDefiner')}
  0x000002d2b43fd880: 0049 b8e0 | eb93 08d3 | 0200 0049 | 8380 f001 

  0x000002d2b43fd890: ;   {metadata(method data for {method} {0x000002d2c7475720} 'getJavaLangAccess' '()Ljdk/internal/access/JavaLangAccess;' in 'jdk/internal/access/SharedSecrets')}
  0x000002d2b43fd890: 0000 0149 | b8d0 2e39 | 08d3 0200 | 0045 8b88 | cc00 0000 | 4183 c102 | 4589 88cc | 0000 0041 
  0x000002d2b43fd8b0: 81e1 feff | 1f00 4585 | c90f 841c 

  0x000002d2b43fd8bc: ;   {oop(a 'java/lang/Class'{0x00000000e0b2c820} = 'jdk/internal/access/SharedSecrets')}
  0x000002d2b43fd8bc: 0500 0049 | b820 c8b2 | e000 0000 | 0045 8b70 | 7c8b 7214 | 8b4a 1844 | 8b4a 0c4d | 85f6 0f84 
  0x000002d2b43fd8dc: 2a00 0000 

  0x000002d2b43fd8e0: ;   {metadata('java/lang/System$2')}
  0x000002d2b43fd8e0: 49bb 6082 | 01c7 d202 | 0000 458b | 6e08 49ba | 0000 00c7 | d202 0000 | 4d03 ea4d | 3b5d 380f 
  0x000002d2b43fd900: 85f7 0400 | 00e9 0000 | 0000 4d8b | c649 3b06 

  0x000002d2b43fd910: ;   {metadata(method data for {method} {0x000002d2c71ec510} 'defineClass' '(ZLjava/lang/Object;)Ljava/lang/Class;' in 'java/lang/invoke/MethodHandles$Lookup$ClassDefiner')}
  0x000002d2b43fd910: 4d8b c648 | bae0 eb93 | 08d3 0200 | 0048 8382 | 1802 0000 | 014c 8bc3 | 498b d14c | 8bcf 488b 
  0x000002d2b43fd930: fe48 8bf1 | 488b c88b | 8424 b000 | 0000 8904 | 2489 5424 | 0848 8b94 | 24b8 0000 | 0048 8954 
  0x000002d2b43fd950: 2410 498b 

  0x000002d2b43fd954: ;   {optimized virtual_call}
  0x000002d2b43fd954: d666 90e8 

  0x000002d2b43fd958: ; ImmutableOopMap {[152]=Oop [168]=Oop }
                      ;*invokeinterface defineClass {reexecute=0 rethrow=0 return_oop=0}
                      ; - java.lang.invoke.MethodHandles$Lookup$ClassDefiner::defineClass@57 (line 2505)
  0x000002d2b43fd958: 84b9 faff 

  0x000002d2b43fd95c: ;   {other}
  0x000002d2b43fd95c: 0f1f 8400 | cc07 0001 

  0x000002d2b43fd964: ;   {metadata(method data for {method} {0x000002d2c71ec510} 'defineClass' '(ZLjava/lang/Object;)Ljava/lang/Class;' in 'java/lang/invoke/MethodHandles$Lookup$ClassDefiner')}
  0x000002d2b43fd964: 49b8 e0eb | 9308 d302 | 0000 41ff | 8038 0200 | 0048 8b94 | 2498 0000 | 008b 721c 

  0x000002d2b43fd980: ; implicit exception: dispatches to 0x000002d2b43fde06
  0x000002d2b43fd980: 483b 064c 

  0x000002d2b43fd984: ;   {metadata(method data for {method} {0x000002d2c71ec510} 'defineClass' '(ZLjava/lang/Object;)Ljava/lang/Class;' in 'java/lang/invoke/MethodHandles$Lookup$ClassDefiner')}
  0x000002d2b43fd984: 8bc6 49b9 | e0eb 9308 | d302 0000 | 4983 8150 | 0300 0001 | 440f be46 | 0c41 83e0 | 0145 85c0 
  0x000002d2b43fd9a4: ;   {metadata(method data for {method} {0x000002d2c71ec510} 'defineClass' '(ZLjava/lang/Object;)Ljava/lang/Class;' in 'java/lang/invoke/MethodHandles$Lookup$ClassDefiner')}
  0x000002d2b43fd9a4: 49b8 e0eb | 9308 d302 | 0000 49c7 | c188 0300 | 0074 0749 | c7c1 9803 | 0000 4b8b | 3c08 488d 
  0x000002d2b43fd9c4: 7f01 4b89 | 3c08 0f84 | c401 0000 

  0x000002d2b43fd9d0: ;   {metadata(method data for {method} {0x000002d2c71ec510} 'defineClass' '(ZLjava/lang/Object;)Ljava/lang/Class;' in 'java/lang/invoke/MethodHandles$Lookup$ClassDefiner')}
  0x000002d2b43fd9d0: 4c8b c249 | b9e0 eb93 | 08d3 0200 

  0x000002d2b43fd9dc: ;   {metadata('java/lang/invoke/MethodHandles$Lookup$ClassDefiner')}
  0x000002d2b43fd9dc: 0049 bad0 | c21e c7d2 | 0200 004d | 8991 b803 | 0000 4983 | 81c0 0300 | 0001 8b7a | 1448 85c0 
  0x000002d2b43fd9fc: ;   {metadata(method data for {method} {0x000002d2c71ec510} 'defineClass' '(ZLjava/lang/Object;)Ljava/lang/Class;' in 'java/lang/invoke/MethodHandles$Lookup$ClassDefiner')}
  0x000002d2b43fd9fc: 49b8 e0eb | 9308 d302 | 0000 49c7 | c1e0 0300 | 0074 0749 | c7c1 f003 | 0000 4b8b | 1c08 488d 
  0x000002d2b43fda1c: 5b01 4b89 | 1c08 0f84 | 2b01 0000 | e9bd 0000 | 0048 8b94 | 2498 0000 | 0049 8b87 | f804 0000 
  0x000002d2b43fda3c: 4d33 d24d | 8997 f804 | 0000 4d33 | d24d 8997 | 0005 0000 | 8b72 1c48 | 3b06 4c8b 

  0x000002d2b43fda58: ;   {metadata(method data for {method} {0x000002d2c71ec510} 'defineClass' '(ZLjava/lang/Object;)Ljava/lang/Class;' in 'java/lang/invoke/MethodHandles$Lookup$ClassDefiner')}
  0x000002d2b43fda58: c649 b9e0 | eb93 08d3 | 0200 0049 | 8381 8804 | 0000 0144 | 0fbe 460c | 4183 e001 

  0x000002d2b43fda74: ;   {metadata(method data for {method} {0x000002d2c71ec510} 'defineClass' '(ZLjava/lang/Object;)Ljava/lang/Class;' in 'java/lang/invoke/MethodHandles$Lookup$ClassDefiner')}
  0x000002d2b43fda74: 4585 c049 | b8e0 eb93 | 08d3 0200 | 0049 c7c1 | c004 0000 | 7407 49c7 | c1d0 0400 | 004b 8b3c 
  0x000002d2b43fda94: 0848 8d7f | 014b 893c | 080f 8441 | 0100 004c 

  0x000002d2b43fdaa4: ;   {metadata(method data for {method} {0x000002d2c71ec510} 'defineClass' '(ZLjava/lang/Object;)Ljava/lang/Class;' in 'java/lang/invoke/MethodHandles$Lookup$ClassDefiner')}
  0x000002d2b43fdaa4: 8bc2 49b9 | e0eb 9308 | d302 0000 

  0x000002d2b43fdab0: ;   {metadata('java/lang/invoke/MethodHandles$Lookup$ClassDefiner')}
  0x000002d2b43fdab0: 49ba d0c2 | 1ec7 d202 | 0000 4d89 | 91f0 0400 | 0049 8381 | f804 0000 | 018b 7a14 

  0x000002d2b43fdacc: ;   {metadata(method data for {method} {0x000002d2c71ec510} 'defineClass' '(ZLjava/lang/Object;)Ljava/lang/Class;' in 'java/lang/invoke/MethodHandles$Lookup$ClassDefiner')}
  0x000002d2b43fdacc: 49b8 e0eb | 9308 d302 | 0000 41ff | 8018 0500 | 0048 8984 | 24c8 0000 | 00e9 c000 | 0000 8b52 
  0x000002d2b43fdaec: 184c 8bc6 

  0x000002d2b43fdaf0: ;   {metadata(method data for {method} {0x000002d2c71ec510} 'defineClass' '(ZLjava/lang/Object;)Ljava/lang/Class;' in 'java/lang/invoke/MethodHandles$Lookup$ClassDefiner')}
  0x000002d2b43fdaf0: 49b9 e0eb | 9308 d302 | 0000 4983 | 8100 0400 | 0001 4c8b | c74c 8bc8 | 488b fa48 | 8bd6 4889 
  0x000002d2b43fdb10: 8424 c000 

  0x000002d2b43fdb14: ;   {optimized virtual_call}
  0x000002d2b43fdb14: 0000 90e8 

  0x000002d2b43fdb18: ; ImmutableOopMap {[192]=Oop }
                      ;*invokevirtual dumpClass {reexecute=0 rethrow=0 return_oop=0}
                      ; - java.lang.invoke.MethodHandles$Lookup$ClassDefiner::defineClass@134 (line 2513)
  0x000002d2b43fdb18: 640f f706 

  0x000002d2b43fdb1c: ;   {other}
  0x000002d2b43fdb1c: 0f1f 8400 | 8c09 0002 

  0x000002d2b43fdb24: ;   {metadata(method data for {method} {0x000002d2c71ec510} 'defineClass' '(ZLjava/lang/Object;)Ljava/lang/Class;' in 'java/lang/invoke/MethodHandles$Lookup$ClassDefiner')}
  0x000002d2b43fdb24: 49b8 e0eb | 9308 d302 | 0000 41ff | 8038 0400 | 0048 8b84 | 24c0 0000 | 0048 81c4 | e000 0000 
  0x000002d2b43fdb44: ;   {poll_return}
  0x000002d2b43fdb44: 5d49 3ba7 | 4804 0000 | 0f87 be02 | 0000 c348 | 8984 24c0 | 0000 0044 | 8b4a 184c 

  0x000002d2b43fdb60: ;   {metadata(method data for {method} {0x000002d2c71ec510} 'defineClass' '(ZLjava/lang/Object;)Ljava/lang/Class;' in 'java/lang/invoke/MethodHandles$Lookup$ClassDefiner')}
  0x000002d2b43fdb60: 8bc6 48ba | e0eb 9308 | d302 0000 | 4883 8250 | 0400 0001 | 4c8b c748 | 8bd6 0f1f 

  0x000002d2b43fdb7c: ;   {optimized virtual_call}
  0x000002d2b43fdb7c: 4400 00e8 

  0x000002d2b43fdb80: ; ImmutableOopMap {[192]=Oop }
                      ;*invokevirtual dumpFailedClass {reexecute=0 rethrow=0 return_oop=0}
                      ; - java.lang.invoke.MethodHandles$Lookup$ClassDefiner::defineClass@150 (line 2515)
  0x000002d2b43fdb80: fc0e f706 

  0x000002d2b43fdb84: ;   {other}
  0x000002d2b43fdb84: 0f1f 8400 | f409 0003 | 488b 8424 | c000 0000 | 4881 c4e0 | 0000 005d 

  0x000002d2b43fdb9c: ;   {poll_return}
  0x000002d2b43fdb9c: 493b a748 | 0400 000f | 877d 0200 | 00c3 448b | 4a18 4c8b 

  0x000002d2b43fdbb0: ;   {metadata(method data for {method} {0x000002d2c71ec510} 'defineClass' '(ZLjava/lang/Object;)Ljava/lang/Class;' in 'java/lang/invoke/MethodHandles$Lookup$ClassDefiner')}
  0x000002d2b43fdbb0: c648 bae0 | eb93 08d3 | 0200 0048 | 8382 8805 | 0000 014c | 8bc7 488b | d666 0f1f 

  0x000002d2b43fdbcc: ;   {optimized virtual_call}
  0x000002d2b43fdbcc: 4400 00e8 

  0x000002d2b43fdbd0: ; ImmutableOopMap {[200]=Oop }
                      ;*invokevirtual dumpFailedClass {reexecute=0 rethrow=0 return_oop=0}
                      ; - java.lang.invoke.MethodHandles$Lookup$ClassDefiner::defineClass@207 (line 2515)
  0x000002d2b43fdbd0: ac0e f706 

  0x000002d2b43fdbd4: ;   {other}
  0x000002d2b43fdbd4: 0f1f 8400 | 440a 0004 | 488b 8424 | c800 0000 | e970 0200 

  0x000002d2b43fdbe8: ;   {metadata({method} {0x000002d2c71ec510} 'defineClass' '(ZLjava/lang/Object;)Ljava/lang/Class;' in 'java/lang/invoke/MethodHandles$Lookup$ClassDefiner')}
  0x000002d2b43fdbe8: 0049 ba08 | c51e c7d2 | 0200 004c | 8954 2408 | 48c7 0424 | ffff ffff 

  0x000002d2b43fdc00: ;   {runtime_call counter_overflow Runtime1 stub}
  0x000002d2b43fdc00: e8fb 4203 

  0x000002d2b43fdc04: ; ImmutableOopMap {rdx=Oop r9=Oop [152]=Oop [184]=Oop }
                      ;*synchronization entry
                      ; - java.lang.invoke.MethodHandles$Lookup$ClassDefiner::defineClass@-1 (line 2499)
  0x000002d2b43fdc04: 07e9 94f8 

  0x000002d2b43fdc08: ;   {runtime_call throw_null_pointer_exception Runtime1 stub}
  0x000002d2b43fdc08: ffff e8f1 

  0x000002d2b43fdc0c: ; ImmutableOopMap {rdx=Oop r9=Oop rsi=Oop [144]=Oop [152]=Oop [184]=Oop }
                      ;*invokevirtual lookupClass {reexecute=0 rethrow=0 return_oop=0}
                      ; - java.lang.invoke.MethodHandles$Lookup$ClassDefiner::defineClass@4 (line 2499)
                      ;   {runtime_call throw_null_pointer_exception Runtime1 stub}
  0x000002d2b43fdc0c: f102 07e8 

  0x000002d2b43fdc10: ; ImmutableOopMap {rdx=Oop r9=Oop rsi=Oop rdi=Oop [144]=Oop [152]=Oop [168]=Oop [184]=Oop }
                      ;*invokevirtual getClassLoader {reexecute=0 rethrow=0 return_oop=0}
                      ; - java.lang.invoke.MethodHandles$Lookup$ClassDefiner::defineClass@9 (line 2500)
  0x000002d2b43fdc10: ecf1 0207 

  0x000002d2b43fdc14: ;   {metadata({method} {0x000002d2c746a9f8} 'getClassLoader' '()Ljava/lang/ClassLoader;' in 'java/lang/Class')}
  0x000002d2b43fdc14: 49ba f0a9 | 46c7 d202 | 0000 4c89 | 5424 0848 | c704 24ff 

  0x000002d2b43fdc28: ;   {runtime_call counter_overflow Runtime1 stub}
  0x000002d2b43fdc28: ffff ffe8 

  0x000002d2b43fdc2c: ; ImmutableOopMap {rdx=Oop r9=Oop rsi=Oop rdi=Oop [144]=Oop [152]=Oop [168]=Oop [184]=Oop }
                      ;*synchronization entry
                      ; - java.lang.Class::getClassLoader@-1 (line 982)
                      ; - java.lang.invoke.MethodHandles$Lookup$ClassDefiner::defineClass@9 (line 2500)
  0x000002d2b43fdc2c: d042 0307 | e9d5 f8ff 

  0x000002d2b43fdc34: ;   {metadata({method} {0x000002d2c701b1d0} 'getSecurityManager' '()Ljava/lang/SecurityManager;' in 'java/lang/System')}
  0x000002d2b43fdc34: ff49 bac8 | b101 c7d2 | 0200 004c | 8954 2408 | 48c7 0424 | ffff ffff 

  0x000002d2b43fdc4c: ;   {runtime_call counter_overflow Runtime1 stub}
  0x000002d2b43fdc4c: e8af 4203 

  0x000002d2b43fdc50: ; ImmutableOopMap {rdx=Oop r9=Oop rsi=Oop rdi=Oop rbx=Oop [144]=Oop [152]=Oop [168]=Oop [184]=Oop }
                      ;*synchronization entry
                      ; - java.lang.System::getSecurityManager@-1 (line 504)
                      ; - java.lang.Class::getClassLoader@11 (line 986)
                      ; - java.lang.invoke.MethodHandles$Lookup$ClassDefiner::defineClass@9 (line 2500)
  0x000002d2b43fdc50: 07e9 2ef9 

  0x000002d2b43fdc54: ;   {metadata({method} {0x000002d2c701b2e8} 'allowSecurityManager' '()Z' in 'java/lang/System')}
  0x000002d2b43fdc54: ffff 49ba | e0b2 01c7 | d202 0000 | 4c89 5424 | 0848 c704 | 24ff ffff 

  0x000002d2b43fdc6c: ;   {runtime_call counter_overflow Runtime1 stub}
  0x000002d2b43fdc6c: ffe8 8e42 

  0x000002d2b43fdc70: ; ImmutableOopMap {rdx=Oop r9=Oop rsi=Oop rdi=Oop rbx=Oop [144]=Oop [152]=Oop [168]=Oop [184]=Oop }
                      ;*synchronization entry
                      ; - java.lang.System::allowSecurityManager@-1 (line 212)
                      ; - java.lang.System::getSecurityManager@0 (line 504)
                      ; - java.lang.Class::getClassLoader@11 (line 986)
                      ; - java.lang.invoke.MethodHandles$Lookup$ClassDefiner::defineClass@9 (line 2500)
  0x000002d2b43fdc70: 0307 e946 

  0x000002d2b43fdc74: ;   {metadata({method} {0x000002d2c73e2270} 'lookupClassProtectionDomain' '()Ljava/security/ProtectionDomain;' in 'java/lang/invoke/MethodHandles$Lookup')}
  0x000002d2b43fdc74: f9ff ff49 | ba68 223e | c7d2 0200 | 004c 8954 | 2408 48c7 | 0424 ffff 

  0x000002d2b43fdc8c: ;   {runtime_call counter_overflow Runtime1 stub}
  0x000002d2b43fdc8c: ffff e86d 

  0x000002d2b43fdc90: ; ImmutableOopMap {rdx=Oop r9=Oop rsi=Oop rdi=Oop rbx=Oop [144]=Oop [152]=Oop [168]=Oop [184]=Oop }
                      ;*synchronization entry
                      ; - java.lang.invoke.MethodHandles$Lookup::lookupClassProtectionDomain@-1 (line 2542)
                      ; - java.lang.invoke.MethodHandles$Lookup$ClassDefiner::defineClass@23 (line 2501)
  0x000002d2b43fdc90: 4203 07e9 | c0f9 ffff 

  0x000002d2b43fdc98: ;   {metadata({method} {0x000002d2c7475720} 'getJavaLangAccess' '()Ljdk/internal/access/JavaLangAccess;' in 'jdk/internal/access/SharedSecrets')}
  0x000002d2b43fdc98: 49ba 1857 | 47c7 d202 | 0000 4c89 | 5424 0848 | c704 24ff 

  0x000002d2b43fdcac: ;   {runtime_call counter_overflow Runtime1 stub}
  0x000002d2b43fdcac: ffff ffe8 

  0x000002d2b43fdcb0: ; ImmutableOopMap {rsi=Oop [144]=Oop [152]=Oop [160]=Oop [168]=Oop [184]=Oop }
                      ;*synchronization entry
                      ; - jdk.internal.access.SharedSecrets::getJavaLangAccess@-1 (line 157)
                      ; - java.lang.invoke.MethodHandles$Lookup::lookupClassProtectionDomain@10 (line 2544)
                      ; - java.lang.invoke.MethodHandles$Lookup$ClassDefiner::defineClass@23 (line 2501)
  0x000002d2b43fdcb0: 4c42 0307 | e912 faff 

  0x000002d2b43fdcb8: ;   {runtime_call throw_incompatible_class_change_error Runtime1 stub}
  0x000002d2b43fdcb8: ffe8 4218 

  0x000002d2b43fdcbc: ; ImmutableOopMap {rax=Oop rcx=Oop [144]=Oop [152]=Oop [160]=Oop [168]=Oop [184]=Oop }
                      ;*invokeinterface protectionDomain {reexecute=0 rethrow=0 return_oop=0}
                      ; - java.lang.invoke.MethodHandles$Lookup::lookupClassProtectionDomain@17 (line 2544)
                      ; - java.lang.invoke.MethodHandles$Lookup$ClassDefiner::defineClass@23 (line 2501)
                      ;   {runtime_call throw_null_pointer_exception Runtime1 stub}
  0x000002d2b43fdcbc: 0307 e83d 

  0x000002d2b43fdcc0: ; ImmutableOopMap {rax=Oop rcx=Oop [144]=Oop [152]=Oop [160]=Oop [168]=Oop [184]=Oop }
                      ;*invokeinterface protectionDomain {reexecute=0 rethrow=0 return_oop=0}
                      ; - java.lang.invoke.MethodHandles$Lookup::lookupClassProtectionDomain@17 (line 2544)
                      ; - java.lang.invoke.MethodHandles$Lookup$ClassDefiner::defineClass@23 (line 2501)
                      ;   {metadata({method} {0x000002d2c70192c8} 'protectionDomain' '(Ljava/lang/Class;)Ljava/security/ProtectionDomain;' in 'java/lang/System$2')}
  0x000002d2b43fdcc0: f102 0749 | bac0 9201 | c7d2 0200 | 004c 8954 | 2408 48c7 | 0424 ffff 

  0x000002d2b43fdcd8: ;   {runtime_call counter_overflow Runtime1 stub}
  0x000002d2b43fdcd8: ffff e821 

  0x000002d2b43fdcdc: ; ImmutableOopMap {rcx=Oop [144]=Oop [152]=Oop [160]=Oop [168]=Oop [184]=Oop }
                      ;*synchronization entry
                      ; - java.lang.System$2::protectionDomain@-1 (line 2518)
                      ; - java.lang.invoke.MethodHandles$Lookup::lookupClassProtectionDomain@17 (line 2544)
                      ; - java.lang.invoke.MethodHandles$Lookup$ClassDefiner::defineClass@23 (line 2501)
  0x000002d2b43fdcdc: 4203 07e9 | 68fa ffff 

  0x000002d2b43fdce4: ;   {runtime_call throw_null_pointer_exception Runtime1 stub}
  0x000002d2b43fdce4: e817 f102 

  0x000002d2b43fdce8: ; ImmutableOopMap {rcx=Oop [144]=Oop [152]=Oop [160]=Oop [168]=Oop [184]=Oop }
                      ;*invokevirtual protectionDomain {reexecute=0 rethrow=0 return_oop=0}
                      ; - java.lang.System$2::protectionDomain@1 (line 2518)
                      ; - java.lang.invoke.MethodHandles$Lookup::lookupClassProtectionDomain@17 (line 2544)
                      ; - java.lang.invoke.MethodHandles$Lookup$ClassDefiner::defineClass@23 (line 2501)
                      ;   {metadata({method} {0x000002d2c7469750} 'protectionDomain' '()Ljava/security/ProtectionDomain;' in 'java/lang/Class')}
  0x000002d2b43fdce8: 0749 ba48 | 9746 c7d2 | 0200 004c | 8954 2408 | 48c7 0424 | ffff ffff 

  0x000002d2b43fdd00: ;   {runtime_call counter_overflow Runtime1 stub}
  0x000002d2b43fdd00: e8fb 4103 

  0x000002d2b43fdd04: ; ImmutableOopMap {rcx=Oop [144]=Oop [152]=Oop [160]=Oop [168]=Oop [184]=Oop }
                      ;*synchronization entry
                      ; - java.lang.Class::protectionDomain@-1 (line 3188)
                      ; - java.lang.System$2::protectionDomain@1 (line 2518)
                      ; - java.lang.invoke.MethodHandles$Lookup::lookupClassProtectionDomain@17 (line 2544)
                      ; - java.lang.invoke.MethodHandles$Lookup$ClassDefiner::defineClass@23 (line 2501)
  0x000002d2b43fdd04: 07e9 80fa 

  0x000002d2b43fdd08: ;   {oop(nullptr)}
  0x000002d2b43fdd08: ffff 49b8 | 0000 0000 | 0000 0000 | 5053 498b | 5810 5756 | 5251 4150 | 4151 4152 | 4153 4883 
  0x000002d2b43fdd28: ec20 40f6 | c40f 0f84 | 1900 0000 | 4883 ec08 

  0x000002d2b43fdd38: ;   {runtime_call}
  0x000002d2b43fdd38: 48b8 a0a0 | 2831 fe7f | 0000 ffd0 | 4883 c408 | e90c 0000 

  0x000002d2b43fdd4c: ;   {runtime_call}
  0x000002d2b43fdd4c: 0048 b8a0 | a028 31fe | 7f00 00ff | d048 83c4 | 2041 5b41 | 5a41 5941 | 5859 5a5e | 5f48 3b83 
  0x000002d2b43fdd6c: 3801 0000 | 5b58 0f85 | 0a00 0000 | e975 faff | ffb8 0078 

  0x000002d2b43fdd80: ;   {runtime_call load_mirror_patching Runtime1 stub}
  0x000002d2b43fdd80: 6e0a e879 

  0x000002d2b43fdd84: ; ImmutableOopMap {[144]=Oop [152]=Oop [160]=Oop [168]=Oop [184]=Oop }
                      ;*getstatic allPermDomain {reexecute=1 rethrow=0 return_oop=0}
                      ; - (reexecute) java.lang.Class::protectionDomain@9 (line 3190)
                      ; - java.lang.System$2::protectionDomain@1 (line 2518)
                      ; - java.lang.invoke.MethodHandles$Lookup::lookupClassProtectionDomain@17 (line 2544)
                      ; - java.lang.invoke.MethodHandles$Lookup$ClassDefiner::defineClass@23 (line 2501)
  0x000002d2b43fdd84: 3503 07e9 | 5cfa ffff 

  0x000002d2b43fdd8c: ;   {runtime_call throw_null_pointer_exception Runtime1 stub}
  0x000002d2b43fdd8c: e86f f002 

  0x000002d2b43fdd90: ; ImmutableOopMap {r8=Oop [144]=Oop [152]=Oop [160]=Oop [168]=Oop [184]=Oop }
                      ;*getstatic allPermDomain {reexecute=1 rethrow=0 return_oop=0}
                      ; - (reexecute) java.lang.Class::protectionDomain@9 (line 3190)
                      ; - java.lang.System$2::protectionDomain@1 (line 2518)
                      ; - java.lang.invoke.MethodHandles$Lookup::lookupClassProtectionDomain@17 (line 2544)
                      ; - java.lang.invoke.MethodHandles$Lookup$ClassDefiner::defineClass@23 (line 2501)
  0x000002d2b43fdd90: 0745 8b80 | 0000 0000 | b800 0c05 

  0x000002d2b43fdd9c: ;   {runtime_call access_field_patching Runtime1 stub}
  0x000002d2b43fdd9c: 07e8 5e2c 

  0x000002d2b43fdda0: ; ImmutableOopMap {r8=Oop [144]=Oop [152]=Oop [160]=Oop [168]=Oop [184]=Oop }
                      ;*getstatic allPermDomain {reexecute=1 rethrow=0 return_oop=0}
                      ; - (reexecute) java.lang.Class::protectionDomain@9 (line 3190)
                      ; - java.lang.System$2::protectionDomain@1 (line 2518)
                      ; - java.lang.invoke.MethodHandles$Lookup::lookupClassProtectionDomain@17 (line 2544)
                      ; - java.lang.invoke.MethodHandles$Lookup$ClassDefiner::defineClass@23 (line 2501)
  0x000002d2b43fdda0: 0307 e951 | faff ff44 | 8b4e 1849 | 83f9 000f | 8468 faff | ff4c 890c 

  0x000002d2b43fddb8: ;   {runtime_call g1_pre_barrier_slow}
  0x000002d2b43fddb8: 24e8 4247 | 0307 e95a | faff ff49 | 83f8 000f | 8471 faff | ff48 8934 

  0x000002d2b43fddd0: ;   {runtime_call g1_post_barrier_slow}
  0x000002d2b43fddd0: 24e8 2a4a | 0307 e963 

  0x000002d2b43fddd8: ;   {metadata({method} {0x000002d2c7475720} 'getJavaLangAccess' '()Ljdk/internal/access/JavaLangAccess;' in 'jdk/internal/access/SharedSecrets')}
  0x000002d2b43fddd8: faff ff49 | ba18 5747 | c7d2 0200 | 004c 8954 | 2408 48c7 | 0424 ffff 

  0x000002d2b43fddf0: ;   {runtime_call counter_overflow Runtime1 stub}
  0x000002d2b43fddf0: ffff e809 

  0x000002d2b43fddf4: ; ImmutableOopMap {rax=Oop rdi=Oop rbx=Oop rdx=Oop [152]=Oop [168]=Oop [184]=Oop }
                      ;*synchronization entry
                      ; - jdk.internal.access.SharedSecrets::getJavaLangAccess@-1 (line 157)
                      ; - java.lang.invoke.MethodHandles$Lookup$ClassDefiner::defineClass@35 (line 2504)
  0x000002d2b43fddf4: 4103 07e9 | c3fa ffff 

  0x000002d2b43fddfc: ;   {runtime_call throw_incompatible_class_change_error Runtime1 stub}
  0x000002d2b43fddfc: e8ff 1603 

  0x000002d2b43fde00: ; ImmutableOopMap {rax=Oop rdi=Oop rbx=Oop r14=Oop rsi=Oop rcx=Oop [152]=Oop [168]=Oop [184]=Oop }
                      ;*invokeinterface defineClass {reexecute=0 rethrow=0 return_oop=0}
                      ; - java.lang.invoke.MethodHandles$Lookup$ClassDefiner::defineClass@57 (line 2505)
                      ;   {runtime_call throw_null_pointer_exception Runtime1 stub}
  0x000002d2b43fde00: 07e8 faef 

  0x000002d2b43fde04: ; ImmutableOopMap {rax=Oop rdi=Oop rbx=Oop r14=Oop rsi=Oop rcx=Oop [152]=Oop [168]=Oop [184]=Oop }
                      ;*invokeinterface defineClass {reexecute=0 rethrow=0 return_oop=0}
                      ; - java.lang.invoke.MethodHandles$Lookup$ClassDefiner::defineClass@57 (line 2505)
                      ;   {runtime_call throw_null_pointer_exception Runtime1 stub}
  0x000002d2b43fde04: 0207 e8f5 

  0x000002d2b43fde08: ; ImmutableOopMap {rax=Oop rdx=Oop rsi=Oop [152]=Oop }
                      ;*invokevirtual isEnabled {reexecute=0 rethrow=0 return_oop=0}
                      ; - java.lang.invoke.MethodHandles$Lookup$ClassDefiner::defineClass@105 (line 2510)
                      ;   {runtime_call throw_null_pointer_exception Runtime1 stub}
  0x000002d2b43fde08: ef02 07e8 

  0x000002d2b43fde0c: ; ImmutableOopMap {rdx=Oop rax=Oop rsi=Oop [152]=Oop }
                      ;*invokevirtual isEnabled {reexecute=0 rethrow=0 return_oop=0}
                      ; - java.lang.invoke.MethodHandles$Lookup$ClassDefiner::defineClass@162 (line 2510)
  0x000002d2b43fde0c: f0ef 0207 

  0x000002d2b43fde10: ;   {internal_word}
  0x000002d2b43fde10: 49ba 45db | 3fb4 d202 | 0000 4d89 | 9760 0400 

  0x000002d2b43fde20: ;   {runtime_call SafepointBlob}
  0x000002d2b43fde20: 00e9 5a76 

  0x000002d2b43fde24: ;   {internal_word}
  0x000002d2b43fde24: f706 49ba | 9cdb 3fb4 | d202 0000 | 4d89 9760 

  0x000002d2b43fde34: ;   {runtime_call SafepointBlob}
  0x000002d2b43fde34: 0400 00e9 | 4476 f706 | 498b 87f8 | 0400 0049 | c787 f804 | 0000 0000 | 0000 49c7 | 8700 0500 
  0x000002d2b43fde54: 0000 0000 | 0048 81c4 | e000 0000 

  0x000002d2b43fde60: ;   {runtime_call unwind_exception Runtime1 stub}
  0x000002d2b43fde60: 5de9 9ae0 | 0207 f4f4 
[Stub Code]
  0x000002d2b43fde68: ;   {no_reloc}
  0x000002d2b43fde68: 0f1f 4400 

  0x000002d2b43fde6c: ;   {static_stub}
  0x000002d2b43fde6c: 0048 bb00 | 0000 0000 

  0x000002d2b43fde74: ;   {runtime_call nmethod}
  0x000002d2b43fde74: 0000 00e9 | fbff ffff 

  0x000002d2b43fde7c: ;   {static_stub}
  0x000002d2b43fde7c: 48bb 0000 | 0000 0000 

  0x000002d2b43fde84: ;   {runtime_call nmethod}
  0x000002d2b43fde84: 0000 e9fb 

  0x000002d2b43fde88: ;   {static_stub}
  0x000002d2b43fde88: ffff ff48 | bb00 0000 | 0000 0000 

  0x000002d2b43fde94: ;   {runtime_call nmethod}
  0x000002d2b43fde94: 00e9 fbff 

  0x000002d2b43fde98: ;   {static_stub}
  0x000002d2b43fde98: ffff 48bb | 0000 0000 | 0000 0000 

  0x000002d2b43fdea4: ;   {runtime_call nmethod}
  0x000002d2b43fdea4: e9fb ffff 

  0x000002d2b43fdea8: ;   {runtime_call handle_exception_from_callee Runtime1 stub}
  0x000002d2b43fdea8: ffe8 520d 

  0x000002d2b43fdeac: ;   {external_word}
  0x000002d2b43fdeac: 0307 48b9 | 2053 c831 | fe7f 0000 | 4883 e4f0 

  0x000002d2b43fdebc: ;   {runtime_call}
  0x000002d2b43fdebc: 48b8 90b7 | 8a31 fe7f | 0000 ffd0 

  0x000002d2b43fdec8: ;   {section_word}
  0x000002d2b43fdec8: f449 bac9 | de3f b4d2 | 0200 0041 

  0x000002d2b43fded4: ;   {runtime_call DeoptimizationBlob}
  0x000002d2b43fded4: 52e9 4668 | f706 f4f4 | f4f4 f4f4 
[/MachCode]


---------------  P R O C E S S  ---------------

Threads class SMR info:
_java_thread_list=0x000002d310e167a0, length=32, elements={
0x000002d2ab6f6780, 0x000002d2c6547580, 0x000002d2c654ad00, 0x000002d2c654e480,
0x000002d2c654eed0, 0x000002d2c654f920, 0x000002d2c6550370, 0x000002d2c65510f0,
0x000002d2c6556680, 0x000002d2c684fc80, 0x000002d30c8b0490, 0x000002d30d8ac320,
0x000002d30cf43290, 0x000002d30dd94170, 0x000002d30de79fb0, 0x000002d30e5a25d0,
0x000002d30f9390b0, 0x000002d30f939740, 0x000002d30f938a20, 0x000002d30f939dd0,
0x000002d30f93b180, 0x000002d30f93b810, 0x000002d30f93a460, 0x000002d30f93bea0,
0x000002d30d5600d0, 0x000002d30d5621a0, 0x000002d30d55fa40, 0x000002d30d55f3b0,
0x000002d30d562ec0, 0x000002d30d565620, 0x000002d30d4dc030, 0x000002d30dcdf590
}

Java Threads: ( => current thread )
=>0x000002d2ab6f6780 JavaThread "Test worker"                       [_thread_in_vm, id=19384, stack(0x000000f698000000,0x000000f698100000) (1024K)]
  0x000002d2c6547580 JavaThread "Reference Handler"          daemon [_thread_blocked, id=13564, stack(0x000000f698800000,0x000000f698900000) (1024K)]
  0x000002d2c654ad00 JavaThread "Finalizer"                  daemon [_thread_blocked, id=12332, stack(0x000000f698900000,0x000000f698a00000) (1024K)]
  0x000002d2c654e480 JavaThread "Signal Dispatcher"          daemon [_thread_blocked, id=9828, stack(0x000000f698a00000,0x000000f698b00000) (1024K)]
  0x000002d2c654eed0 JavaThread "Attach Listener"            daemon [_thread_blocked, id=5008, stack(0x000000f698b00000,0x000000f698c00000) (1024K)]
  0x000002d2c654f920 JavaThread "Service Thread"             daemon [_thread_blocked, id=8720, stack(0x000000f698c00000,0x000000f698d00000) (1024K)]
  0x000002d2c6550370 JavaThread "Monitor Deflation Thread"   daemon [_thread_blocked, id=18160, stack(0x000000f698d00000,0x000000f698e00000) (1024K)]
  0x000002d2c65510f0 JavaThread "C2 CompilerThread0"         daemon [_thread_blocked, id=18416, stack(0x000000f698e00000,0x000000f698f00000) (1024K)]
  0x000002d2c6556680 JavaThread "C1 CompilerThread0"         daemon [_thread_blocked, id=10716, stack(0x000000f698f00000,0x000000f699000000) (1024K)]
  0x000002d2c684fc80 JavaThread "Common-Cleaner"             daemon [_thread_blocked, id=10252, stack(0x000000f699000000,0x000000f699100000) (1024K)]
  0x000002d30c8b0490 JavaThread "Notification Thread"        daemon [_thread_blocked, id=2116, stack(0x000000f699100000,0x000000f699200000) (1024K)]
  0x000002d30d8ac320 JavaThread "/127.0.0.1:49201 to /127.0.0.1:49198 workers"        [_thread_blocked, id=19368, stack(0x000000f699b00000,0x000000f699c00000) (1024K)]
  0x000002d30cf43290 JavaThread "/127.0.0.1:49201 to /127.0.0.1:49198 workers Thread 2"        [_thread_blocked, id=6588, stack(0x000000f699c00000,0x000000f699d00000) (1024K)]
  0x000002d30dd94170 JavaThread "/127.0.0.1:49201 to /127.0.0.1:49198 workers Thread 3"        [_thread_in_native, id=1432, stack(0x000000f699d00000,0x000000f699e00000) (1024K)]
  0x000002d30de79fb0 JavaThread "JNA Cleaner"                daemon [_thread_blocked, id=9504, stack(0x000000f699f00000,0x000000f69a000000) (1024K)]
  0x000002d30e5a25d0 JavaThread "Thread-4"                   daemon [_thread_in_native, id=14816, stack(0x000000f69a000000,0x000000f69a100000) (1024K)]
  0x000002d30f9390b0 JavaThread "Thread-5"                   daemon [_thread_in_native, id=17280, stack(0x000000f69a100000,0x000000f69a200000) (1024K)]
  0x000002d30f939740 JavaThread "Thread-6"                   daemon [_thread_in_native, id=4468, stack(0x000000f69a200000,0x000000f69a300000) (1024K)]
  0x000002d30f938a20 JavaThread "Thread-7"                   daemon [_thread_in_native, id=12400, stack(0x000000f69a300000,0x000000f69a400000) (1024K)]
  0x000002d30f939dd0 JavaThread "Thread-8"                   daemon [_thread_in_native, id=18632, stack(0x000000f69a400000,0x000000f69a500000) (1024K)]
  0x000002d30f93b180 JavaThread "Thread-9"                   daemon [_thread_in_native, id=19264, stack(0x000000f69a500000,0x000000f69a600000) (1024K)]
  0x000002d30f93b810 JavaThread "Thread-10"                  daemon [_thread_in_native, id=9844, stack(0x000000f69a600000,0x000000f69a700000) (1024K)]
  0x000002d30f93a460 JavaThread "Thread-11"                  daemon [_thread_in_native, id=4704, stack(0x000000f69a700000,0x000000f69a800000) (1024K)]
  0x000002d30f93bea0 JavaThread "Thread-12"                  daemon [_thread_in_native, id=10340, stack(0x000000f69a800000,0x000000f69a900000) (1024K)]
  0x000002d30d5600d0 JavaThread "testcontainers-ryuk"        daemon [_thread_blocked, id=8648, stack(0x000000f69ae00000,0x000000f69af00000) (1024K)]
  0x000002d30d5621a0 JavaThread "PostgreSQL-JDBC-Cleaner"    daemon [_thread_blocked, id=20120, stack(0x000000f697d00000,0x000000f697e00000) (1024K)]
  0x000002d30d55fa40 JavaThread "HikariPool-1 housekeeper"   daemon [_thread_blocked, id=18468, stack(0x000000f697e00000,0x000000f697f00000) (1024K)]
  0x000002d30d55f3b0 JavaThread "Catalina-utility-1"                [_thread_blocked, id=8932, stack(0x000000f69aa00000,0x000000f69ab00000) (1024K)]
  0x000002d30d562ec0 JavaThread "Catalina-utility-2"                [_thread_blocked, id=7272, stack(0x000000f69ab00000,0x000000f69ac00000) (1024K)]
  0x000002d30d565620 JavaThread "container-0"                       [_thread_blocked, id=16724, stack(0x000000f69af00000,0x000000f69b000000) (1024K)]
  0x000002d30d4dc030 JavaThread "idle-connection-reaper"     daemon [_thread_blocked, id=20228, stack(0x000000f697f00000,0x000000f698000000) (1024K)]
  0x000002d30dcdf590 JavaThread "C2 CompilerThread1"         daemon [_thread_blocked, id=9388, stack(0x000000f69ac00000,0x000000f69ad00000) (1024K)]
Total: 32

Other Threads:
  0x000002d2c65288d0 VMThread "VM Thread"                           [id=7284, stack(0x000000f698700000,0x000000f698800000) (1024K)]
  0x000002d2c6518850 WatcherThread "VM Periodic Task Thread"        [id=14140, stack(0x000000f698600000,0x000000f698700000) (1024K)]
  0x000002d2ab7213e0 WorkerThread "GC Thread#0"                     [id=5384, stack(0x000000f698100000,0x000000f698200000) (1024K)]
  0x000002d30cd17a80 WorkerThread "GC Thread#1"                     [id=7928, stack(0x000000f699200000,0x000000f699300000) (1024K)]
  0x000002d30ced74a0 WorkerThread "GC Thread#2"                     [id=1140, stack(0x000000f699300000,0x000000f699400000) (1024K)]
  0x000002d30ced7c20 WorkerThread "GC Thread#3"                     [id=15496, stack(0x000000f699400000,0x000000f699500000) (1024K)]
  0x000002d30d1def90 WorkerThread "GC Thread#4"                     [id=13376, stack(0x000000f699500000,0x000000f699600000) (1024K)]
  0x000002d30dc9cae0 WorkerThread "GC Thread#5"                     [id=12372, stack(0x000000f699600000,0x000000f699700000) (1024K)]
  0x000002d30d8e0fe0 WorkerThread "GC Thread#6"                     [id=8488, stack(0x000000f699700000,0x000000f699800000) (1024K)]
  0x000002d30d8edc70 WorkerThread "GC Thread#7"                     [id=4936, stack(0x000000f699800000,0x000000f699900000) (1024K)]
  0x000002d2ab7263c0 ConcurrentGCThread "G1 Main Marker"            [id=6468, stack(0x000000f698200000,0x000000f698300000) (1024K)]
  0x000002d2ab727d40 WorkerThread "G1 Conc#0"                       [id=604, stack(0x000000f698300000,0x000000f698400000) (1024K)]
  0x000002d30dfa6c70 WorkerThread "G1 Conc#1"                       [id=15844, stack(0x000000f699a00000,0x000000f699b00000) (1024K)]
  0x000002d2ab79e700 ConcurrentGCThread "G1 Refine#0"               [id=4824, stack(0x000000f698400000,0x000000f698500000) (1024K)]
  0x000002d2c63da450 ConcurrentGCThread "G1 Service"                [id=19128, stack(0x000000f698500000,0x000000f698600000) (1024K)]
Total: 15

Threads with active compile tasks:
Total: 0

VM state: not at safepoint (normal execution)

VM Mutex/Monitor currently owned by a thread:  ([mutex/lock_event])
[0x00007ffe31f3b4f0] Metaspace_lock - owner thread: 0x000002d2ab6f6780

Heap address: 0x00000000e0000000, size: 512 MB, Compressed Oops mode: 32-bit

CDS archive(s) mapped at: [0x000002d2c7000000-0x000002d2c7c80000-0x000002d2c7c80000), size 13107200, SharedBaseAddress: 0x000002d2c7000000, ArchiveRelocationMode: 1.
Compressed class space mapped at: 0x000002d2c8000000-0x000002d308000000, reserved size: 1073741824
Narrow klass base: 0x000002d2c7000000, Narrow klass shift: 0, Narrow klass range: 0x100000000

GC Precious Log:
 CardTable entry size: 512
 Card Set container configuration: InlinePtr #cards 5 size 8 Array Of Cards #cards 12 size 40 Howl #buckets 4 coarsen threshold 1843 Howl Bitmap #cards 512 size 80 coarsen threshold 460 Card regions per heap region 1 cards per card region 2048
 CPUs: 8 total, 8 available
 Memory: 8066M
 Large Page Support: Disabled
 NUMA Support: Disabled
 Compressed Oops: Enabled (32-bit)
 Heap Region Size: 1M
 Heap Min Capacity: 8M
 Heap Initial Capacity: 128M
 Heap Max Capacity: 512M
 Pre-touch: Disabled
 Parallel Workers: 8
 Concurrent Workers: 2
 Concurrent Refinement Workers: 8
 Periodic GC: Disabled

Heap:
 garbage-first heap   total 113664K, used 97636K [0x00000000e0000000, 0x0000000100000000)
  region size 1024K, 33 young (33792K), 5 survivors (5120K)
 Metaspace       used 129858K, committed 130752K, reserved 1179648K
  class space    used 15142K, committed 15552K, reserved 1048576K

Heap Regions: E=young(eden), S=young(survivor), O=old, HS=humongous(starts), HC=humongous(continues), CS=collection set, F=free, TAMS=top-at-mark-start, PB=parsable bottom
|   0|0x00000000e0000000, 0x00000000e0100000, 0x00000000e0100000|100%|HS|  |TAMS 0x00000000e0000000| PB 0x00000000e0000000| Complete 
|   1|0x00000000e0100000, 0x00000000e0200000, 0x00000000e0200000|100%|HC|  |TAMS 0x00000000e0100000| PB 0x00000000e0100000| Complete 
|   2|0x00000000e0200000, 0x00000000e0300000, 0x00000000e0300000|100%|HS|  |TAMS 0x00000000e0200000| PB 0x00000000e0200000| Complete 
|   3|0x00000000e0300000, 0x00000000e0400000, 0x00000000e0400000|100%| O|  |TAMS 0x00000000e0300000| PB 0x00000000e0300000| Untracked 
|   4|0x00000000e0400000, 0x00000000e0500000, 0x00000000e0500000|100%| O|  |TAMS 0x00000000e0400000| PB 0x00000000e0400000| Untracked 
|   5|0x00000000e0500000, 0x00000000e0600000, 0x00000000e0600000|100%| O|  |TAMS 0x00000000e0500000| PB 0x00000000e0500000| Untracked 
|   6|0x00000000e0600000, 0x00000000e0700000, 0x00000000e0700000|100%| O|  |TAMS 0x00000000e0600000| PB 0x00000000e0600000| Untracked 
|   7|0x00000000e0700000, 0x00000000e0800000, 0x00000000e0800000|100%| O|  |TAMS 0x00000000e0700000| PB 0x00000000e0700000| Untracked 
|   8|0x00000000e0800000, 0x00000000e0900000, 0x00000000e0900000|100%| O|  |TAMS 0x00000000e0800000| PB 0x00000000e0800000| Untracked 
|   9|0x00000000e0900000, 0x00000000e0a00000, 0x00000000e0a00000|100%| O|  |TAMS 0x00000000e0900000| PB 0x00000000e0900000| Untracked 
|  10|0x00000000e0a00000, 0x00000000e0b00000, 0x00000000e0b00000|100%| O|  |TAMS 0x00000000e0a00000| PB 0x00000000e0a00000| Untracked 
|  11|0x00000000e0b00000, 0x00000000e0c00000, 0x00000000e0c00000|100%| O|  |TAMS 0x00000000e0b00000| PB 0x00000000e0b00000| Untracked 
|  12|0x00000000e0c00000, 0x00000000e0d00000, 0x00000000e0d00000|100%| O|  |TAMS 0x00000000e0c00000| PB 0x00000000e0c00000| Untracked 
|  13|0x00000000e0d00000, 0x00000000e0e00000, 0x00000000e0e00000|100%| O|  |TAMS 0x00000000e0d00000| PB 0x00000000e0d00000| Untracked 
|  14|0x00000000e0e00000, 0x00000000e0f00000, 0x00000000e0f00000|100%| O|  |TAMS 0x00000000e0e00000| PB 0x00000000e0e00000| Untracked 
|  15|0x00000000e0f00000, 0x00000000e1000000, 0x00000000e1000000|100%| O|  |TAMS 0x00000000e0f00000| PB 0x00000000e0f00000| Untracked 
|  16|0x00000000e1000000, 0x00000000e1100000, 0x00000000e1100000|100%| O|  |TAMS 0x00000000e1000000| PB 0x00000000e1000000| Untracked 
|  17|0x00000000e1100000, 0x00000000e1200000, 0x00000000e1200000|100%| O|  |TAMS 0x00000000e1100000| PB 0x00000000e1100000| Untracked 
|  18|0x00000000e1200000, 0x00000000e1300000, 0x00000000e1300000|100%| O|  |TAMS 0x00000000e1200000| PB 0x00000000e1200000| Untracked 
|  19|0x00000000e1300000, 0x00000000e1400000, 0x00000000e1400000|100%| O|  |TAMS 0x00000000e1300000| PB 0x00000000e1300000| Untracked 
|  20|0x00000000e1400000, 0x00000000e1500000, 0x00000000e1500000|100%| O|  |TAMS 0x00000000e1400000| PB 0x00000000e1400000| Untracked 
|  21|0x00000000e1500000, 0x00000000e1600000, 0x00000000e1600000|100%| O|  |TAMS 0x00000000e1500000| PB 0x00000000e1500000| Untracked 
|  22|0x00000000e1600000, 0x00000000e1700000, 0x00000000e1700000|100%| O|  |TAMS 0x00000000e1600000| PB 0x00000000e1600000| Untracked 
|  23|0x00000000e1700000, 0x00000000e1800000, 0x00000000e1800000|100%| O|  |TAMS 0x00000000e1700000| PB 0x00000000e1700000| Untracked 
|  24|0x00000000e1800000, 0x00000000e1900000, 0x00000000e1900000|100%| O|  |TAMS 0x00000000e1800000| PB 0x00000000e1800000| Untracked 
|  25|0x00000000e1900000, 0x00000000e1a00000, 0x00000000e1a00000|100%| O|  |TAMS 0x00000000e1900000| PB 0x00000000e1900000| Untracked 
|  26|0x00000000e1a00000, 0x00000000e1b00000, 0x00000000e1b00000|100%| O|  |TAMS 0x00000000e1a00000| PB 0x00000000e1a00000| Untracked 
|  27|0x00000000e1b00000, 0x00000000e1c00000, 0x00000000e1c00000|100%| O|  |TAMS 0x00000000e1b00000| PB 0x00000000e1b00000| Untracked 
|  28|0x00000000e1c00000, 0x00000000e1d00000, 0x00000000e1d00000|100%| O|  |TAMS 0x00000000e1c00000| PB 0x00000000e1c00000| Untracked 
|  29|0x00000000e1d00000, 0x00000000e1e00000, 0x00000000e1e00000|100%| O|  |TAMS 0x00000000e1d00000| PB 0x00000000e1d00000| Untracked 
|  30|0x00000000e1e00000, 0x00000000e1f00000, 0x00000000e1f00000|100%| O|  |TAMS 0x00000000e1e00000| PB 0x00000000e1e00000| Untracked 
|  31|0x00000000e1f00000, 0x00000000e2000000, 0x00000000e2000000|100%| O|  |TAMS 0x00000000e1f00000| PB 0x00000000e1f00000| Untracked 
|  32|0x00000000e2000000, 0x00000000e2100000, 0x00000000e2100000|100%| O|  |TAMS 0x00000000e2000000| PB 0x00000000e2000000| Untracked 
|  33|0x00000000e2100000, 0x00000000e2200000, 0x00000000e2200000|100%| O|  |TAMS 0x00000000e2100000| PB 0x00000000e2100000| Untracked 
|  34|0x00000000e2200000, 0x00000000e2300000, 0x00000000e2300000|100%| O|  |TAMS 0x00000000e2200000| PB 0x00000000e2200000| Untracked 
|  35|0x00000000e2300000, 0x00000000e2400000, 0x00000000e2400000|100%| O|  |TAMS 0x00000000e2300000| PB 0x00000000e2300000| Untracked 
|  36|0x00000000e2400000, 0x00000000e2500000, 0x00000000e2500000|100%| O|  |TAMS 0x00000000e2400000| PB 0x00000000e2400000| Untracked 
|  37|0x00000000e2500000, 0x00000000e2600000, 0x00000000e2600000|100%| O|  |TAMS 0x00000000e2500000| PB 0x00000000e2500000| Untracked 
|  38|0x00000000e2600000, 0x00000000e2700000, 0x00000000e2700000|100%| O|  |TAMS 0x00000000e2600000| PB 0x00000000e2600000| Untracked 
|  39|0x00000000e2700000, 0x00000000e2800000, 0x00000000e2800000|100%| O|  |TAMS 0x00000000e2700000| PB 0x00000000e2700000| Untracked 
|  40|0x00000000e2800000, 0x00000000e2900000, 0x00000000e2900000|100%| O|  |TAMS 0x00000000e2800000| PB 0x00000000e2800000| Untracked 
|  41|0x00000000e2900000, 0x00000000e2a00000, 0x00000000e2a00000|100%| O|  |TAMS 0x00000000e2900000| PB 0x00000000e2900000| Untracked 
|  42|0x00000000e2a00000, 0x00000000e2b00000, 0x00000000e2b00000|100%| O|  |TAMS 0x00000000e2a00000| PB 0x00000000e2a00000| Untracked 
|  43|0x00000000e2b00000, 0x00000000e2c00000, 0x00000000e2c00000|100%| O|  |TAMS 0x00000000e2b00000| PB 0x00000000e2b00000| Untracked 
|  44|0x00000000e2c00000, 0x00000000e2d00000, 0x00000000e2d00000|100%| O|  |TAMS 0x00000000e2c00000| PB 0x00000000e2c00000| Untracked 
|  45|0x00000000e2d00000, 0x00000000e2e00000, 0x00000000e2e00000|100%| O|  |TAMS 0x00000000e2d00000| PB 0x00000000e2d00000| Untracked 
|  46|0x00000000e2e00000, 0x00000000e2f00000, 0x00000000e2f00000|100%| O|  |TAMS 0x00000000e2e00000| PB 0x00000000e2e00000| Untracked 
|  47|0x00000000e2f00000, 0x00000000e3000000, 0x00000000e3000000|100%| O|  |TAMS 0x00000000e2f00000| PB 0x00000000e2f00000| Untracked 
|  48|0x00000000e3000000, 0x00000000e3100000, 0x00000000e3100000|100%| O|  |TAMS 0x00000000e3000000| PB 0x00000000e3000000| Untracked 
|  49|0x00000000e3100000, 0x00000000e3200000, 0x00000000e3200000|100%| O|  |TAMS 0x00000000e3100000| PB 0x00000000e3100000| Untracked 
|  50|0x00000000e3200000, 0x00000000e3300000, 0x00000000e3300000|100%| O|  |TAMS 0x00000000e3200000| PB 0x00000000e3200000| Untracked 
|  51|0x00000000e3300000, 0x00000000e3400000, 0x00000000e3400000|100%| O|  |TAMS 0x00000000e3300000| PB 0x00000000e3300000| Untracked 
|  52|0x00000000e3400000, 0x00000000e3500000, 0x00000000e3500000|100%| O|  |TAMS 0x00000000e3400000| PB 0x00000000e3400000| Untracked 
|  53|0x00000000e3500000, 0x00000000e3600000, 0x00000000e3600000|100%| O|  |TAMS 0x00000000e3500000| PB 0x00000000e3500000| Untracked 
|  54|0x00000000e3600000, 0x00000000e3700000, 0x00000000e3700000|100%| O|  |TAMS 0x00000000e3600000| PB 0x00000000e3600000| Untracked 
|  55|0x00000000e3700000, 0x00000000e3800000, 0x00000000e3800000|100%| O|  |TAMS 0x00000000e3700000| PB 0x00000000e3700000| Untracked 
|  56|0x00000000e3800000, 0x00000000e3900000, 0x00000000e3900000|100%| O|  |TAMS 0x00000000e3800000| PB 0x00000000e3800000| Untracked 
|  57|0x00000000e3900000, 0x00000000e3a00000, 0x00000000e3a00000|100%| O|  |TAMS 0x00000000e3900000| PB 0x00000000e3900000| Untracked 
|  58|0x00000000e3a00000, 0x00000000e3b00000, 0x00000000e3b00000|100%| O|  |TAMS 0x00000000e3a00000| PB 0x00000000e3a00000| Untracked 
|  59|0x00000000e3b00000, 0x00000000e3c00000, 0x00000000e3c00000|100%| O|  |TAMS 0x00000000e3b00000| PB 0x00000000e3b00000| Untracked 
|  60|0x00000000e3c00000, 0x00000000e3d00000, 0x00000000e3d00000|100%| O|  |TAMS 0x00000000e3c00000| PB 0x00000000e3c00000| Untracked 
|  61|0x00000000e3d00000, 0x00000000e3d00000, 0x00000000e3e00000|  0%| F|  |TAMS 0x00000000e3d00000| PB 0x00000000e3d00000| Untracked 
|  62|0x00000000e3e00000, 0x00000000e3f00000, 0x00000000e3f00000|100%| O|  |TAMS 0x00000000e3e00000| PB 0x00000000e3e00000| Untracked 
|  63|0x00000000e3f00000, 0x00000000e4000000, 0x00000000e4000000|100%| O|  |TAMS 0x00000000e3f00000| PB 0x00000000e3f00000| Untracked 
|  64|0x00000000e4000000, 0x00000000e4100000, 0x00000000e4100000|100%| O|  |TAMS 0x00000000e4000000| PB 0x00000000e4000000| Untracked 
|  65|0x00000000e4100000, 0x00000000e4142588, 0x00000000e4200000| 25%| O|  |TAMS 0x00000000e4100000| PB 0x00000000e4100000| Untracked 
|  66|0x00000000e4200000, 0x00000000e4300000, 0x00000000e4300000|100%| S|CS|TAMS 0x00000000e4200000| PB 0x00000000e4200000| Complete 
|  67|0x00000000e4300000, 0x00000000e4300000, 0x00000000e4400000|  0%| F|  |TAMS 0x00000000e4300000| PB 0x00000000e4300000| Untracked 
|  68|0x00000000e4400000, 0x00000000e4400000, 0x00000000e4500000|  0%| F|  |TAMS 0x00000000e4400000| PB 0x00000000e4400000| Untracked 
|  69|0x00000000e4500000, 0x00000000e4600000, 0x00000000e4600000|100%| S|CS|TAMS 0x00000000e4500000| PB 0x00000000e4500000| Complete 
|  70|0x00000000e4600000, 0x00000000e4700000, 0x00000000e4700000|100%| S|CS|TAMS 0x00000000e4600000| PB 0x00000000e4600000| Complete 
|  71|0x00000000e4700000, 0x00000000e4700000, 0x00000000e4800000|  0%| F|  |TAMS 0x00000000e4700000| PB 0x00000000e4700000| Untracked 
|  72|0x00000000e4800000, 0x00000000e4800000, 0x00000000e4900000|  0%| F|  |TAMS 0x00000000e4800000| PB 0x00000000e4800000| Untracked 
|  73|0x00000000e4900000, 0x00000000e4a00000, 0x00000000e4a00000|100%| S|CS|TAMS 0x00000000e4900000| PB 0x00000000e4900000| Complete 
|  74|0x00000000e4a00000, 0x00000000e4a00000, 0x00000000e4b00000|  0%| F|  |TAMS 0x00000000e4a00000| PB 0x00000000e4a00000| Untracked 
|  75|0x00000000e4b00000, 0x00000000e4b00000, 0x00000000e4c00000|  0%| F|  |TAMS 0x00000000e4b00000| PB 0x00000000e4b00000| Untracked 
|  76|0x00000000e4c00000, 0x00000000e4c00000, 0x00000000e4d00000|  0%| F|  |TAMS 0x00000000e4c00000| PB 0x00000000e4c00000| Untracked 
|  77|0x00000000e4d00000, 0x00000000e4d00000, 0x00000000e4e00000|  0%| F|  |TAMS 0x00000000e4d00000| PB 0x00000000e4d00000| Untracked 
|  78|0x00000000e4e00000, 0x00000000e4e00000, 0x00000000e4f00000|  0%| F|  |TAMS 0x00000000e4e00000| PB 0x00000000e4e00000| Untracked 
|  79|0x00000000e4f00000, 0x00000000e4f00000, 0x00000000e5000000|  0%| F|  |TAMS 0x00000000e4f00000| PB 0x00000000e4f00000| Untracked 
|  80|0x00000000e5000000, 0x00000000e5000000, 0x00000000e5100000|  0%| F|  |TAMS 0x00000000e5000000| PB 0x00000000e5000000| Untracked 
|  81|0x00000000e5100000, 0x00000000e5100000, 0x00000000e5200000|  0%| F|  |TAMS 0x00000000e5100000| PB 0x00000000e5100000| Untracked 
|  82|0x00000000e5200000, 0x00000000e5216bb0, 0x00000000e5300000|  8%| S|CS|TAMS 0x00000000e5200000| PB 0x00000000e5200000| Complete 
|  91|0x00000000e5b00000, 0x00000000e5b80000, 0x00000000e5c00000| 50%| E|  |TAMS 0x00000000e5b00000| PB 0x00000000e5b00000| Complete 
|  92|0x00000000e5c00000, 0x00000000e5d00000, 0x00000000e5d00000|100%| E|CS|TAMS 0x00000000e5c00000| PB 0x00000000e5c00000| Complete 
|  93|0x00000000e5d00000, 0x00000000e5e00000, 0x00000000e5e00000|100%| E|CS|TAMS 0x00000000e5d00000| PB 0x00000000e5d00000| Complete 
|  94|0x00000000e5e00000, 0x00000000e5f00000, 0x00000000e5f00000|100%| E|CS|TAMS 0x00000000e5e00000| PB 0x00000000e5e00000| Complete 
|  95|0x00000000e5f00000, 0x00000000e6000000, 0x00000000e6000000|100%| E|CS|TAMS 0x00000000e5f00000| PB 0x00000000e5f00000| Complete 
| 108|0x00000000e6c00000, 0x00000000e6d00000, 0x00000000e6d00000|100%| E|CS|TAMS 0x00000000e6c00000| PB 0x00000000e6c00000| Complete 
| 109|0x00000000e6d00000, 0x00000000e6e00000, 0x00000000e6e00000|100%| E|CS|TAMS 0x00000000e6d00000| PB 0x00000000e6d00000| Complete 
| 110|0x00000000e6e00000, 0x00000000e6f00000, 0x00000000e6f00000|100%| E|CS|TAMS 0x00000000e6e00000| PB 0x00000000e6e00000| Complete 
| 111|0x00000000e6f00000, 0x00000000e7000000, 0x00000000e7000000|100%| E|CS|TAMS 0x00000000e6f00000| PB 0x00000000e6f00000| Complete 
| 112|0x00000000e7000000, 0x00000000e7100000, 0x00000000e7100000|100%| E|CS|TAMS 0x00000000e7000000| PB 0x00000000e7000000| Complete 
| 113|0x00000000e7100000, 0x00000000e7200000, 0x00000000e7200000|100%| E|CS|TAMS 0x00000000e7100000| PB 0x00000000e7100000| Complete 
| 114|0x00000000e7200000, 0x00000000e7300000, 0x00000000e7300000|100%| E|CS|TAMS 0x00000000e7200000| PB 0x00000000e7200000| Complete 
| 115|0x00000000e7300000, 0x00000000e7400000, 0x00000000e7400000|100%| E|CS|TAMS 0x00000000e7300000| PB 0x00000000e7300000| Complete 
| 116|0x00000000e7400000, 0x00000000e7500000, 0x00000000e7500000|100%| E|CS|TAMS 0x00000000e7400000| PB 0x00000000e7400000| Complete 
| 117|0x00000000e7500000, 0x00000000e7600000, 0x00000000e7600000|100%| E|CS|TAMS 0x00000000e7500000| PB 0x00000000e7500000| Complete 
| 118|0x00000000e7600000, 0x00000000e7700000, 0x00000000e7700000|100%| E|CS|TAMS 0x00000000e7600000| PB 0x00000000e7600000| Complete 
| 119|0x00000000e7700000, 0x00000000e7800000, 0x00000000e7800000|100%| E|CS|TAMS 0x00000000e7700000| PB 0x00000000e7700000| Complete 
| 120|0x00000000e7800000, 0x00000000e7900000, 0x00000000e7900000|100%| E|CS|TAMS 0x00000000e7800000| PB 0x00000000e7800000| Complete 
| 121|0x00000000e7900000, 0x00000000e7a00000, 0x00000000e7a00000|100%| E|CS|TAMS 0x00000000e7900000| PB 0x00000000e7900000| Complete 
| 122|0x00000000e7a00000, 0x00000000e7b00000, 0x00000000e7b00000|100%| E|CS|TAMS 0x00000000e7a00000| PB 0x00000000e7a00000| Complete 
| 123|0x00000000e7b00000, 0x00000000e7c00000, 0x00000000e7c00000|100%| E|CS|TAMS 0x00000000e7b00000| PB 0x00000000e7b00000| Complete 
| 124|0x00000000e7c00000, 0x00000000e7d00000, 0x00000000e7d00000|100%| E|CS|TAMS 0x00000000e7c00000| PB 0x00000000e7c00000| Complete 
| 125|0x00000000e7d00000, 0x00000000e7e00000, 0x00000000e7e00000|100%| E|CS|TAMS 0x00000000e7d00000| PB 0x00000000e7d00000| Complete 
| 126|0x00000000e7e00000, 0x00000000e7f00000, 0x00000000e7f00000|100%| E|CS|TAMS 0x00000000e7e00000| PB 0x00000000e7e00000| Complete 
| 127|0x00000000e7f00000, 0x00000000e8000000, 0x00000000e8000000|100%| E|CS|TAMS 0x00000000e7f00000| PB 0x00000000e7f00000| Complete 
| 509|0x00000000ffd00000, 0x00000000ffe00000, 0x00000000ffe00000|100%| E|CS|TAMS 0x00000000ffd00000| PB 0x00000000ffd00000| Complete 
| 510|0x00000000ffe00000, 0x00000000fff00000, 0x00000000fff00000|100%| E|CS|TAMS 0x00000000ffe00000| PB 0x00000000ffe00000| Complete 
| 511|0x00000000fff00000, 0x0000000100000000, 0x0000000100000000|100%| E|CS|TAMS 0x00000000fff00000| PB 0x00000000fff00000| Complete 

Card table byte_map: [0x000002d2c3220000,0x000002d2c3320000] _byte_map_base: 0x000002d2c2b20000

Marking Bits: (CMBitMap*) 0x000002d2ab721ae0
 Bits: [0x000002d2c3320000, 0x000002d2c3b20000)

Polling page: 0x000002d2a94a0000

Metaspace:

Usage:
  Non-class:    112.03 MB used.
      Class:     14.79 MB used.
       Both:    126.82 MB used.

Virtual space:
  Non-class space:      128.00 MB reserved,     112.50 MB ( 88%) committed,  2 nodes.
      Class space:        1.00 GB reserved,      15.19 MB (  1%) committed,  1 nodes.
             Both:        1.12 GB reserved,     127.69 MB ( 11%) committed. 

Chunk freelists:
   Non-Class:  15.30 MB
       Class:  773.00 KB
        Both:  16.05 MB

MaxMetaspaceSize: unlimited
CompressedClassSpaceSize: 1.00 GB
Initial GC threshold: 21.00 MB
Current GC threshold: 207.44 MB
CDS: on
 - commit_granule_bytes: 65536.
 - commit_granule_words: 8192.
 - virtual_space_node_default_size: 8388608.
 - enlarge_chunks_in_place: 1.
 - use_allocation_guard: 0.


Internal statistics:

num_allocs_failed_limit: 12.
num_arena_births: 1338.
num_arena_deaths: 0.
num_vsnodes_births: 3.
num_vsnodes_deaths: 0.
num_space_committed: 2043.
num_space_uncommitted: 0.
num_chunks_returned_to_freelist: 12.
num_chunks_taken_from_freelist: 6060.
num_chunk_merges: 12.
num_chunk_splits: 4563.
num_chunks_enlarged: 3752.
num_inconsistent_stats: 0.

CodeHeap 'non-profiled nmethods': size=120000Kb used=7845Kb max_used=7845Kb free=112154Kb
 bounds [0x000002d2bb8c0000, 0x000002d2bc070000, 0x000002d2c2df0000]
CodeHeap 'profiled nmethods': size=120000Kb used=21072Kb max_used=21072Kb free=98927Kb
 bounds [0x000002d2b3df0000, 0x000002d2b5290000, 0x000002d2bb320000]
CodeHeap 'non-nmethods': size=5760Kb used=1642Kb max_used=1724Kb free=4118Kb
 bounds [0x000002d2bb320000, 0x000002d2bb590000, 0x000002d2bb8c0000]
CodeCache: size=245760Kb, used=30559Kb, max_used=30641Kb, free=215199Kb
 total_blobs=11523, nmethods=10742, adapters=684, full_count=0
Compilation: enabled, stopped_count=0, restarted_count=0

Compilation events (20 events):
Event: 119.162 Thread 0x000002d2c6556680 13397       3       org.springframework.core.annotation.AnnotationTypeMapping::addConventionMappings (486 bytes)
Event: 119.168 Thread 0x000002d2c65510f0 nmethod 13391 0x000002d2bc063e90 code [0x000002d2bc064060, 0x000002d2bc064728]
Event: 119.168 Thread 0x000002d2c65510f0 13399   !   4       java.util.concurrent.ConcurrentHashMap::replaceNode (437 bytes)
Event: 119.170 Thread 0x000002d2c6556680 nmethod 13397 0x000002d2b5281390 code [0x000002d2b5281b20, 0x000002d2b5286580]
Event: 119.170 Thread 0x000002d2c6556680 13400       3       org.springframework.aop.support.ClassFilters$UnionClassFilter::matches (75 bytes)
Event: 119.171 Thread 0x000002d2c6556680 nmethod 13400 0x000002d2b5287e10 code [0x000002d2b5287fe0, 0x000002d2b5288410]
Event: 119.171 Thread 0x000002d2c6556680 13394       3       org.springframework.core.annotation.AnnotationTypeMapping$MirrorSets::<init> (45 bytes)
Event: 119.171 Thread 0x000002d2c6556680 nmethod 13394 0x000002d2b5288590 code [0x000002d2b5288760, 0x000002d2b5288b40]
Event: 119.173 Thread 0x000002d2c6556680 13402       3       org.springframework.core.MethodParameter::getTypeIndexForLevel (29 bytes)
Event: 119.173 Thread 0x000002d2c6556680 nmethod 13402 0x000002d2b5288c90 code [0x000002d2b5288e80, 0x000002d2b5289430]
Event: 119.180 Thread 0x000002d2c6556680 13404       3       org.springframework.beans.factory.support.AbstractAutowireCapableBeanFactory::determineConstructorsFromBeanPostProcessors (151 bytes)
Event: 119.181 Thread 0x000002d2c6556680 nmethod 13404 0x000002d2b5289690 code [0x000002d2b52898e0, 0x000002d2b528a368]
Event: 119.189 Thread 0x000002d2c65510f0 nmethod 13399 0x000002d2bc064990 code [0x000002d2bc064b60, 0x000002d2bc065578]
Event: 119.189 Thread 0x000002d2c65510f0 13401   !   4       jdk.internal.loader.AbstractClassLoaderValue::computeIfAbsent (113 bytes)
Event: 119.190 Thread 0x000002d2c6556680 13405       1       sun.reflect.generics.tree.Wildcard::getUpperBounds (5 bytes)
Event: 119.190 Thread 0x000002d2c6556680 nmethod 13405 0x000002d2bc065990 code [0x000002d2bc065b20, 0x000002d2bc065be8]
Event: 119.210 Thread 0x000002d2c65510f0 nmethod 13401 0x000002d2bc065c90 code [0x000002d2bc065ec0, 0x000002d2bc066650]
Event: 119.211 Thread 0x000002d2c65510f0 13403       4       java.util.IdentityHashMap::<init> (11 bytes)
Event: 119.214 Thread 0x000002d2c65510f0 nmethod 13403 0x000002d2bc066c90 code [0x000002d2bc066e20, 0x000002d2bc067060]
Event: 119.229 Thread 0x000002d30dcdf590 nmethod 13386 0x000002d2bc067110 code [0x000002d2bc0673c0, 0x000002d2bc068aa8]

GC Heap History (20 events):
Event: 109.210 GC heap before
{Heap before GC invocations=85 (full 0):
 garbage-first heap   total 106496K, used 99329K [0x00000000e0000000, 0x0000000100000000)
  region size 1024K, 38 young (38912K), 1 survivors (1024K)
 Metaspace       used 118351K, committed 119168K, reserved 1179648K
  class space    used 13923K, committed 14336K, reserved 1048576K
}
Event: 109.215 GC heap after
{Heap after GC invocations=86 (full 0):
 garbage-first heap   total 106496K, used 62496K [0x00000000e0000000, 0x0000000100000000)
  region size 1024K, 2 young (2048K), 2 survivors (2048K)
 Metaspace       used 118351K, committed 119168K, reserved 1179648K
  class space    used 13923K, committed 14336K, reserved 1048576K
}
Event: 109.677 GC heap before
{Heap before GC invocations=86 (full 0):
 garbage-first heap   total 106496K, used 99360K [0x00000000e0000000, 0x0000000100000000)
  region size 1024K, 38 young (38912K), 2 survivors (2048K)
 Metaspace       used 118643K, committed 119488K, reserved 1179648K
  class space    used 13941K, committed 14336K, reserved 1048576K
}
Event: 109.682 GC heap after
{Heap after GC invocations=87 (full 0):
 garbage-first heap   total 106496K, used 63582K [0x00000000e0000000, 0x0000000100000000)
  region size 1024K, 3 young (3072K), 3 survivors (3072K)
 Metaspace       used 118643K, committed 119488K, reserved 1179648K
  class space    used 13941K, committed 14336K, reserved 1048576K
}
Event: 110.585 GC heap before
{Heap before GC invocations=88 (full 0):
 garbage-first heap   total 107520K, used 99422K [0x00000000e0000000, 0x0000000100000000)
  region size 1024K, 38 young (38912K), 3 survivors (3072K)
 Metaspace       used 118792K, committed 119616K, reserved 1179648K
  class space    used 13954K, committed 14336K, reserved 1048576K
}
Event: 110.591 GC heap after
{Heap after GC invocations=89 (full 0):
 garbage-first heap   total 107520K, used 63673K [0x00000000e0000000, 0x0000000100000000)
  region size 1024K, 3 young (3072K), 3 survivors (3072K)
 Metaspace       used 118792K, committed 119616K, reserved 1179648K
  class space    used 13954K, committed 14336K, reserved 1048576K
}
Event: 112.151 GC heap before
{Heap before GC invocations=89 (full 0):
 garbage-first heap   total 107520K, used 100537K [0x00000000e0000000, 0x0000000100000000)
  region size 1024K, 39 young (39936K), 3 survivors (3072K)
 Metaspace       used 119633K, committed 120512K, reserved 1179648K
  class space    used 14012K, committed 14400K, reserved 1048576K
}
Event: 112.161 GC heap after
{Heap after GC invocations=90 (full 0):
 garbage-first heap   total 107520K, used 64741K [0x00000000e0000000, 0x0000000100000000)
  region size 1024K, 4 young (4096K), 4 survivors (4096K)
 Metaspace       used 119633K, committed 120512K, reserved 1179648K
  class space    used 14012K, committed 14400K, reserved 1048576K
}
Event: 113.101 GC heap before
{Heap before GC invocations=90 (full 0):
 garbage-first heap   total 107520K, used 100581K [0x00000000e0000000, 0x0000000100000000)
  region size 1024K, 39 young (39936K), 4 survivors (4096K)
 Metaspace       used 120888K, committed 121792K, reserved 1179648K
  class space    used 14119K, committed 14528K, reserved 1048576K
}
Event: 113.108 GC heap after
{Heap after GC invocations=91 (full 0):
 garbage-first heap   total 107520K, used 65584K [0x00000000e0000000, 0x0000000100000000)
  region size 1024K, 3 young (3072K), 3 survivors (3072K)
 Metaspace       used 120888K, committed 121792K, reserved 1179648K
  class space    used 14119K, committed 14528K, reserved 1048576K
}
Event: 113.960 GC heap before
{Heap before GC invocations=92 (full 0):
 garbage-first heap   total 111616K, used 100400K [0x00000000e0000000, 0x0000000100000000)
  region size 1024K, 37 young (37888K), 3 survivors (3072K)
 Metaspace       used 122521K, committed 123456K, reserved 1179648K
  class space    used 14275K, committed 14720K, reserved 1048576K
}
Event: 113.965 GC heap after
{Heap after GC invocations=93 (full 0):
 garbage-first heap   total 111616K, used 66156K [0x00000000e0000000, 0x0000000100000000)
  region size 1024K, 3 young (3072K), 3 survivors (3072K)
 Metaspace       used 122521K, committed 123456K, reserved 1179648K
  class space    used 14275K, committed 14720K, reserved 1048576K
}
Event: 114.629 GC heap before
{Heap before GC invocations=93 (full 0):
 garbage-first heap   total 111616K, used 104044K [0x00000000e0000000, 0x0000000100000000)
  region size 1024K, 40 young (40960K), 3 survivors (3072K)
 Metaspace       used 124369K, committed 125248K, reserved 1179648K
  class space    used 14433K, committed 14848K, reserved 1048576K
}
Event: 114.637 GC heap after
{Heap after GC invocations=94 (full 0):
 garbage-first heap   total 111616K, used 66284K [0x00000000e0000000, 0x0000000100000000)
  region size 1024K, 3 young (3072K), 3 survivors (3072K)
 Metaspace       used 124369K, committed 125248K, reserved 1179648K
  class space    used 14433K, committed 14848K, reserved 1048576K
}
Event: 115.598 GC heap before
{Heap before GC invocations=94 (full 0):
 garbage-first heap   total 111616K, used 105196K [0x00000000e0000000, 0x0000000100000000)
  region size 1024K, 41 young (41984K), 3 survivors (3072K)
 Metaspace       used 126125K, committed 127104K, reserved 1179648K
  class space    used 14645K, committed 15104K, reserved 1048576K
}
Event: 115.605 GC heap after
{Heap after GC invocations=95 (full 0):
 garbage-first heap   total 111616K, used 67384K [0x00000000e0000000, 0x0000000100000000)
  region size 1024K, 4 young (4096K), 4 survivors (4096K)
 Metaspace       used 126125K, committed 127104K, reserved 1179648K
  class space    used 14645K, committed 15104K, reserved 1048576K
}
Event: 116.955 GC heap before
{Heap before GC invocations=96 (full 0):
 garbage-first heap   total 112640K, used 105272K [0x00000000e0000000, 0x0000000100000000)
  region size 1024K, 41 young (41984K), 4 survivors (4096K)
 Metaspace       used 127489K, committed 128384K, reserved 1179648K
  class space    used 14829K, committed 15232K, reserved 1048576K
}
Event: 116.963 GC heap after
{Heap after GC invocations=97 (full 0):
 garbage-first heap   total 112640K, used 68602K [0x00000000e0000000, 0x0000000100000000)
  region size 1024K, 4 young (4096K), 4 survivors (4096K)
 Metaspace       used 127489K, committed 128384K, reserved 1179648K
  class space    used 14829K, committed 15232K, reserved 1048576K
}
Event: 118.304 GC heap before
{Heap before GC invocations=97 (full 0):
 garbage-first heap   total 112640K, used 105466K [0x00000000e0000000, 0x0000000100000000)
  region size 1024K, 40 young (40960K), 4 survivors (4096K)
 Metaspace       used 128842K, committed 129728K, reserved 1179648K
  class space    used 15000K, committed 15424K, reserved 1048576K
}
Event: 118.312 GC heap after
{Heap after GC invocations=98 (full 0):
 garbage-first heap   total 113664K, used 69988K [0x00000000e0000000, 0x0000000100000000)
  region size 1024K, 5 young (5120K), 5 survivors (5120K)
 Metaspace       used 128842K, committed 129728K, reserved 1179648K
  class space    used 15000K, committed 15424K, reserved 1048576K
}

Dll operation events (15 events):
Event: 0.017 Loaded shared library C:\Program Files\Eclipse Adoptium\jdk-21.0.9.10-hotspot\bin\java.dll
Event: 0.072 Loaded shared library C:\Program Files\Eclipse Adoptium\jdk-21.0.9.10-hotspot\bin\jsvml.dll
Event: 0.495 Loaded shared library C:\Program Files\Eclipse Adoptium\jdk-21.0.9.10-hotspot\bin\zip.dll
Event: 0.507 Loaded shared library C:\Program Files\Eclipse Adoptium\jdk-21.0.9.10-hotspot\bin\instrument.dll
Event: 0.530 Loaded shared library C:\Program Files\Eclipse Adoptium\jdk-21.0.9.10-hotspot\bin\net.dll
Event: 0.540 Loaded shared library C:\Program Files\Eclipse Adoptium\jdk-21.0.9.10-hotspot\bin\nio.dll
Event: 0.571 Loaded shared library C:\Program Files\Eclipse Adoptium\jdk-21.0.9.10-hotspot\bin\zip.dll
Event: 1.325 Loaded shared library C:\Program Files\Eclipse Adoptium\jdk-21.0.9.10-hotspot\bin\verify.dll
Event: 1.403 Loaded shared library C:\Program Files\Eclipse Adoptium\jdk-21.0.9.10-hotspot\bin\jimage.dll
Event: 4.155 Loaded shared library C:\Program Files\Eclipse Adoptium\jdk-21.0.9.10-hotspot\bin\extnet.dll
Event: 5.392 Loaded shared library C:\Program Files\Eclipse Adoptium\jdk-21.0.9.10-hotspot\bin\sunmscapi.dll
Event: 24.981 Loaded shared library C:\Users\Anonymous\AppData\Local\Temp\jna--1956034900\jna9065602401535604312.dll
Event: 57.642 Loaded shared library C:\Program Files\Eclipse Adoptium\jdk-21.0.9.10-hotspot\bin\management.dll
Event: 57.662 Loaded shared library C:\Program Files\Eclipse Adoptium\jdk-21.0.9.10-hotspot\bin\management_ext.dll
Event: 102.352 Loaded shared library C:\Users\Anonymous\AppData\Local\Temp\AWSCRT_538013988290291461aws-crt-jni.dll

Deoptimization events (20 events):
Event: 119.102 Thread 0x000002d2ab6f6780 Uncommon trap: trap_request=0xffffffd6 fr.pc=0x000002d2bc05c078 relative=0x0000000000000af8
Event: 119.102 Thread 0x000002d2ab6f6780 Uncommon trap: reason=array_check action=maybe_recompile pc=0x000002d2bc05c078 method=org.jacoco.agent.rt.internal_4742761.asm.tree.MethodNode.visitParameterAnnotation(ILjava/lang/String;Z)Lorg/jacoco/agent/rt/internal_4742761/asm/AnnotationVisitor; @ 55 
Event: 119.102 Thread 0x000002d2ab6f6780 DEOPT PACKING pc=0x000002d2bc05c078 sp=0x000000f6980f52c0
Event: 119.102 Thread 0x000002d2ab6f6780 DEOPT UNPACKING pc=0x000002d2bb374422 sp=0x000000f6980f5270 mode 2
Event: 119.102 Thread 0x000002d2ab6f6780 Uncommon trap: trap_request=0xffffffd6 fr.pc=0x000002d2bc05c078 relative=0x0000000000000af8
Event: 119.102 Thread 0x000002d2ab6f6780 Uncommon trap: reason=array_check action=maybe_recompile pc=0x000002d2bc05c078 method=org.jacoco.agent.rt.internal_4742761.asm.tree.MethodNode.visitParameterAnnotation(ILjava/lang/String;Z)Lorg/jacoco/agent/rt/internal_4742761/asm/AnnotationVisitor; @ 55 
Event: 119.102 Thread 0x000002d2ab6f6780 DEOPT PACKING pc=0x000002d2bc05c078 sp=0x000000f6980f52c0
Event: 119.102 Thread 0x000002d2ab6f6780 DEOPT UNPACKING pc=0x000002d2bb374422 sp=0x000000f6980f5270 mode 2
Event: 119.102 Thread 0x000002d2ab6f6780 Uncommon trap: trap_request=0xffffffd6 fr.pc=0x000002d2bc05c078 relative=0x0000000000000af8
Event: 119.102 Thread 0x000002d2ab6f6780 Uncommon trap: reason=array_check action=maybe_recompile pc=0x000002d2bc05c078 method=org.jacoco.agent.rt.internal_4742761.asm.tree.MethodNode.visitParameterAnnotation(ILjava/lang/String;Z)Lorg/jacoco/agent/rt/internal_4742761/asm/AnnotationVisitor; @ 55 
Event: 119.102 Thread 0x000002d2ab6f6780 DEOPT PACKING pc=0x000002d2bc05c078 sp=0x000000f6980f52c0
Event: 119.102 Thread 0x000002d2ab6f6780 DEOPT UNPACKING pc=0x000002d2bb374422 sp=0x000000f6980f5270 mode 2
Event: 119.102 Thread 0x000002d2ab6f6780 Uncommon trap: trap_request=0xffffffd6 fr.pc=0x000002d2bc05c078 relative=0x0000000000000af8
Event: 119.102 Thread 0x000002d2ab6f6780 Uncommon trap: reason=array_check action=maybe_recompile pc=0x000002d2bc05c078 method=org.jacoco.agent.rt.internal_4742761.asm.tree.MethodNode.visitParameterAnnotation(ILjava/lang/String;Z)Lorg/jacoco/agent/rt/internal_4742761/asm/AnnotationVisitor; @ 55 
Event: 119.102 Thread 0x000002d2ab6f6780 DEOPT PACKING pc=0x000002d2bc05c078 sp=0x000000f6980f52c0
Event: 119.102 Thread 0x000002d2ab6f6780 DEOPT UNPACKING pc=0x000002d2bb374422 sp=0x000000f6980f5270 mode 2
Event: 119.144 Thread 0x000002d2ab6f6780 Uncommon trap: trap_request=0xffffffc6 fr.pc=0x000002d2bbea69b4 relative=0x00000000000002f4
Event: 119.144 Thread 0x000002d2ab6f6780 Uncommon trap: reason=bimorphic_or_optimized_type_check action=maybe_recompile pc=0x000002d2bbea69b4 method=java.util.stream.AbstractPipeline.spliterator()Ljava/util/Spliterator; @ 112 c2
Event: 119.144 Thread 0x000002d2ab6f6780 DEOPT PACKING pc=0x000002d2bbea69b4 sp=0x000000f6980faa60
Event: 119.144 Thread 0x000002d2ab6f6780 DEOPT UNPACKING pc=0x000002d2bb374422 sp=0x000000f6980faa08 mode 2

Classes loaded (20 events):
Event: 103.862 Loading class java/util/WeakHashMap$KeyIterator
Event: 103.862 Loading class java/util/WeakHashMap$HashIterator
Event: 103.862 Loading class java/util/WeakHashMap$HashIterator done
Event: 103.862 Loading class java/util/WeakHashMap$KeyIterator done
Event: 103.863 Loading class java/util/WeakHashMap$EntrySet
Event: 103.864 Loading class java/util/WeakHashMap$EntrySet done
Event: 103.864 Loading class java/util/WeakHashMap$EntryIterator
Event: 103.864 Loading class java/util/WeakHashMap$EntryIterator done
Event: 104.507 Loading class java/util/EmptyStackException
Event: 104.507 Loading class java/util/EmptyStackException done
Event: 104.802 Loading class java/io/InvalidClassException
Event: 104.803 Loading class java/io/InvalidClassException done
Event: 107.809 Loading class java/util/Base64
Event: 107.809 Loading class java/util/Base64 done
Event: 107.809 Loading class java/util/Base64$Encoder
Event: 107.810 Loading class java/util/Base64$Encoder done
Event: 115.698 Loading class java/util/Comparators$NullComparator
Event: 115.698 Loading class java/util/Comparators$NullComparator done
Event: 118.905 Loading class java/util/concurrent/atomic/AtomicIntegerArray
Event: 118.905 Loading class java/util/concurrent/atomic/AtomicIntegerArray done

Classes unloaded (0 events):
No events

Classes redefined (0 events):
No events

Internal exceptions (20 events):
Event: 96.273 Thread 0x000002d2ab6f6780 Exception <a 'java/lang/IncompatibleClassChangeError'{0x00000000e5cec058}: Found class java.lang.Object, but interface was expected> (0x00000000e5cec058) 
thrown [s\src\hotspot\share\interpreter\linkResolver.cpp, line 840]
Event: 97.164 Thread 0x000002d2ab6f6780 Exception <a 'java/lang/IncompatibleClassChangeError'{0x00000000e7fe3a98}: Found class java.lang.Object, but interface was expected> (0x00000000e7fe3a98) 
thrown [s\src\hotspot\share\interpreter\linkResolver.cpp, line 840]
Event: 97.597 Thread 0x000002d2ab6f6780 Exception <a 'java/lang/IncompatibleClassChangeError'{0x00000000e6e6f2a8}: Found class java.lang.Object, but interface was expected> (0x00000000e6e6f2a8) 
thrown [s\src\hotspot\share\interpreter\linkResolver.cpp, line 840]
Event: 98.425 Thread 0x000002d2ab6f6780 Exception <a 'java/lang/NoSuchMethodError'{0x00000000e5da7028}: 'long java.lang.invoke.DirectMethodHandle$Holder.invokeVirtual(java.lang.Object, java.lang.Object)'> (0x00000000e5da7028) 
thrown [s\src\hotspot\share\interpreter\linkResolver.cpp, line 773]
Event: 99.002 Thread 0x000002d2ab6f6780 Exception <a 'java/lang/NoSuchMethodError'{0x00000000e5f60950}: 'java.lang.Object java.lang.invoke.DirectMethodHandle$Holder.invokeSpecialIFC(java.lang.Object, java.lang.Object)'> (0x00000000e5f60950) 
thrown [s\src\hotspot\share\interpreter\linkResolver.cpp, line 773]
Event: 99.107 Thread 0x000002d2ab6f6780 Exception <a 'java/lang/NoSuchMethodError'{0x00000000fff17f60}: 'java.lang.Object java.lang.invoke.DirectMethodHandle$Holder.invokeStaticInit(java.lang.Object, int, java.lang.Object, int)'> (0x00000000fff17f60) 
thrown [s\src\hotspot\share\interpreter\linkResolver.cpp, line 773]
Event: 99.109 Thread 0x000002d2ab6f6780 Exception <a 'java/lang/NoSuchMethodError'{0x00000000fff1f218}: 'java.lang.Object java.lang.invoke.DirectMethodHandle$Holder.newInvokeSpecial(java.lang.Object, int, java.lang.Object, int)'> (0x00000000fff1f218) 
thrown [s\src\hotspot\share\interpreter\linkResolver.cpp, line 773]
Event: 99.109 Thread 0x000002d2ab6f6780 Exception <a 'java/lang/NoSuchMethodError'{0x00000000fff239b8}: 'java.lang.Object java.lang.invoke.DirectMethodHandle$Holder.invokeSpecial(java.lang.Object, java.lang.Object, int, java.lang.Object, int)'> (0x00000000fff239b8) 
thrown [s\src\hotspot\share\interpreter\linkResolver.cpp, line 773]
Event: 99.815 Thread 0x000002d2ab6f6780 Exception <a 'java/lang/IncompatibleClassChangeError'{0x00000000e73dc858}: Found class java.lang.Object, but interface was expected> (0x00000000e73dc858) 
thrown [s\src\hotspot\share\interpreter\linkResolver.cpp, line 840]
Event: 100.103 Thread 0x000002d2ab6f6780 Implicit null exception at 0x000002d2bb9aa3cc to 0x000002d2bb9aa490
Event: 100.600 Thread 0x000002d2ab6f6780 Exception <a 'java/lang/IncompatibleClassChangeError'{0x00000000e5b1d1e8}: Found class java.lang.Object, but interface was expected> (0x00000000e5b1d1e8) 
thrown [s\src\hotspot\share\interpreter\linkResolver.cpp, line 840]
Event: 101.369 Thread 0x000002d2ab6f6780 Exception <a 'java/lang/NoSuchMethodError'{0x00000000e6e787c0}: 'float java.lang.invoke.DirectMethodHandle$Holder.invokeStatic(java.lang.Object, java.lang.Object)'> (0x00000000e6e787c0) 
thrown [s\src\hotspot\share\interpreter\linkResolver.cpp, line 773]
Event: 101.370 Thread 0x000002d2ab6f6780 Exception <a 'java/lang/NoSuchMethodError'{0x00000000e6e7ef88}: 'double java.lang.invoke.DirectMethodHandle$Holder.invokeStatic(java.lang.Object, java.lang.Object)'> (0x00000000e6e7ef88) 
thrown [s\src\hotspot\share\interpreter\linkResolver.cpp, line 773]
Event: 103.224 Thread 0x000002d2ab6f6780 Exception <a 'java/lang/IncompatibleClassChangeError'{0x00000000e408a5e8}: Found class java.lang.Object, but interface was expected> (0x00000000e408a5e8) 
thrown [s\src\hotspot\share\interpreter\linkResolver.cpp, line 840]
Event: 110.905 Thread 0x000002d2ab6f6780 Exception <a 'java/lang/NoSuchMethodError'{0x00000000e725b308}: 'java.lang.Object java.lang.invoke.DirectMethodHandle$Holder.newInvokeSpecial(java.lang.Object, java.lang.Object, java.lang.Object, java.lang.Object, java.lang.Object, java.lang.Object, java.lang.Object, java.lang.Object)'> (0x00000000e725b308) 
thrown [s\src\hotspot\share\interpreter\linkResolver.cpp, line 773]
Event: 112.808 Thread 0x000002d2ab6f6780 Exception <a 'java/lang/NoSuchMethodError'{0x00000000e71c05b8}: 'java.lang.Object java.lang.invoke.DirectMethodHandle$Holder.newInvokeSpecial(java.lang.Object, java.lang.Object, java.lang.Object, java.lang.Object, java.lang.Object, java.lang.Object, java.lang.Object, java.lang.Object, java.lang.Object)'> (0x00000000e71c05b8) 
thrown [s\src\hotspot\share\interpreter\linkResolver.cpp, line 773]
Event: 114.426 Thread 0x000002d2ab6f6780 Exception <a 'java/lang/NoSuchMethodError'{0x00000000e5fb3e88}: 'void java.lang.invoke.DirectMethodHandle$Holder.invokeStaticInit(java.lang.Object, java.lang.Object, java.lang.Object, java.lang.Object, java.lang.Object)'> (0x00000000e5fb3e88) 
thrown [s\src\hotspot\share\interpreter\linkResolver.cpp, line 773]
Event: 116.617 Thread 0x000002d2ab6f6780 Exception <a 'java/lang/IncompatibleClassChangeError'{0x00000000e5e95700}: Found class java.lang.Object, but interface was expected> (0x00000000e5e95700) 
thrown [s\src\hotspot\share\interpreter\linkResolver.cpp, line 840]
Event: 117.407 Thread 0x000002d2ab6f6780 Exception <a 'java/lang/NoSuchMethodError'{0x00000000e7b778e8}: 'void java.lang.invoke.DirectMethodHandle$Holder.invokeVirtual(java.lang.Object, java.lang.Object, long)'> (0x00000000e7b778e8) 
thrown [s\src\hotspot\share\interpreter\linkResolver.cpp, line 773]
Event: 118.298 Thread 0x000002d2ab6f6780 Exception <a 'java/lang/IncompatibleClassChangeError'{0x00000000e4ab1428}: Found class java.lang.Object, but interface was expected> (0x00000000e4ab1428) 
thrown [s\src\hotspot\share\interpreter\linkResolver.cpp, line 840]

ZGC Phase Switch (0 events):
No events

VM Operations (20 events):
Event: 114.629 Executing VM operation: G1CollectForAllocation (G1 Evacuation Pause)
Event: 114.637 Executing VM operation: G1CollectForAllocation (G1 Evacuation Pause) done
Event: 115.598 Executing VM operation: G1CollectForAllocation (G1 Evacuation Pause)
Event: 115.606 Executing VM operation: G1CollectForAllocation (G1 Evacuation Pause) done
Event: 115.748 Executing VM operation: HandshakeAllThreads (Deoptimize)
Event: 115.748 Executing VM operation: HandshakeAllThreads (Deoptimize) done
Event: 115.751 Executing VM operation: HandshakeAllThreads (Deoptimize)
Event: 115.751 Executing VM operation: HandshakeAllThreads (Deoptimize) done
Event: 115.781 Executing VM operation: G1PauseRemark
Event: 115.798 Executing VM operation: G1PauseRemark done
Event: 115.893 Executing VM operation: G1PauseCleanup
Event: 115.894 Executing VM operation: G1PauseCleanup done
Event: 116.905 Executing VM operation: Cleanup
Event: 116.905 Executing VM operation: Cleanup done
Event: 116.955 Executing VM operation: G1CollectForAllocation (G1 Evacuation Pause)
Event: 116.963 Executing VM operation: G1CollectForAllocation (G1 Evacuation Pause) done
Event: 117.567 Executing VM operation: HandshakeAllThreads (Deoptimize)
Event: 117.567 Executing VM operation: HandshakeAllThreads (Deoptimize) done
Event: 118.304 Executing VM operation: G1CollectForAllocation (G1 Evacuation Pause)
Event: 118.312 Executing VM operation: G1CollectForAllocation (G1 Evacuation Pause) done

Memory protections (0 events):
No events

Nmethod flushes (20 events):
Event: 115.791 Thread 0x000002d2c65288d0 flushing  nmethod 0x000002d2b4dccb10
Event: 115.792 Thread 0x000002d2c65288d0 flushing  nmethod 0x000002d2b4f5d610
Event: 115.792 Thread 0x000002d2c65288d0 flushing  nmethod 0x000002d2b3e2fb10
Event: 115.792 Thread 0x000002d2c65288d0 flushing  nmethod 0x000002d2b4283a10
Event: 115.792 Thread 0x000002d2c65288d0 flushing  nmethod 0x000002d2b4b0c810
Event: 115.792 Thread 0x000002d2c65288d0 flushing  nmethod 0x000002d2b4b0de90
Event: 115.792 Thread 0x000002d2c65288d0 flushing  nmethod 0x000002d2b4b0ea10
Event: 115.792 Thread 0x000002d2c65288d0 flushing  nmethod 0x000002d2b4b0f110
Event: 115.792 Thread 0x000002d2c65288d0 flushing  nmethod 0x000002d2b4b24410
Event: 115.792 Thread 0x000002d2c65288d0 flushing  nmethod 0x000002d2b4b28390
Event: 115.792 Thread 0x000002d2c65288d0 flushing  nmethod 0x000002d2b4b28d90
Event: 115.792 Thread 0x000002d2c65288d0 flushing  nmethod 0x000002d2b4b29e10
Event: 115.792 Thread 0x000002d2c65288d0 flushing  nmethod 0x000002d2b4ba9390
Event: 115.792 Thread 0x000002d2c65288d0 flushing  nmethod 0x000002d2b50ab910
Event: 115.792 Thread 0x000002d2c65288d0 flushing  nmethod 0x000002d2b50ad990
Event: 115.792 Thread 0x000002d2c65288d0 flushing  nmethod 0x000002d2b50b2f10
Event: 115.792 Thread 0x000002d2c65288d0 flushing  nmethod 0x000002d2b50b3390
Event: 115.792 Thread 0x000002d2c65288d0 flushing  nmethod 0x000002d2b50b5910
Event: 115.792 Thread 0x000002d2c65288d0 flushing  nmethod 0x000002d2b511e390
Event: 115.792 Thread 0x000002d2c65288d0 flushing  nmethod 0x000002d2b513ad90

Events (20 events):
Event: 64.052 Thread 0x000002d30de5a050 Thread exited: 0x000002d30de5a050
Event: 64.402 Thread 0x000002d2c6556680 Thread added: 0x000002d30cdae4f0
Event: 64.788 Thread 0x000002d30cdae4f0 Thread exited: 0x000002d30cdae4f0
Event: 73.899 Thread 0x000002d30d562830 Thread exited: 0x000002d30d562830
Event: 79.527 Thread 0x000002d2c6556680 Thread added: 0x000002d30e173fd0
Event: 80.639 Thread 0x000002d30e173fd0 Thread exited: 0x000002d30e173fd0
Event: 82.655 Thread 0x000002d2c6556680 Thread added: 0x000002d30e1746a0
Event: 86.718 Thread 0x000002d30e1746a0 Thread exited: 0x000002d30e1746a0
Event: 94.843 Thread 0x000002d30d55ed20 Thread exited: 0x000002d30d55ed20
Event: 96.067 Thread 0x000002d2c6556680 Thread added: 0x000002d30e1746a0
Event: 97.739 Thread 0x000002d30e1746a0 Thread exited: 0x000002d30e1746a0
Event: 98.064 Thread 0x000002d2c6556680 Thread added: 0x000002d30e173900
Event: 98.478 Thread 0x000002d2ab6f6780 Thread added: 0x000002d30d55f3b0
Event: 98.483 Thread 0x000002d2ab6f6780 Thread added: 0x000002d30d562ec0
Event: 98.502 Thread 0x000002d2ab6f6780 Thread added: 0x000002d30d565620
Event: 98.752 Thread 0x000002d30e173900 Thread exited: 0x000002d30e173900
Event: 100.373 Thread 0x000002d2ab6f6780 Thread added: 0x000002d30d4dc030
Event: 103.153 Thread 0x000002d30d560760 Thread exited: 0x000002d30d560760
Event: 103.154 Thread 0x000002d30d560df0 Thread exited: 0x000002d30d560df0
Event: 116.353 Thread 0x000002d2c6556680 Thread added: 0x000002d30dcdf590


Dynamic libraries:
0x00007ff732480000 - 0x00007ff73248e000 	C:\Program Files\Eclipse Adoptium\jdk-21.0.9.10-hotspot\bin\java.exe
0x00007ffef3dc0000 - 0x00007ffef4026000 	C:\WINDOWS\SYSTEM32\ntdll.dll
0x00007ffef1b90000 - 0x00007ffef1c59000 	C:\WINDOWS\System32\KERNEL32.DLL
0x00007ffef1120000 - 0x00007ffef151f000 	C:\WINDOWS\System32\KERNELBASE.dll
0x00007ffef1530000 - 0x00007ffef167c000 	C:\WINDOWS\System32\ucrtbase.dll
0x00007ffecd9b0000 - 0x00007ffecd9c8000 	C:\Program Files\Eclipse Adoptium\jdk-21.0.9.10-hotspot\bin\jli.dll
0x00007ffeced90000 - 0x00007ffecedae000 	C:\Program Files\Eclipse Adoptium\jdk-21.0.9.10-hotspot\bin\VCRUNTIME140.dll
0x00007ffef2350000 - 0x00007ffef2516000 	C:\WINDOWS\System32\USER32.dll
0x00007ffedbff0000 - 0x00007ffedc281000 	C:\WINDOWS\WinSxS\amd64_microsoft.windows.common-controls_6595b64144ccf1df_6.0.26100.8972_none_3e0da176e32f9d4b\COMCTL32.dll
0x00007ffef17c0000 - 0x00007ffef17e7000 	C:\WINDOWS\System32\win32u.dll
0x00007ffef2030000 - 0x00007ffef205b000 	C:\WINDOWS\System32\GDI32.dll
0x00007ffef1690000 - 0x00007ffef17b9000 	C:\WINDOWS\System32\gdi32full.dll
0x00007ffef18b0000 - 0x00007ffef1953000 	C:\WINDOWS\System32\msvcp_win.dll
0x00007ffef2180000 - 0x00007ffef2229000 	C:\WINDOWS\System32\msvcrt.dll
0x00007ffef3200000 - 0x00007ffef3232000 	C:\WINDOWS\System32\IMM32.DLL
0x00007ffede670000 - 0x00007ffede67c000 	C:\Program Files\Eclipse Adoptium\jdk-21.0.9.10-hotspot\bin\vcruntime140_1.dll
0x00007ffe72750000 - 0x00007ffe727dd000 	C:\Program Files\Eclipse Adoptium\jdk-21.0.9.10-hotspot\bin\msvcp140.dll
0x00007ffe31280000 - 0x00007ffe32020000 	C:\Program Files\Eclipse Adoptium\jdk-21.0.9.10-hotspot\bin\server\jvm.dll
0x00007ffef3240000 - 0x00007ffef32fc000 	C:\WINDOWS\System32\ADVAPI32.dll
0x00007ffef20b0000 - 0x00007ffef215a000 	C:\WINDOWS\System32\sechost.dll
0x00007ffef3050000 - 0x00007ffef3168000 	C:\WINDOWS\System32\RPCRT4.dll
0x00007ffef1e30000 - 0x00007ffef1eb2000 	C:\WINDOWS\System32\WS2_32.dll
0x00007ffef0e30000 - 0x00007ffef0e8e000 	C:\WINDOWS\SYSTEM32\POWRPROF.dll
0x00007ffedf6f0000 - 0x00007ffedf726000 	C:\WINDOWS\SYSTEM32\WINMM.dll
0x00007ffee4af0000 - 0x00007ffee4afb000 	C:\WINDOWS\SYSTEM32\VERSION.dll
0x00007ffef0e10000 - 0x00007ffef0e25000 	C:\WINDOWS\SYSTEM32\UMPDC.dll
0x00007ffeefc80000 - 0x00007ffeefc9b000 	C:\WINDOWS\SYSTEM32\kernel.appcore.dll
0x00007ffede620000 - 0x00007ffede62a000 	C:\Program Files\Eclipse Adoptium\jdk-21.0.9.10-hotspot\bin\jimage.dll
0x00007ffeed930000 - 0x00007ffeedb72000 	C:\WINDOWS\SYSTEM32\DBGHELP.DLL
0x00007ffef37a0000 - 0x00007ffef3b25000 	C:\WINDOWS\System32\combase.dll
0x00007ffef2e70000 - 0x00007ffef2f49000 	C:\WINDOWS\System32\OLEAUT32.dll
0x00007ffee0ae0000 - 0x00007ffee0b1b000 	C:\WINDOWS\SYSTEM32\dbgcore.DLL
0x00007ffef1060000 - 0x00007ffef110c000 	C:\WINDOWS\System32\bcryptPrimitives.dll
0x00007ffedbfc0000 - 0x00007ffedbfcf000 	C:\Program Files\Eclipse Adoptium\jdk-21.0.9.10-hotspot\bin\instrument.dll
0x00007ffecbaa0000 - 0x00007ffecbac0000 	C:\Program Files\Eclipse Adoptium\jdk-21.0.9.10-hotspot\bin\java.dll
0x00007ffef26e0000 - 0x00007ffef2e68000 	C:\WINDOWS\System32\SHELL32.dll
0x00007ffeeea40000 - 0x00007ffeef2db000 	C:\WINDOWS\SYSTEM32\windows.storage.dll
0x00007ffef2520000 - 0x00007ffef2619000 	C:\WINDOWS\System32\SHCORE.dll
0x00007ffef2f60000 - 0x00007ffef2fc6000 	C:\WINDOWS\System32\shlwapi.dll
0x00007ffef0ef0000 - 0x00007ffef0f19000 	C:\WINDOWS\SYSTEM32\profapi.dll
0x00007ffe60ad0000 - 0x00007ffe60ba7000 	C:\Program Files\Eclipse Adoptium\jdk-21.0.9.10-hotspot\bin\jsvml.dll
0x00007ffec4340000 - 0x00007ffec4358000 	C:\Program Files\Eclipse Adoptium\jdk-21.0.9.10-hotspot\bin\zip.dll
0x00007ffedbd80000 - 0x00007ffedbd90000 	C:\Program Files\Eclipse Adoptium\jdk-21.0.9.10-hotspot\bin\net.dll
0x00007ffeeab30000 - 0x00007ffeeac58000 	C:\WINDOWS\SYSTEM32\WINHTTP.dll
0x00007ffef0210000 - 0x00007ffef027c000 	C:\WINDOWS\system32\mswsock.dll
0x00007ffec2430000 - 0x00007ffec2446000 	C:\Program Files\Eclipse Adoptium\jdk-21.0.9.10-hotspot\bin\nio.dll
0x00007ffedb950000 - 0x00007ffedb960000 	C:\Program Files\Eclipse Adoptium\jdk-21.0.9.10-hotspot\bin\verify.dll
0x00007ffebd180000 - 0x00007ffebd198000 	C:\WINDOWS\system32\napinsp.dll
0x00007ffeef7c0000 - 0x00007ffeef918000 	C:\WINDOWS\SYSTEM32\DNSAPI.dll
0x00007ffef0030000 - 0x00007ffef003d000 	C:\WINDOWS\SYSTEM32\DSPARSE.dll
0x00007ffeef780000 - 0x00007ffeef7b3000 	C:\WINDOWS\SYSTEM32\IPHLPAPI.DLL
0x00007ffef1b80000 - 0x00007ffef1b8a000 	C:\WINDOWS\System32\NSI.dll
0x00007ffebe290000 - 0x00007ffebe2a3000 	C:\WINDOWS\System32\winrnr.dll
0x00007ffe71b40000 - 0x00007ffe71b62000 	C:\WINDOWS\system32\nlansp_c.dll
0x00007ffebd130000 - 0x00007ffebd146000 	C:\WINDOWS\system32\wshbth.dll
0x00007ffee3d50000 - 0x00007ffee3d5b000 	C:\Windows\System32\rasadhlp.dll
0x00007ffeeaf80000 - 0x00007ffeeb006000 	C:\WINDOWS\System32\fwpuclnt.dll
0x00007ffed67b0000 - 0x00007ffed67b9000 	C:\Program Files\Eclipse Adoptium\jdk-21.0.9.10-hotspot\bin\extnet.dll
0x00007ffed3690000 - 0x00007ffed369e000 	C:\Program Files\Eclipse Adoptium\jdk-21.0.9.10-hotspot\bin\sunmscapi.dll
0x00007ffef1960000 - 0x00007ffef1ade000 	C:\WINDOWS\System32\CRYPT32.dll
0x00007ffef07a0000 - 0x00007ffef07d0000 	C:\WINDOWS\SYSTEM32\ncrypt.dll
0x00007ffef0750000 - 0x00007ffef078f000 	C:\WINDOWS\SYSTEM32\NTASN1.dll
0x00007ffea2c50000 - 0x00007ffea2c58000 	C:\WINDOWS\system32\wshunix.dll
0x00007ffef0630000 - 0x00007ffef064b000 	C:\WINDOWS\SYSTEM32\CRYPTSP.dll
0x00007ffeefbe0000 - 0x00007ffeefc19000 	C:\WINDOWS\system32\rsaenh.dll
0x00007ffef02c0000 - 0x00007ffef02f2000 	C:\WINDOWS\SYSTEM32\USERENV.dll
0x00007ffef0ec0000 - 0x00007ffef0eea000 	C:\WINDOWS\SYSTEM32\bcrypt.dll
0x00007ffef0470000 - 0x00007ffef047c000 	C:\WINDOWS\SYSTEM32\CRYPTBASE.dll
0x00007ffed89f0000 - 0x00007ffed8a39000 	C:\Users\Anonymous\AppData\Local\Temp\jna--1956034900\jna9065602401535604312.dll
0x00007ffef3d70000 - 0x00007ffef3d78000 	C:\WINDOWS\System32\PSAPI.DLL
0x00007ffedb7d0000 - 0x00007ffedb7da000 	C:\Program Files\Eclipse Adoptium\jdk-21.0.9.10-hotspot\bin\management.dll
0x00007ffed6840000 - 0x00007ffed684c000 	C:\Program Files\Eclipse Adoptium\jdk-21.0.9.10-hotspot\bin\management_ext.dll
0x00007ffe47c10000 - 0x00007ffe47e17000 	C:\Users\Anonymous\AppData\Local\Temp\AWSCRT_538013988290291461aws-crt-jni.dll
0x00007ffeed710000 - 0x00007ffeed71d000 	C:\WINDOWS\SYSTEM32\Secur32.dll
0x00007ffeeff30000 - 0x00007ffeeff79000 	C:\WINDOWS\SYSTEM32\SSPICLI.DLL

JVMTI agents:
C:\Users\Anonymous\Documents\Exam\PROG4\hei_graduate\build\tmp\.cache\expanded\zip_cde35f471dab581134460fc9a50e2c59\jacocoagent.jar path:C:\Program Files\Eclipse Adoptium\jdk-21.0.9.10-hotspot\bin\instrument.dll, loaded, initialized, instrumentlib options:destfile=build/jacoco/test.exec,append=true,inclnolocationclasses=false,dumponexit=true,output=file,jmx=false

dbghelp: loaded successfully - version: 4.0.5 - missing functions: none
symbol engine: initialized successfully - sym options: 0x614 - pdb path: .;C:\Program Files\Eclipse Adoptium\jdk-21.0.9.10-hotspot\bin;C:\WINDOWS\SYSTEM32;C:\WINDOWS\WinSxS\amd64_microsoft.windows.common-controls_6595b64144ccf1df_6.0.26100.8972_none_3e0da176e32f9d4b;C:\Program Files\Eclipse Adoptium\jdk-21.0.9.10-hotspot\bin\server;C:\Users\Anonymous\AppData\Local\Temp\jna--1956034900;C:\Users\Anonymous\AppData\Local\Temp

VM Arguments:
jvm_args: -Dorg.gradle.internal.worker.tmpdir=C:\Users\Anonymous\Documents\Exam\PROG4\hei_graduate\build\tmp\test\work -Dorg.gradle.native=false -javaagent:C:\Users\Anonymous\Documents\Exam\PROG4\hei_graduate\build\tmp\.cache\expanded\zip_cde35f471dab581134460fc9a50e2c59\jacocoagent.jar=destfile=build/jacoco/test.exec,append=true,inclnolocationclasses=false,dumponexit=true,output=file,jmx=false -Xmx512m -Dfile.encoding=UTF-8 -Duser.country=FR -Duser.language=fr -Duser.variant -ea 
java_command: worker.org.gradle.process.internal.worker.GradleWorkerMain 'Gradle Test Executor 11'
java_class_path (initial): C:\\Users\\Anonymous\\.gradle\\caches\\8.5\\workerMain\\gradle-worker.jar;C:\\Users\\Anonymous\\Documents\\Exam\\PROG4\\hei_graduate\\build\\classes\\java\\test;C:\\Users\\Anonymous\\Documents\\Exam\\PROG4\\hei_graduate\\build\\classes\\java\\main;C:\\Users\\Anonymous\\Documents\\Exam\\PROG4\\hei_graduate\\build\\resources\\main;C:\\Users\\Anonymous\\.gradle\\caches\\modules-2\\files-2.1\\org.springframework.boot\\spring-boot-starter-web\\3.2.2\\b89d213d9f49c3e6247b2503ac7d94b0ac8260f6\\spring-boot-starter-web-3.2.2.jar;C:\\Users\\Anonymous\\.gradle\\caches\\modules-2\\files-2.1\\org.springframework.boot\\spring-boot-starter-data-jpa\\3.2.2\\65cf3aad09f0218b7dfab849c9b0350d0a9e0d81\\spring-boot-starter-data-jpa-3.2.2.jar;C:\\Users\\Anonymous\\.gradle\\caches\\modules-2\\files-2.1\\org.flywaydb\\flyway-core\\9.22.3\\76519923a547892f0108b99d1e7b06dcb4727ecd\\flyway-core-9.22.3.jar;C:\\Users\\Anonymous\\.gradle\\caches\\modules-2\\files-2.1\\org.postgresql\\postgresql\\42.6.0\\7614cfce466145b84972781ab0079b8dea49e363\\postgresql-42.6.0.jar;C:\\Users\\Anonymous\\.gradle\\caches\\modules-2\\files-2.1\\org.hibernate.orm\\hibernate-community-dialects\\6.4.3.Final\\d192539c9f0f373bc866f6420b3a6783878361dd\\hibernate-community-dialects-6.4.3.Final.jar;C:\\Users\\Anonymous\\.gradle\\caches\\modules-2\\files-2.1\\org.springframework.boot\\spring-boot-starter-json\\3.2.2\\328f5ce9e10d5f90520e72a3ff8a2586b9e46b37\\spring-boot-starter-json-3.2.2.jar;C:\\Users\\Anonymous\\.gradle\\caches\\modules-2\\files-2.1\\com.fasterxml.jackson.dataformat\\jackson-dataformat-toml\\2.15.3\\94d1222e3ee02f8d44a0ad6a5f7476d0833e654a\\jackson-dataformat-toml-2.15.3.jar;C:\\Users\\Anonymous\\.gradle\\caches\\modules-2\\files-2.1\\org.openapitools\\jackson-databind-nullable\\0.2.6\\d8c7e6b4fcc10d36771d157fc011d2a04479e4a7\\jackson-databind-nullable-0.2.6.jar;C:\\Users\\Anonymous\\.gradle\\caches\\modules-2\\files-2.1\\io.jsonwebtoken\\jjwt-jackson\\0.12.6\\f141e0c1136ba17f2632858238a31ae05642dbf8\\jjwt-jackson-0.12.6.jar;C:\\Users\\Anonymous\\.gradle\\caches\\modules-2\\files-2.1\\com.amazonaws.serverless\\aws-serverless-java-container-springboot3\\2.1.0\\d68ef412e0be6e41cd299eaba3fef941381b5199\\aws-serverless-java-container-springboot3-2.1.0.jar;C:\\Users\\Anonymous\\.gradle\\caches\\modules-2\\files-2.1\\com.amazonaws.serverless\\aws-serverless-java-container-core\\2.1.0\\cec7916a6c5aa03f6818220ca8f1a864136f9c5b\\aws-serverless-java-container-core-2.1.0.jar;C:\\Users\\Anonymous\\.gradle\\caches\\modules-2\\files-2.1\\com.fasterxml.jackson.datatype\\jackson-datatype-jdk8\\2.15.3\\80158cb020c7bd4e4ba94d8d752a65729dc943b2\\jackson-datatype-jdk8-2.15.3.jar;C:\\Users\\Anonymous\\.gradle\\caches\\modules-2\\files-2.1\\com.fasterxml.jackson.module\\jackson-module-parameter-names\\2.15.3\\8d251b90c5358677e7d8161e0c2488e6f84f49da\\jackson-module-parameter-names-2.15.3.jar;C:\\Users\\Anonymous\\.gradle\\caches\\modules-2\\files-2.1\\com.fasterxml.jackson.module\\jackson-module-afterburner\\2.15.3\\a34eaee30ed9c7c09f7fcd0c339dd8052347a43a\\jackson-module-afterburner-2.15.3.jar;C:\\Users\\Anonymous\\.gradle\\caches\\modules-2\\files-2.1\\com.fasterxml.jackson.core\\jackson-databind\\2.15.3\\a734bc2c47a9453c4efa772461a3aeb273c010d9\\jackson-databind-2.15.3.jar;C:\\Users\\Anonymous\\.gradle\\caches\\modules-2\\files-2.1\\org.testcontainers\\testcontainers-junit-jupiter\\2.0.2\\6d0c1a4a8d9713a9ba34c6e68be69af8041fbfdd\\testcontainers-junit-jupiter-2.0.2.jar;C:\\Users\\Anonymous\\.gradle\\caches\\modules-2\\files-2.1\\org.testcontainers\\testcontainers-postgresql\\2.0.2\\93e01f5bf7732ffd89df5fda28476070461bb161\\testcontainers-postgresql-2.0.2.jar;C:\\Users\\Anonymous\\.gradle\\caches\\modules-2\\files-2.1\\org.testcontainers\\testcontainers-jdbc\\2.0.2\\c402f7e94ff17504e62c2fc218028d670ee2087c\\testcontainers-jdbc-2.0.2.jar;C:\\Users\\Anonymous\\.gradle\\caches\\modules-2\\files-2.1\\org.testcontainers\\testcontainers-database-commons\\2.0.2\\de223c428492121729957f9657df94a68a3bd146\\testcontainers-database-commons-2.0.2.jar;C:\\Users\\Anonymous\\.gradle\\caches\\modules-2\\files-2.1\\org.testcontainers\\testcontainers\\2.0.2\\8b9f7ca7931621161b009a757ff8cd5ae0de4926\\testcontainers-2.0.2.jar;C:\\Users\\Anonymous\\.gradle\\caches\\modules-2\\files-2.1\\com.github.docker-java\\docker-java-api\\3.7.0\\47d3e92a30fc1832197602cb1214b866024372cb\\docker-java-api-3.7.0.jar;C:\\Users\\Anonymous\\.gradle\\caches\\modules-2\\files-2.1\\com.fasterxml.jackson.core\\jackson-annotations\\2.15.3\\79baf4e605eb3bbb60b1c475d44a7aecceea1d60\\jackson-annotations-2.15.3.jar;C:\\Users\\Anonymous\\.gradle\\caches\\modules-2\\files-2.1\\com.fasterxml.jackson.core\\jackson-core\\2.15.3\\60d600567c1862840397bf9ff5a92398edc5797b\\jackson-core-2.15.3.jar;C:\\Users\\Anonymous\\.gradle\\caches\\modules-2\\files-2.1\\com.fasterxml.jackson.datatype\\jackson-datatype-jsr310\\2.15.3\\4a20a0e104931bfa72f24ef358c2eb63f1ef2aaf\\jackson-datatype-jsr310-2.15.3.jar;C:\\Users\\Anonymous\\.gradle\\caches\\modules-2\\files-2.1\\software.amazon.awssdk\\ses\\2.21.40\\8926ab124c387249b41c02e32b24e59ef7a00657\\ses-2.21.40.jar;C:\\Users\\Anonymous\\.gradle\\caches\\modules-2\\files-2.1\\software.amazon.awssdk\\s3-transfer-manager\\2.21.40\\914e58391670ab194bcb60f08280c1da3dca2aac\\s3-transfer-manager-2.21.40.jar;C:\\Users\\Anonymous\\.gradle\\caches\\modules-2\\files-2.1\\software.amazon.awssdk\\s3\\2.21.40\\59328598478d765bd34fcd4fc24ab932de8c5a05\\s3-2.21.40.jar;C:\\Users\\Anonymous\\.gradle\\caches\\modules-2\\files-2.1\\software.amazon.awssdk\\aws-xml-protocol\\2.21.40\\b6e3e79b4619b3b2f34766a4059c42e78be3ebe5\\aws-xml-protocol-2.21.40.jar;C:\\Users\\Anonymous\\.gradle\\caches\\modules-2\\files-2.1\\software.amazon.awssdk\\aws-query-protocol\\2.20.26\\62d01a32c684a863b2e7aa288f8faceadef6e5ee\\aws-query-protocol-2.20.26.jar;C:\\Users\\Anonymous\\.gradle\\caches\\modules-2\\files-2.1\\com.amazonaws\\aws-lambda-java-core\\1.2.3\\4b2c5b56d06034778afb8def8a803614c6017e2\\aws-lambda-java-core-1.2.3.jar;C:\\Users\\Anonymous\\.gradle\\caches\\modules-2\\files-2.1\\com.amazonaws\\aws-lambda-java-events\\3.11.3\\38d2a58dda4229339943dcf00a17dd56051619f8\\aws-lambda-java-events-3.11.3.jar;C:\\Users\\Anonymous\\.gradle\\caches\\modules-2\\files-2.1\\software.amazon.awssdk\\sqs\\2.21.40\\1bb9c4ea8639da523548c315eb2da35d08baef07\\sqs-2.21.40.jar;C:\\Users\\Anonymous\\.gradle\\caches\\modules-2\\files-2.1\\software.amazon.awssdk\\eventbridge\\2.21.40\\454dc0f186e7ad3a5072479dde74855217dee73c\\eventbridge-2.21.40.jar;C:\\Users\\Anonymous\\.gradle\\caches\\modules-2\\files-2.1\\software.amazon.awssdk.crt\\aws-crt\\0.28.12\\caa10b2f21e884ffdd72789c66be802bcd0c82fe\\aws-crt-0.28.12.jar;C:\\Users\\Anonymous\\.gradle\\caches\\modules-2\\files-2.1\\jakarta.mail\\jakarta.mail-api\\2.1.2\\e2f24836f1720a6b53d98240a78b4860597428c8\\jakarta.mail-api-2.1.2.jar;C:\\Users\\Anonymous\\.gradle\\caches\\modules-2\\files-2.1\\org.springframework.boot\\spring-boot-starter-test\\3.2.2\\8785ad456a809e3eec319d7bbb36c3e971abd00f\\spring-boot-starter-test-3.2.2.jar;C:\\Users\\Anonymous\\.gradle\\caches\\modules-2\\files-2.1\\org.hibernate.orm\\hibernate-core\\6.4.1.Final\\3dcefddf6609e6491d37208bcc0cab1273598cbd\\hibernate-core-6.4.1.Final.jar;C:\\Users\\Anonymous\\.gradle\\caches\\modules-2\\files-2.1\\org.glassfish.jaxb\\jaxb-runtime\\4.0.4\\7180c50ef8bd127bb1dd645458b906cffcf6c2b5\\jaxb-runtime-4.0.4.jar;C:\\Users\\Anonymous\\.gradle\\caches\\modules-2\\files-2.1\\org.glassfish.jaxb\\jaxb-core\\4.0.4\\2d5aadd02af86f1e9d8c6f7e8501673f915d4e25\\jaxb-core-4.0.4.jar;C:\\Users\\Anonymous\\.gradle\\caches\\modules-2\\files-2.1\\jakarta.xml.bind\\jakarta.xml.bind-api\\4.0.1\\ca2330866cbc624c7e5ce982e121db1125d23e15\\jakarta.xml.bind-api-4.0.1.jar;C:\\Users\\Anonymous\\.gradle\\caches\\modules-2\\files-2.1\\org.eclipse.angus\\angus-activation\\2.0.1\\eaafaf4eb71b400e4136fc3a286f50e34a68ecb7\\angus-activation-2.0.1.jar;C:\\Users\\Anonymous\\.gradle\\caches\\modules-2\\files-2.1\\jakarta.activation\\jakarta.activation-api\\2.1.2\\640c0d5aff45dbff1e1a1bc09673ff3a02b1ba12\\jakarta.activation-api-2.1.2.jar;C:\\Users\\Anonymous\\.gradle\\caches\\modules-2\\files-2.1\\com.sun.mail\\jakarta.mail\\2.0.1\\96d3645f02a92bcc5e7ae1ff037151e44179f230\\jakarta.mail-2.0.1.jar;C:\\Users\\Anonymous\\.gradle\\caches\\modules-2\\files-2.1\\com.sun.activation\\jakarta.activation\\2.0.1\\828b80e886a52bb09fe41ff410b10b342f533ce1\\jakarta.activation-2.0.1.jar;C:\\Users\\Anonymous\\.gradle\\caches\\modules-2\\files-2.1\\org.apache.tika\\tika-core\\2.9.1\\bfd572826e7023dd6ceeefe1b4d0f6d3d8eef507\\tika-core-2.9.1.jar;C:\\Users\\Anonymous\\.gradle\\caches\\modules-2\\files-2.1\\org.reflections\\reflections\\0.10.2\\b638d7ca0e0fe0146b60a0e7ba232ad852a73b31\\reflections-0.10.2.jar;C:\\Users\\Anonymous\\.gradle\\caches\\modules-2\\files-2.1\\io.swagger\\swagger-annotations\\1.6.12\\47688c32bd236a8df0142c08d047760e1f53c991\\swagger-annotations-1.6.12.jar;C:\\Users\\Anonymous\\.gradle\\caches\\modules-2\\files-2.1\\org.springframework.boot\\spring-boot-starter-validation\\3.2.2\\faedd363ffbafde6a23bc7183ce79de11a96e780\\spring-boot-starter-validation-3.2.2.jar;C:\\Users\\Anonymous\\.gradle\\caches\\modules-2\\files-2.1\\org.springframework.boot\\spring-boot-starter-security\\3.2.2\\79676d6fe68878890e26be10ecab126f472d7c0f\\spring-boot-starter-security-3.2.2.jar;C:\\Users\\Anonymous\\.gradle\\caches\\modules-2\\files-2.1\\io.jsonwebtoken\\jjwt-impl\\0.12.6\\ac23673a84b6089e0369fb8ab2c69edd91cd6eb0\\jjwt-impl-0.12.6.jar;C:\\Users\\Anonymous\\.gradle\\caches\\modules-2\\files-2.1\\io.jsonwebtoken\\jjwt-api\\0.12.6\\478886a888f6add04937baf0361144504a024967\\jjwt-api-0.12.6.jar;C:\\Users\\Anonymous\\.gradle\\caches\\modules-2\\files-2.1\\org.apache.poi\\poi-ooxml\\5.2.5\\df9f2c52371eeba24db8ea8cafa77285c3cc0742\\poi-ooxml-5.2.5.jar;C:\\Users\\Anonymous\\.gradle\\caches\\modules-2\\files-2.1\\org.apache.pdfbox\\pdfbox\\2.0.30\\730753a91f7f2c574eb09a8af7288065d1e551bd\\pdfbox-2.0.30.jar;C:\\Users\\Anonymous\\.gradle\\caches\\modules-2\\files-2.1\\org.springframework.boot\\spring-boot-starter-thymeleaf\\3.2.2\\d1895c9a600547d53dddfff7c57ab7838df5d65\\spring-boot-starter-thymeleaf-3.2.2.jar;C:\\Users\\Anonymous\\.gradle\\caches\\modules-2\\files-2.1\\org.junit-pioneer\\junit-pioneer\\2.2.0\\b29babc6cd0db6e0dd85e1d6d5dd79880dc809e9\\junit-pioneer-2.2.0.jar;C:\\Users\\Anonymous\\.gradle\\caches\\modules-2\\files-2.1\\org.springframework.security\\spring-security-test\\6.2.1\\5e88b6a8c51a56dfe2756ac7143f04c07553de03\\spring-security-test-6.2.1.jar;C:\\Users\\Anonymous\\.gradle\\caches\\modules-2\\files-2.1\\org.springframework.boot\\spring-boot-starter-aop\\3.2.2\\f01ecef0ce5f8d5631890a0c456a88a72323b569\\spring-boot-starter-aop-3.2.2.jar;C:\\Users\\Anonymous\\.gradle\\caches\\modules-2\\files-2.1\\org.springframework.boot\\spring-boot-starter-jdbc\\3.2.2\\22ffda6938dca5f584c8b1b64e4e9096e8302c1e\\spring-boot-starter-jdbc-3.2.2.jar;C:\\Users\\Anonymous\\.gradle\\caches\\modules-2\\files-2.1\\org.springframework.boot\\spring-boot-starter\\3.2.2\\dc04714f9295297f92fa8099eb51edc54dbe67db\\spring-boot-starter-3.2.2.jar;C:\\Users\\Anonymous\\.gradle\\caches\\modules-2\\files-2.1\\org.springframework.boot\\spring-boot-starter-tomcat\\3.2.2\\e22a0ba37910731b382f3fe47ad36aed20fad24d\\spring-boot-starter-tomcat-3.2.2.jar;C:\\Users\\Anonymous\\.gradle\\caches\\modules-2\\files-2.1\\org.springframework.cloud\\spring-cloud-function-serverless-web\\4.1.4\\621161d5604fbc2217e3e9322b81ebf415af134e\\spring-cloud-function-serverless-web-4.1.4.jar;C:\\Users\\Anonymous\\.gradle\\caches\\modules-2\\files-2.1\\org.springframework\\spring-webmvc\\6.1.3\\f4738a57787add6567e0679eebb1b499a11019cc\\spring-webmvc-6.1.3.jar;C:\\Users\\Anonymous\\.gradle\\caches\\modules-2\\files-2.1\\org.springframework.security\\spring-security-web\\6.2.1\\4b486977ab1bcdd5dcc6aa5d8a367f1c0814bf56\\spring-security-web-6.2.1.jar;C:\\Users\\Anonymous\\.gradle\\caches\\modules-2\\files-2.1\\org.springframework\\spring-web\\6.1.3\\cc3459b4abd436331608ddb6424886875f7086ab\\spring-web-6.1.3.jar;C:\\Users\\Anonymous\\.gradle\\caches\\modules-2\\files-2.1\\org.springframework.data\\spring-data-jpa\\3.2.2\\f91a3896c2a6139ac1da1fd8ff4350ca4b0e409e\\spring-data-jpa-3.2.2.jar;C:\\Users\\Anonymous\\.gradle\\caches\\modules-2\\files-2.1\\org.springframework\\spring-aspects\\6.1.3\\c8b5dde3568dc5df6109916d8ad4866efe4e61fd\\spring-aspects-6.1.3.jar;C:\\Users\\Anonymous\\.gradle\\caches\\modules-2\\files-2.1\\com.google.code.gson\\gson\\2.10.1\\b3add478d4382b78ea20b1671390a858002feb6c\\gson-2.10.1.jar;C:\\Users\\Anonymous\\.gradle\\caches\\modules-2\\files-2.1\\org.checkerframework\\checker-qual\\3.31.0\\eeefd4af42e2f4221d145c1791582f91868f99ab\\checker-qual-3.31.0.jar;C:\\Users\\Anonymous\\.gradle\\caches\\modules-2\\files-2.1\\org.hibernate.validator\\hibernate-validator\\8.0.1.Final\\e49e116b3d3928060599b176b3538bb848718e95\\hibernate-validator-8.0.1.Final.jar;C:\\Users\\Anonymous\\.gradle\\caches\\modules-2\\files-2.1\\org.jboss.logging\\jboss-logging\\3.5.3.Final\\c88fc1d8a96d4c3491f55d4317458ccad53ca663\\jboss-logging-3.5.3.Final.jar;C:\\Users\\Anonymous\\.gradle\\caches\\modules-2\\files-2.1\\software.amazon.awssdk\\aws-json-protocol\\2.21.40\\f9d4f4da875f8e3b97c7d29eecf3735e8c2257c3\\aws-json-protocol-2.21.40.jar;C:\\Users\\Anonymous\\.gradle\\caches\\modules-2\\files-2.1\\software.amazon.awssdk\\protocol-core\\2.21.40\\e87cdd212d8216572a0e6d009c04e941eae29e95\\protocol-core-2.21.40.jar;C:\\Users\\Anonymous\\.gradle\\caches\\modules-2\\files-2.1\\software.amazon.awssdk\\aws-core\\2.21.40\\a16c8f6df9bd109bbad88e1305ad543c8e9068ff\\aws-core-2.21.40.jar;C:\\Users\\Anonymous\\.gradle\\caches\\modules-2\\files-2.1\\software.amazon.awssdk\\auth\\2.21.40\\35dfb5a4ba81867728bb76ad361052c36ae7d6ac\\auth-2.21.40.jar;C:\\Users\\Anonymous\\.gradle\\caches\\modules-2\\files-2.1\\software.amazon.awssdk\\regions\\2.21.40\\c3980558a2fac93ccf9a9e0012ed4f9ad9d0b73c\\regions-2.21.40.jar;C:\\Users\\Anonymous\\.gradle\\caches\\modules-2\\files-2.1\\software.amazon.awssdk\\sdk-core\\2.21.40\\391ee3e8d735e65b2e673a4f2a95bb59f50b7f63\\sdk-core-2.21.40.jar;C:\\Users\\Anonymous\\.gradle\\caches\\modules-2\\files-2.1\\software.amazon.awssdk\\http-auth-aws\\2.21.40\\2080bc865f9cf700c4678d9e92913ad7774abb84\\http-auth-aws-2.21.40.jar;C:\\Users\\Anonymous\\.gradle\\caches\\modules-2\\files-2.1\\software.amazon.awssdk\\http-auth\\2.21.40\\37c68a83b46f1379f41f0fd46d88c9127a02c2b9\\http-auth-2.21.40.jar;C:\\Users\\Anonymous\\.gradle\\caches\\modules-2\\files-2.1\\software.amazon.awssdk\\http-auth-spi\\2.21.40\\3763606e224e647ae59975d146f62e7fa8f8a004\\http-auth-spi-2.21.40.jar;C:\\Users\\Anonymous\\.gradle\\caches\\modules-2\\files-2.1\\software.amazon.awssdk\\apache-client\\2.21.40\\c85db84bfacf67fe9278a4d1775774750cd4f55c\\apache-client-2.21.40.jar;C:\\Users\\Anonymous\\.gradle\\caches\\modules-2\\files-2.1\\software.amazon.awssdk\\netty-nio-client\\2.21.40\\4412861c773c475da1553cd6030074f91a443757\\netty-nio-client-2.21.40.jar;C:\\Users\\Anonymous\\.gradle\\caches\\modules-2\\files-2.1\\software.amazon.awssdk\\http-client-spi\\2.21.40\\aae2d1cef0f805efa36383e7a0f8c5fcf7ab7be8\\http-client-spi-2.21.40.jar;C:\\Users\\Anonymous\\.gradle\\caches\\modules-2\\files-2.1\\software.amazon.awssdk\\identity-spi\\2.21.40\\c8009ff55bcd5482b4f1e89f8026db1ffd10cfdf\\identity-spi-2.21.40.jar;C:\\Users\\Anonymous\\.gradle\\caches\\modules-2\\files-2.1\\software.amazon.awssdk\\metrics-spi\\2.21.40\\a43405adcc8a13018942afa8bcc578d1eedca9b6\\metrics-spi-2.21.40.jar;C:\\Users\\Anonymous\\.gradle\\caches\\modules-2\\files-2.1\\software.amazon.awssdk\\json-utils\\2.21.40\\9f888c83764fa4179a69b71e4b29981aed794038\\json-utils-2.21.40.jar;C:\\Users\\Anonymous\\.gradle\\caches\\modules-2\\files-2.1\\software.amazon.awssdk\\arns\\2.21.40\\a99634492b0eb6f824108c76dd31eeb80b223fd8\\arns-2.21.40.jar;C:\\Users\\Anonymous\\.gradle\\caches\\modules-2\\files-2.1\\software.amazon.awssdk\\profiles\\2.21.40\\859228b1b098b835e61c7825a0ef7d28172ddb23\\profiles-2.21.40.jar;C:\\Users\\Anonymous\\.gradle\\caches\\modules-2\\files-2.1\\software.amazon.awssdk\\crt-core\\2.21.40\\87ae688795ce7f9a83f6f2d9186571af93afb4e0\\crt-core-2.21.40.jar;C:\\Users\\Anonymous\\.gradle\\caches\\modules-2\\files-2.1\\software.amazon.awssdk\\utils\\2.21.40\\966fe822556b6a7dc500eb0c1afe4625f3ec16b9\\utils-2.21.40.jar;C:\\Users\\Anonymous\\.gradle\\caches\\modules-2\\files-2.1\\org.thymeleaf\\thymeleaf-spring6\\3.1.2.RELEASE\\6030c7b4e260c41336f378e53da6e8531263f24b\\thymeleaf-spring6-3.1.2.RELEASE.jar;C:\\Users\\Anonymous\\.gradle\\caches\\modules-2\\files-2.1\\com.github.docker-java\\docker-java-transport-zerodep\\3.7.0\\55185d3af96befa953dcb0b89de3751f95999511\\docker-java-transport-zerodep-3.7.0.jar;C:\\Users\\Anonymous\\.gradle\\caches\\modules-2\\files-2.1\\com.jayway.jsonpath\\json-path\\2.8.0\\b4ab3b7a9e425655a0ca65487bbbd6d7ddb75160\\json-path-2.8.0.jar;C:\\Users\\Anonymous\\.gradle\\caches\\modules-2\\files-2.1\\com.zaxxer\\HikariCP\\5.0.1\\a74c7f0a37046846e88d54f7cb6ea6d565c65f9c\\HikariCP-5.0.1.jar;C:\\Users\\Anonymous\\.gradle\\caches\\modules-2\\files-2.1\\org.springframework.data\\spring-data-commons\\3.2.2\\9b0b0f5f5bc793463a81171d6889809abc14b19b\\spring-data-commons-3.2.2.jar;C:\\Users\\Anonymous\\.gradle\\caches\\modules-2\\files-2.1\\org.thymeleaf\\thymeleaf\\3.1.2.RELEASE\\273997509a4c7aef86cee0521750140c587d9be2\\thymeleaf-3.1.2.RELEASE.jar;C:\\Users\\Anonymous\\.gradle\\caches\\modules-2\\files-2.1\\org.springframework.boot\\spring-boot-starter-logging\\3.2.2\\3347c3b1cec6cf2d5fa186d1e49d2f378a6b7cae\\spring-boot-starter-logging-3.2.2.jar;C:\\Users\\Anonymous\\.gradle\\caches\\modules-2\\files-2.1\\ch.qos.logback\\logback-classic\\1.4.14\\d98bc162275134cdf1518774da4a2a17ef6fb94d\\logback-classic-1.4.14.jar;C:\\Users\\Anonymous\\.gradle\\caches\\modules-2\\files-2.1\\org.apache.logging.log4j\\log4j-to-slf4j\\2.21.1\\d77b2ba81711ed596cd797cc2b5b5bd7409d841c\\log4j-to-slf4j-2.21.1.jar;C:\\Users\\Anonymous\\.gradle\\caches\\modules-2\\files-2.1\\org.slf4j\\jul-to-slf4j\\2.0.11\\279356f8e873b1a26badd8bbb3284b5c3b22c770\\jul-to-slf4j-2.0.11.jar;C:\\Users\\Anonymous\\.gradle\\caches\\modules-2\\files-2.1\\org.slf4j\\slf4j-api\\2.0.11\\ad96c3f8cf895e696dd35c2bc8e8ebe710be9e6d\\slf4j-api-2.0.11.jar;C:\\Users\\Anonymous\\.gradle\\caches\\modules-2\\files-2.1\\software.amazon.awssdk\\endpoints-spi\\2.21.40\\293fa40e5e3267132b9d0e88581de952b590f5f0\\endpoints-spi-2.21.40.jar;C:\\Users\\Anonymous\\.gradle\\caches\\modules-2\\files-2.1\\software.amazon.awssdk\\checksums\\2.21.40\\56cc2c329c775f97e647f57e0fa2e4dc464d0755\\checksums-2.21.40.jar;C:\\Users\\Anonymous\\.gradle\\caches\\modules-2\\files-2.1\\software.amazon.awssdk\\checksums-spi\\2.21.40\\41b20606644967d5fd394b5f512f0be7d5325016\\checksums-spi-2.21.40.jar;C:\\Users\\Anonymous\\.gradle\\caches\\modules-2\\files-2.1\\software.amazon.awssdk\\annotations\\2.21.40\\aad81823cc1bead88b7a0ba3b3b342f0ffdd7bdd\\annotations-2.21.40.jar;C:\\Users\\Anonymous\\.gradle\\caches\\modules-2\\files-2.1\\joda-time\\joda-time\\2.10.8\\b0442d652c209a7ba7af0410ce219d997a447701\\joda-time-2.10.8.jar;C:\\Users\\Anonymous\\.gradle\\caches\\modules-2\\files-2.1\\org.apache.poi\\poi\\5.2.5\\7e00f6b2f76375fe89022d5a7db8acb71cbd55f5\\poi-5.2.5.jar;C:\\Users\\Anonymous\\.gradle\\caches\\modules-2\\files-2.1\\org.apache.commons\\commons-compress\\1.28.0\\e482f2c7a88dac3c497e96aa420b6a769f59c8d7\\commons-compress-1.28.0.jar;C:\\Users\\Anonymous\\.gradle\\caches\\modules-2\\files-2.1\\org.apache.commons\\commons-fileupload2-jakarta-servlet6\\2.0.0-M2\\de8ac10c2fcf051714db8c23754cce58eacdcdb6\\commons-fileupload2-jakarta-servlet6-2.0.0-M2.jar;C:\\Users\\Anonymous\\.gradle\\caches\\modules-2\\files-2.1\\org.apache.commons\\commons-fileupload2-core\\2.0.0-M2\\5b16aec91c2e0b0e6052bff9795045c2704f6ca7\\commons-fileupload2-core-2.0.0-M2.jar;C:\\Users\\Anonymous\\.gradle\\caches\\modules-2\\files-2.1\\commons-io\\commons-io\\2.20.0\\36f3474daec2849c149e877614e7f979b2082cd2\\commons-io-2.20.0.jar;C:\\Users\\Anonymous\\.gradle\\caches\\modules-2\\files-2.1\\org.javassist\\javassist\\3.28.0-GA\\9a958811a88381bb159cc2f5ed79c34a45c4af7a\\javassist-3.28.0-GA.jar;C:\\Users\\Anonymous\\.gradle\\caches\\modules-2\\files-2.1\\com.google.code.findbugs\\jsr305\\3.0.2\\25ea2e8b0c338a877313bd4672d3fe056ea78f0d\\jsr305-3.0.2.jar;C:\\Users\\Anonymous\\.gradle\\caches\\modules-2\\files-2.1\\org.apache.tomcat.embed\\tomcat-embed-el\\10.1.18\\b2c4dc05abd363c63b245523bb071727aa2f1046\\tomcat-embed-el-10.1.18.jar;C:\\Users\\Anonymous\\.gradle\\caches\\modules-2\\files-2.1\\org.springframework.security\\spring-security-config\\6.2.1\\119953fd2980d50e1119b913a8596e5e6bdc1295\\spring-security-config-6.2.1.jar;C:\\Users\\Anonymous\\.gradle\\caches\\modules-2\\files-2.1\\org.springframework.security\\spring-security-core\\6.2.1\\b4014a04f217f0f48d15bc7d53906b6911ad855f\\spring-security-core-6.2.1.jar;C:\\Users\\Anonymous\\.gradle\\caches\\modules-2\\files-2.1\\org.springframework.boot\\spring-boot-test-autoconfigure\\3.2.2\\3413e663b2e3e005db07a60883ac6cd01b0dc0c\\spring-boot-test-autoconfigure-3.2.2.jar;C:\\Users\\Anonymous\\.gradle\\caches\\modules-2\\files-2.1\\org.springframework.boot\\spring-boot-test\\3.2.2\\9e76de9c9f520865c5d62588323f018a9d4e9077\\spring-boot-test-3.2.2.jar;C:\\Users\\Anonymous\\.gradle\\caches\\modules-2\\files-2.1\\org.springframework.boot\\spring-boot-autoconfigure\\3.2.2\\5c407409f8d260a4bc6e173d16fc3b36e6adec21\\spring-boot-autoconfigure-3.2.2.jar;C:\\Users\\Anonymous\\.gradle\\caches\\modules-2\\files-2.1\\org.springframework.boot\\spring-boot\\3.2.2\\9f274d1bd822c4c57bb5b37ecae2380b980f567\\spring-boot-3.2.2.jar;C:\\Users\\Anonymous\\.gradle\\caches\\modules-2\\files-2.1\\org.springframework\\spring-context\\6.1.3\\c63f038933701058fd7578460c66dbe2d424915\\spring-context-6.1.3.jar;C:\\Users\\Anonymous\\.gradle\\caches\\modules-2\\files-2.1\\org.springframework\\spring-aop\\6.1.3\\4d9bd4bd9b8bedf9ef151b45c79766b336117b9a\\spring-aop-6.1.3.jar;C:\\Users\\Anonymous\\.gradle\\caches\\modules-2\\files-2.1\\org.apache.poi\\poi-ooxml-lite\\5.2.5\\eaa61452d8f0d13080fbb4757a392f09f90e4c49\\poi-ooxml-lite-5.2.5.jar;C:\\Users\\Anonymous\\.gradle\\caches\\modules-2\\files-2.1\\org.apache.xmlbeans\\xmlbeans\\5.2.0\\6198ac997b3f234f2b5393fa415f78fac2e06510\\xmlbeans-5.2.0.jar;C:\\Users\\Anonymous\\.gradle\\caches\\modules-2\\files-2.1\\com.github.virtuald\\curvesapi\\1.08\\3d3d36568154059825089b289dcfca481fe44e2c\\curvesapi-1.08.jar;C:\\Users\\Anonymous\\.gradle\\caches\\modules-2\\files-2.1\\org.apache.logging.log4j\\log4j-api\\2.21.1\\74c65e87b9ce1694a01524e192d7be989ba70486\\log4j-api-2.21.1.jar;C:\\Users\\Anonymous\\.gradle\\caches\\modules-2\\files-2.1\\org.apache.commons\\commons-collections4\\4.4\\62ebe7544cb7164d87e0637a2a6a2bdc981395e8\\commons-collections4-4.4.jar;C:\\Users\\Anonymous\\.gradle\\caches\\modules-2\\files-2.1\\org.apache.pdfbox\\fontbox\\2.0.30\\555e5d59a4d83c95c4330f018a6c32861880b6df\\fontbox-2.0.30.jar;C:\\Users\\Anonymous\\.gradle\\caches\\modules-2\\files-2.1\\org.apache.httpcomponents\\httpclient\\4.5.13\\e5f6cae5ca7ecaac1ec2827a9e2d65ae2869cada\\httpclient-4.5.13.jar;C:\\Users\\Anonymous\\.gradle\\caches\\modules-2\\files-2.1\\commons-logging\\commons-logging\\1.2\\4bfc12adfe4842bf07b657f0369c4cb522955686\\commons-logging-1.2.jar;C:\\Users\\Anonymous\\.gradle\\caches\\modules-2\\files-2.1\\org.rnorth.duct-tape\\duct-tape\\1.0.8\\92edc22a9ab2f3e17c9bf700aaee377d50e8b530\\duct-tape-1.0.8.jar;C:\\Users\\Anonymous\\.gradle\\caches\\modules-2\\files-2.1\\net.minidev\\json-smart\\2.5.0\\57a64f421b472849c40e77d2e7cce3a141b41e99\\json-smart-2.5.0.jar;C:\\Users\\Anonymous\\.gradle\\caches\\modules-2\\files-2.1\\org.assertj\\assertj-core\\3.24.2\\ebbf338e33f893139459ce5df023115971c2786f\\assertj-core-3.24.2.jar;C:\\Users\\Anonymous\\.gradle\\caches\\modules-2\\files-2.1\\org.awaitility\\awaitility\\4.2.0\\2c39784846001a9cffd6c6b89c78de62c0d80fb8\\awaitility-4.2.0.jar;C:\\Users\\Anonymous\\.gradle\\caches\\modules-2\\files-2.1\\org.hamcrest\\hamcrest\\2.2\\1820c0968dba3a11a1b30669bb1f01978a91dedc\\hamcrest-2.2.jar;C:\\Users\\Anonymous\\.gradle\\caches\\modules-2\\files-2.1\\org.mockito\\mockito-junit-jupiter\\5.7.0\\ac2d6a3431747a7986b8f4abef465f72bf3a21ae\\mockito-junit-jupiter-5.7.0.jar;C:\\Users\\Anonymous\\.gradle\\caches\\modules-2\\files-2.1\\org.junit.jupiter\\junit-jupiter-params\\5.10.1\\c8f15d4e99940c4564098af78c10809c00fdca06\\junit-jupiter-params-5.10.1.jar;C:\\Users\\Anonymous\\.gradle\\caches\\modules-2\\files-2.1\\org.junit.jupiter\\junit-jupiter-engine\\5.10.1\\6c9ff773f9aa842b91d1f2fe4658973252ce2428\\junit-jupiter-engine-5.10.1.jar;C:\\Users\\Anonymous\\.gradle\\caches\\modules-2\\files-2.1\\org.junit.jupiter\\junit-jupiter-api\\5.10.1\\eb90c7d8bfaae8fdc97b225733fcb595ddd72843\\junit-jupiter-api-5.10.1.jar;C:\\Users\\Anonymous\\.gradle\\caches\\modules-2\\files-2.1\\org.junit.platform\\junit-platform-launcher\\1.10.1\\ce85bf5e38bee0989ded9bd468dd4ff78dc0cfa8\\junit-platform-launcher-1.10.1.jar;C:\\Users\\Anonymous\\.gradle\\caches\\modules-2\\files-2.1\\org.junit.platform\\junit-platform-engine\\1.10.1\\f32ae4af74fde68414b8a3d2b7cf1fb43824a83a\\junit-platform-engine-1.10.1.jar;C:\\Users\\Anonymous\\.gradle\\caches\\modules-2\\files-2.1\\org.junit.platform\\junit-platform-commons\\1.10.1\\2bfcd4a4e38b10c671b6916d7e543c20afe25579\\junit-platform-commons-1.10.1.jar;C:\\Users\\Anonymous\\.gradle\\caches\\modules-2\\files-2.1\\org.junit.jupiter\\junit-jupiter\\5.10.1\\6e5c7dd668d6349cb99e52ab8321e73479a309bc\\junit-jupiter-5.10.1.jar;C:\\Users\\Anonymous\\.gradle\\caches\\modules-2\\files-2.1\\org.mockito\\mockito-core\\5.7.0\\a1c258331ab91d66863c983aff7136357e9de056\\mockito-core-5.7.0.jar;C:\\Users\\Anonymous\\.gradle\\caches\\modules-2\\files-2.1\\org.skyscreamer\\jsonassert\\1.5.1\\6d842d0faf4cf6725c509a5e5347d319ee0431c3\\jsonassert-1.5.1.jar;C:\\Users\\Anonymous\\.gradle\\caches\\modules-2\\files-2.1\\org.springframework\\spring-test\\6.1.3\\193a0c6c53a4eed98a1d7567e952647a92cf53aa\\spring-test-6.1.3.jar;C:\\Users\\Anonymous\\.gradle\\caches\\modules-2\\files-2.1\\org.springframework\\spring-orm\\6.1.3\\98572e26c6d011c9710545085358a4e35e27649\\spring-orm-6.1.3.jar;C:\\Users\\Anonymous\\.gradle\\caches\\modules-2\\files-2.1\\org.springframework\\spring-jdbc\\6.1.3\\be4b30cc956b26f13e04ccadc2b0575038c531bb\\spring-jdbc-6.1.3.jar;C:\\Users\\Anonymous\\.gradle\\caches\\modules-2\\files-2.1\\org.springframework\\spring-tx\\6.1.3\\7750337bf46a2ff248685915c7cc88d3bef2f666\\spring-tx-6.1.3.jar;C:\\Users\\Anonymous\\.gradle\\caches\\modules-2\\files-2.1\\org.springframework\\spring-beans\\6.1.3\\c2df4210e796d3a27efc1f22621aa4e2c6cd985f\\spring-beans-6.1.3.jar;C:\\Users\\Anonymous\\.gradle\\caches\\modules-2\\files-2.1\\org.springframework\\spring-expression\\6.1.3\\7c35fc3d7525a024fdde8a5d7597a6a8a4e59d7\\spring-expression-6.1.3.jar;C:\\Users\\Anonymous\\.gradle\\caches\\modules-2\\files-2.1\\org.springframework\\spring-core\\6.1.3\\a002e96e780954cc3ac4cd70fd3bb16accdc47ed\\spring-core-6.1.3.jar;C:\\Users\\Anonymous\\.gradle\\caches\\modules-2\\files-2.1\\org.xmlunit\\xmlunit-core\\2.9.1\\e5833662d9a1279a37da3ef6f62a1da29fcd68c4\\xmlunit-core-2.9.1.jar;C:\\Users\\Anonymous\\.gradle\\caches\\modules-2\\files-2.1\\jakarta.annotation\\jakarta.annotation-api\\2.1.1\\48b9bda22b091b1f48b13af03fe36db3be6e1ae3\\jakarta.annotation-api-2.1.1.jar;C:\\Users\\Anonymous\\.gradle\\caches\\modules-2\\files-2.1\\org.yaml\\snakeyaml\\2.2\\3af797a25458550a16bf89acc8e4ab2b7f2bfce0\\snakeyaml-2.2.jar;C:\\Users\\Anonymous\\.gradle\\caches\\modules-2\\files-2.1\\org.apache.tomcat.embed\\tomcat-embed-websocket\\10.1.18\\83a3bc6898f2ceed2357ba231a5e83dc2016d454\\tomcat-embed-websocket-10.1.18.jar;C:\\Users\\Anonymous\\.gradle\\caches\\modules-2\\files-2.1\\org.apache.tomcat.embed\\tomcat-embed-core\\10.1.18\\bff6c34649d1dd7b509e819794d73ba795947dcf\\tomcat-embed-core-10.1.18.jar;C:\\Users\\Anonymous\\.gradle\\caches\\modules-2\\files-2.1\\io.micrometer\\micrometer-observation\\1.12.2\\e082b05a2527fc24ea6fbe4c4b7ae34653aace81\\micrometer-observation-1.12.2.jar;C:\\Users\\Anonymous\\.gradle\\caches\\modules-2\\files-2.1\\org.aspectj\\aspectjweaver\\1.9.21\\beaabaea95c7f3330f415c72ee0ffe79b51d172f\\aspectjweaver-1.9.21.jar;C:\\Users\\Anonymous\\.gradle\\caches\\modules-2\\files-2.1\\jakarta.persistence\\jakarta.persistence-api\\3.1.0\\66901fa1c373c6aff65c13791cc11da72060a8d6\\jakarta.persistence-api-3.1.0.jar;C:\\Users\\Anonymous\\.gradle\\caches\\modules-2\\files-2.1\\jakarta.transaction\\jakarta.transaction-api\\2.0.1\\51a520e3fae406abb84e2e1148e6746ce3f80a1a\\jakarta.transaction-api-2.0.1.jar;C:\\Users\\Anonymous\\.gradle\\caches\\modules-2\\files-2.1\\org.hibernate.common\\hibernate-commons-annotations\\6.0.6.Final\\77a5f94b56d49508e0ee334751db5b78e5ccd50c\\hibernate-commons-annotations-6.0.6.Final.jar;C:\\Users\\Anonymous\\.gradle\\caches\\modules-2\\files-2.1\\io.smallrye\\jandex\\3.1.2\\a6c1c89925c7df06242b03dddb353116ceb9584c\\jandex-3.1.2.jar;C:\\Users\\Anonymous\\.gradle\\caches\\modules-2\\files-2.1\\com.fasterxml\\classmate\\1.6.0\\91affab6f84a2182fce5dd72a8d01bc14346dddd\\classmate-1.6.0.jar;C:\\Users\\Anonymous\\.gradle\\caches\\modules-2\\files-2.1\\net.bytebuddy\\byte-buddy\\1.14.11\\725602eb7c8c56b51b9c21f273f9df5c909d9e7d\\byte-buddy-1.14.11.jar;C:\\Users\\Anonymous\\.gradle\\caches\\modules-2\\files-2.1\\jakarta.inject\\jakarta.inject-api\\2.0.1\\4c28afe1991a941d7702fe1362c365f0a8641d1e\\jakarta.inject-api-2.0.1.jar;C:\\Users\\Anonymous\\.gradle\\caches\\modules-2\\files-2.1\\org.antlr\\antlr4-runtime\\4.13.0\\5a02e48521624faaf5ff4d99afc88b01686af655\\antlr4-runtime-4.13.0.jar;C:\\Users\\Anonymous\\.gradle\\caches\\modules-2\\files-2.1\\jakarta.servlet\\jakarta.servlet-api\\6.0.0\\abecc699286e65035ebba9844c03931357a6a963\\jakarta.servlet-api-6.0.0.jar;C:\\Users\\Anonymous\\.gradle\\caches\\modules-2\\files-2.1\\jakarta.ws.rs\\jakarta.ws.rs-api\\3.1.0\\15ce10d249a38865b58fc39521f10f29ab0e3363\\jakarta.ws.rs-api-3.1.0.jar;C:\\Users\\Anonymous\\.gradle\\caches\\modules-2\\files-2.1\\org.reactivestreams\\reactive-streams\\1.0.4\\3864a1320d97d7b045f729a326e1e077661f31b7\\reactive-streams-1.0.4.jar;C:\\Users\\Anonymous\\.gradle\\caches\\modules-2\\files-2.1\\software.amazon.eventstream\\eventstream\\1.0.1\\6ff8649dffc5190366ada897ba8525a836297784\\eventstream-1.0.1.jar;C:\\Users\\Anonymous\\.gradle\\caches\\modules-2\\files-2.1\\software.amazon.awssdk\\third-party-jackson-core\\2.21.40\\bdad1fb829627469d269a898f4d51df70f80c407\\third-party-jackson-core-2.21.40.jar;C:\\Users\\Anonymous\\.gradle\\caches\\modules-2\\files-2.1\\org.apache.httpcomponents\\httpcore\\4.4.16\\51cf043c87253c9f58b539c9f7e44c8894223850\\httpcore-4.4.16.jar;C:\\Users\\Anonymous\\.gradle\\caches\\modules-2\\files-2.1\\commons-codec\\commons-codec\\1.16.0\\4e3eb3d79888d76b54e28b350915b5dc3919c9de\\commons-codec-1.16.0.jar;C:\\Users\\Anonymous\\.gradle\\caches\\modules-2\\files-2.1\\io.netty\\netty-codec-http2\\4.1.105.Final\\7c558b1ea68a2385b250191ad5ecb0f4afb2d866\\netty-codec-http2-4.1.105.Final.jar;C:\\Users\\Anonymous\\.gradle\\caches\\modules-2\\files-2.1\\io.netty\\netty-codec-http\\4.1.105.Final\\bc8bc7b5384fb3dcb467d2a44159282935328779\\netty-codec-http-4.1.105.Final.jar;C:\\Users\\Anonymous\\.gradle\\caches\\modules-2\\files-2.1\\io.netty\\netty-handler\\4.1.105.Final\\7e997e63d0a445c4b352bcd38474d50f06f2eaf1\\netty-handler-4.1.105.Final.jar;C:\\Users\\Anonymous\\.gradle\\caches\\modules-2\\files-2.1\\io.netty\\netty-codec\\4.1.105.Final\\4733830b4b2b9111e9bf8136691d07b20027cd51\\netty-codec-4.1.105.Final.jar;C:\\Users\\Anonymous\\.gradle\\caches\\modules-2\\files-2.1\\io.netty\\netty-transport-classes-epoll\\4.1.105.Final\\e006d3b0cfd5b8133c9fcebfa05d9ae80a721e80\\netty-transport-classes-epoll-4.1.105.Final.jar;C:\\Users\\Anonymous\\.gradle\\caches\\modules-2\\files-2.1\\io.netty\\netty-transport-native-unix-common\\4.1.105.Final\\8bb8ab3a8f1e730c6e7d1d1cf8fc24221eacc6cd\\netty-transport-native-unix-common-4.1.105.Final.jar;C:\\Users\\Anonymous\\.gradle\\caches\\modules-2\\files-2.1\\io.netty\\netty-transport\\4.1.105.Final\\5184e1308ed7d853d7061b4e21e47e8de43a28df\\netty-transport-4.1.105.Final.jar;C:\\Users\\Anonymous\\.gradle\\caches\\modules-2\\files-2.1\\io.netty\\netty-buffer\\4.1.105.Final\\c1c1b4d2c89d2f74c80a2701c124ecfde1ecf067\\netty-buffer-4.1.105.Final.jar;C:\\Users\\Anonymous\\.gradle\\caches\\modules-2\\files-2.1\\io.netty\\netty-resolver\\4.1.105.Final\\e69687e013ded60f3f9054164e121c2702200711\\netty-resolver-4.1.105.Final.jar;C:\\Users\\Anonymous\\.gradle\\caches\\modules-2\\files-2.1\\io.netty\\netty-common\\4.1.105.Final\\8438fc1de4c10301bb53ceb49ed8db74bd40cc2c\\netty-common-4.1.105.Final.jar;C:\\Users\\Anonymous\\.gradle\\caches\\modules-2\\files-2.1\\jakarta.validation\\jakarta.validation-api\\3.0.2\\92b6631659ba35ca09e44874d3eb936edfeee532\\jakarta.validation-api-3.0.2.jar;C:\\Users\\Anonymous\\.gradle\\caches\\modules-2\\files-2.1\\org.apache.commons\\commons-math3\\3.6.1\\e4ba98f1d4b3c80ec46392f25e094a6a2e58fcbf\\commons-math3-3.6.1.jar;C:\\Users\\Anonymous\\.gradle\\caches\\modules-2\\files-2.1\\com.zaxxer\\SparseBitSet\\1.3\\533eac055afe3d5f614ea95e333afd6c2bde8f26\\SparseBitSet-1.3.jar;C:\\Users\\Anonymous\\.gradle\\caches\\modules-2\\files-2.1\\org.apache.commons\\commons-lang3\\3.13.0\\b7263237aa89c1f99b327197c41d0669707a462e\\commons-lang3-3.13.0.jar;C:\\Users\\Anonymous\\.gradle\\caches\\modules-2\\files-2.1\\org.jetbrains\\annotations\\17.0.0\\8ceead41f4e71821919dbdb7a9847608f1a938cb\\annotations-17.0.0.jar;C:\\Users\\Anonymous\\.gradle\\caches\\modules-2\\files-2.1\\com.github.docker-java\\docker-java-transport\\3.7.0\\e68716970e65eb45c01c0207d15ff03bb32edf49\\docker-java-transport-3.7.0.jar;C:\\Users\\Anonymous\\.gradle\\caches\\modules-2\\files-2.1\\net.java.dev.jna\\jna\\5.18.1\\b27ba04287cc4abe769642fe8318d39fc89bf937\\jna-5.18.1.jar;C:\\Users\\Anonymous\\.gradle\\caches\\modules-2\\files-2.1\\net.minidev\\accessors-smart\\2.5.0\\aca011492dfe9c26f4e0659028a4fe0970829dd8\\accessors-smart-2.5.0.jar;C:\\Users\\Anonymous\\.gradle\\caches\\modules-2\\files-2.1\\net.bytebuddy\\byte-buddy-agent\\1.14.11\\f9cb566608fbac6bc7bf54901a7aa11543a989ee\\byte-buddy-agent-1.14.11.jar;C:\\Users\\Anonymous\\.gradle\\caches\\modules-2\\files-2.1\\org.objenesis\\objenesis\\3.3\\1049c09f1de4331e8193e579448d0916d75b7631\\objenesis-3.3.jar;C:\\Users\\Anonymous\\.gradle\\caches\\modules-2\\files-2.1\\com.vaadin.external.google\\android-json\\0.0.20131108.vaadin1\\fa26d351fe62a6a17f5cda1287c1c6110dec413f\\android-json-0.0.20131108.vaadin1.jar;C:\\Users\\Anonymous\\.gradle\\caches\\modules-2\\files-2.1\\org.springframework\\spring-jcl\\6.1.3\\a715e091ee86243ee94534a03f3c26b4e48de31e\\spring-jcl-6.1.3.jar;C:\\Users\\Anonymous\\.gradle\\caches\\modules-2\\files-2.1\\org.opentest4j\\opentest4j\\1.3.0\\152ea56b3a72f655d4fd677fc0ef2596c3dd5e6e\\opentest4j-1.3.0.jar;C:\\Users\\Anonymous\\.gradle\\caches\\modules-2\\files-2.1\\org.springframework.security\\spring-security-crypto\\6.2.1\\d7c4f4e8fe5ae84dd1da76094ee8a0a7e214923d\\spring-security-crypto-6.2.1.jar;C:\\Users\\Anonymous\\.gradle\\caches\\modules-2\\files-2.1\\io.micrometer\\micrometer-commons\\1.12.2\\b44127d8ec7b3ef11a01912d1e6474e1167f3929\\micrometer-commons-1.12.2.jar;C:\\Users\\Anonymous\\.gradle\\caches\\modules-2\\files-2.1\\org.attoparser\\attoparser\\2.0.7.RELEASE\\e5d0e988d9124139d645bb5872b24dfa23e283cc\\attoparser-2.0.7.RELEASE.jar;C:\\Users\\Anonymous\\.gradle\\caches\\modules-2\\files-2.1\\org.unbescape\\unbescape\\1.1.6.RELEASE\\7b90360afb2b860e09e8347112800d12c12b2a13\\unbescape-1.1.6.RELEASE.jar;C:\\Users\\Anonymous\\.gradle\\caches\\modules-2\\files-2.1\\org.ow2.asm\\asm\\9.3\\8e6300ef51c1d801a7ed62d07cd221aca3a90640\\asm-9.3.jar;C:\\Users\\Anonymous\\.gradle\\caches\\modules-2\\files-2.1\\ch.qos.logback\\logback-core\\1.4.14\\4d3c2248219ac0effeb380ed4c5280a80bf395e8\\logback-core-1.4.14.jar;C:\\Users\\Anonymous\\.gradle\\caches\\modules-2\\files-2.1\\org.glassfish.jaxb\\txw2\\4.0.4\\cfd2bcf08782673ac370694fdf2cf76dbaa607ef\\txw2-4.0.4.jar;C:\\Users\\Anonymous\\.gradle\\caches\\modules-2\\files-2.1\\com.sun.istack\\istack-commons-runtime\\4.1.2\\18ec117c85f3ba0ac65409136afa8e42bc74e739\\istack-commons-runtime-4.1.2.jar
Launcher Type: SUN_STANDARD

[Global flags]
     intx CICompilerCount                          = 4                                         {product} {ergonomic}
     uint ConcGCThreads                            = 2                                         {product} {ergonomic}
     uint G1ConcRefinementThreads                  = 8                                         {product} {ergonomic}
   size_t G1HeapRegionSize                         = 1048576                                   {product} {ergonomic}
    uintx GCDrainStackTargetSize                   = 64                                        {product} {ergonomic}
   size_t InitialHeapSize                          = 134217728                                 {product} {ergonomic}
   size_t MarkStackSize                            = 4194304                                   {product} {ergonomic}
   size_t MaxHeapSize                              = 536870912                                 {product} {command line}
   size_t MaxNewSize                               = 321912832                                 {product} {ergonomic}
   size_t MinHeapDeltaBytes                        = 1048576                                   {product} {ergonomic}
   size_t MinHeapSize                              = 8388608                                   {product} {ergonomic}
    uintx NonNMethodCodeHeapSize                   = 5839372                                {pd product} {ergonomic}
    uintx NonProfiledCodeHeapSize                  = 122909434                              {pd product} {ergonomic}
    uintx ProfiledCodeHeapSize                     = 122909434                              {pd product} {ergonomic}
    uintx ReservedCodeCacheSize                    = 251658240                              {pd product} {ergonomic}
     bool SegmentedCodeCache                       = true                                      {product} {ergonomic}
   size_t SoftMaxHeapSize                          = 536870912                              {manageable} {ergonomic}
     bool UseCompressedOops                        = true                           {product lp64_product} {ergonomic}
     bool UseG1GC                                  = true                                      {product} {ergonomic}
     bool UseLargePagesIndividualAllocation        = false                                  {pd product} {ergonomic}

Logging:
Log output configuration:
 #0: stdout all=warning uptime,level,tags foldmultilines=false
 #1: stderr all=off uptime,level,tags foldmultilines=false

Release file:
IMPLEMENTOR="Eclipse Adoptium" 
IMPLEMENTOR_VERSION="Temurin-21.0.9+10" 
JAVA_RUNTIME_VERSION="21.0.9+10-LTS" 
JAVA_VERSION="21.0.9" 
JAVA_VERSION_DATE="2025-10-21" 
LIBC="default" 
MODULES="java.base java.compiler java.datatransfer java.xml java.prefs java.desktop java.instrument java.logging java.management java.security.sasl java.naming java.rmi java.management.rmi java.net.http java.scripting java.security.jgss java.transaction.xa java.sql java.sql.rowset java.xml.crypto java.se java.smartcardio jdk.accessibility jdk.internal.jvmstat jdk.attach jdk.charsets jdk.internal.opt jdk.zipfs jdk.compiler jdk.crypto.ec jdk.crypto.cryptoki jdk.crypto.mscapi jdk.dynalink jdk.internal.ed jdk.editpad jdk.hotspot.agent jdk.httpserver jdk.incubator.vector jdk.internal.le jdk.internal.vm.ci jdk.internal.vm.compiler jdk.internal.vm.compiler.management jdk.jartool jdk.javadoc jdk.jcmd jdk.management jdk.management.agent jdk.jconsole jdk.jdeps jdk.jdwp.agent jdk.jdi jdk.jfr jdk.jlink jdk.jpackage jdk.jshell jdk.jsobject jdk.jstatd jdk.localedata jdk.management.jfr jdk.naming.dns jdk.naming.rmi jdk.net jdk.nio.mapmode jdk.random jdk.sctp jdk.security.auth jdk.security.jgss jdk.unsupported jdk.unsupported.desktop jdk.xml.dom" 
OS_ARCH="x86_64" 
OS_NAME="Windows" 
SOURCE=".:git:759062135b07" 
BUILD_SOURCE="git:839fa0b45d809157cffd3dc8515aad262a4a1776"
BUILD_SOURCE_REPO="https://github.com/adoptium/temurin-build.git"
SOURCE_REPO="https://github.com/adoptium/jdk21u.git"
FULL_VERSION="21.0.9+10-LTS"
SEMANTIC_VERSION="21.0.9+10"
BUILD_INFO="OS: Windows Server 2022 Version: 10.0"
JVM_VARIANT="Hotspot"
JVM_VERSION="21.0.9+10-LTS"
IMAGE_TYPE="JDK"

Environment Variables:
JAVA_HOME=C:\Program Files\Eclipse Adoptium\jdk-21.0.9.10-hotspot\
CLASSPATH=C:\Users\Anonymous\Documents\Exam\PROG4\hei_graduate\\gradle\wrapper\gradle-wrapper.jar
PATH=C:\Program Files\Eclipse Adoptium\jdk-21.0.9.10-hotspot\bin;C:\Program Files (x86)\VMware\VMware Workstation\bin\;C:\WINDOWS\system32;C:\WINDOWS;C:\WINDOWS\System32\Wbem;C:\WINDOWS\System32\WindowsPowerShell\v1.0\;C:\WINDOWS\System32\OpenSSH\;C:\Program Files\Git\cmd;C:\Users\Anonymous\AppData\Local\nvm;C:\nvm4w\nodejs;C:\Program Files\PostgreSQL\17\bin;%MAVEN_HOME%\bin;;C:\Program Files\Amazon\AWSCLIV2\;C:\Program Files\Docker\Docker\resources\bin;C:\Users\Anonymous\AppData\Local\Programs\Python\Python314\Scripts\;C:\Users\Anonymous\AppData\Local\Programs\Python\Python314\;C:\Users\Anonymous\AppData\Local\Programs\Python\Launcher\;C:\Users\Anonymous\AppData\Local\Programs\Python\Python313\Scripts\;C:\Users\Anonymous\AppData\Local\Programs\Python\Python313\;C:\Users\Anonymous\AppData\Local\Microsoft\WindowsApps;C:\Users\Anonymous\AppData\Roaming\npm;C:\Users\Anonymous\AppData\Local\nvm;C:\nvm4w\nodejs;C:\Program Files\JetBrains\IntelliJ IDEA 2025.2\bin;C:\Users\Anonymous\AppData\Local\JetBrains\Toolbox\scripts;C:\Users\Anonymous\AppData\Local\Programs\Microsoft VS Code\bin;C:\Users\Anonymous\Documents\zip\apache-maven-3.9.16-bin\apache-maven-3.9.16\bin
USERNAME=Nomena
TERM=xterm
OS=Windows_NT
PROCESSOR_IDENTIFIER=Intel64 Family 6 Model 142 Stepping 10, GenuineIntel
TMP=C:\Users\ANONYM~1\AppData\Local\Temp
TEMP=C:\Users\ANONYM~1\AppData\Local\Temp




Periodic native trim disabled

---------------  S Y S T E M  ---------------

OS:
 Windows 11 , 64 bit Build 26100 (10.0.26100.9168)
OS uptime: 0 days 5:43 hours
Hyper-V role detected

CPU: total 8 (initial active 8) (4 cores per cpu, 2 threads per core) family 6 model 142 stepping 10 microcode 0xf0, cx8, cmov, fxsr, ht, mmx, 3dnowpref, sse, sse2, sse3, ssse3, sse4.1, sse4.2, popcnt, lzcnt, tsc, tscinvbit, avx, avx2, aes, erms, clmul, bmi1, bmi2, rtm, adx, fma, vzeroupper, clflush, clflushopt, hv, rdtscp, f16c
Processor Information for the first 8 processors :
  Max Mhz: 1896, Current Mhz: 1696, Mhz Limit: 1687

Memory: 4k page, system-wide physical 8066M (231M free)
TotalPageFile size 20169M (AvailPageFile size 164M)
current process WorkingSet (physical memory assigned to process): 392M, peak: 394M
current process commit charge ("private bytes"): 447M, peak: 450M

vm_info: OpenJDK 64-Bit Server VM (21.0.9+10-LTS) for windows-amd64 JRE (21.0.9+10-LTS), built on 2025-10-21T00:00:00Z by "admin" with unknown MS VC++:1942

END.
